ASV_ID,class
f050bcaa40f75cca8e88404e0bd17329,Conditionally rare/abundant
a37ad4352e460ab5fbdda3521da37d40,Conditionally rare/abundant
3cfb8e2c3d892ab495368a1b63e9451c,Conditionally rare/abundant
374513c9ebb1c9f4cd550ae4262cdd09,Conditionally rare/abundant
6b30330463cb2d87bb257e7452140753,Conditionally rare/abundant
6877fa0280d9d5426da4af4c1c6c4e7b,Conditionally rare/abundant
d00e2533ebb9336f3c4ba1a867a4d8b7,Conditionally rare/abundant
7616b3e3aacf7e71ab44db2df11f595c,Conditionally rare/abundant
d0ef80cc4a73585db2f8b8fb77612826,Conditionally rare/abundant
79126f6b1da939f9d4f5e1fb9cff39bc,Conditionally rare/abundant
4eb755bb9cdee3fafc68d02b35adc1a1,Conditionally rare/abundant
af976f6623822822f85c7a0de8d475b5,Conditionally rare/abundant
717c8d8bbddc19a97cd87d38a61c3c0d,Conditionally rare/abundant
d66ca27f8705e2f5196a48538dc08168,Conditionally rare/abundant
c4f4fee1359ae440f7cdd9fbbc5883b3,Conditionally rare/abundant
dfdc79dab9a3c4ced9b522ae43c2cae4,Conditionally rare/abundant
a5bcd27713333d5368eda2d76eb15b5e,Conditionally rare/abundant
2a20f9662bb071107a67059ddc9cedd5,Conditionally rare/abundant
85ff6b2ee9511f5e2bdb51a724339f60,Conditionally rare/abundant
107a2819a6c14562faacbea5a59bc936,Conditionally rare/abundant
7f51a0dc907abbce04627eeccabe6588,Conditionally rare/abundant
a1dd1bc02c2a1d4f23c307a4b46b80ef,Conditionally rare/abundant
6b18da700610770cd38eb44f0e0405de,Conditionally rare/abundant
5ea4a32e81c570ae719b0d191b5e22af,Conditionally rare/abundant
03363684877e83abe2ba710c1228d4ca,Conditionally rare/abundant
bd8784e47b2225d9479da6c34a550c13,Conditionally rare/abundant
73c0cebd5b505f65ac2686325e5ce7cf,Conditionally rare/abundant
1406ba15cda0aaf25d83c2d0a379f8ee,Conditionally rare/abundant
36a1a27a3babf445c7356945deda4cb4,Conditionally rare/abundant
af891600d6ee67ae634dec5f23568cbd,Conditionally rare/abundant
266580e741aa98e70e158eaa1dbd38da,Conditionally rare/abundant
ea1b3c11a97a0c62be7b608aa107bd83,Conditionally rare/abundant
3db6a652195120128c947749004fc5b7,Conditionally rare/abundant
dd300f757abb04761b2cd6aa2807f17f,Conditionally rare/abundant
dd1a6d234b3474e3c9a5122c4877f8df,Conditionally rare/abundant
892fe29198d342aa9887a48d6c55062b,Conditionally rare/abundant
de07b076618a5688ee11def59f9b5eba,Conditionally rare/abundant
50b6d0be18335065cd06477bc9961831,Conditionally rare/abundant
1df8b145b22f6be3f0ef57bfd34f5488,Conditionally rare/abundant
014fa07b58a0a1412e83788b1669e7d0,Conditionally rare/abundant
8dc5f789637b3594d6691eac7bc00fc6,Conditionally rare/abundant
ef5f7b6b8c48e7727e6635fb5ef2e2e1,Conditionally rare/abundant
6406eb3ba8ab239e9fd9e4bc9c0d5e7a,Conditionally rare/abundant
6bc502df981b7de29951dd15dcd66d35,Conditionally rare/abundant
cc87e3ce15c5f36feb75a11a95e2983d,Conditionally rare/abundant
7963450bb77e74dfdf0821f1ddfa363b,Conditionally rare/abundant
8a387abc80ab17a058739ed851fa345a,Conditionally rare/abundant
6bb0e69cccc7334c4496fae1419cd737,Conditionally rare/abundant
b7049e81c4740c25f575460544bbe67a,Conditionally rare/abundant
ee553daab46fe5bcbbe348990627d736,Conditionally rare/abundant
15f82d8447bd2c63a81ccdbdcae3db53,Conditionally rare/abundant
db10269afefad6fef6686f41a70d0eb4,Conditionally rare/abundant
0c07cfa75740e8b3ee135117a6566c0d,Conditionally rare/abundant
744df7dbb9c74b499b4f140490ec1238,Conditionally rare/abundant
b8ea1bb06bf2859e57558eed1a7ab677,Conditionally rare/abundant
2a3a46a488c4d3ebe08bb15630318a74,Conditionally rare/abundant
a7f88012306938b877fb7a46786123b7,Conditionally rare/abundant
b3fb3966defcb9c775a5efc0c75c8a57,Conditionally rare/abundant
13388e6d06578c7b46c29ccdcc1a92e3,Conditionally rare/abundant
913d2a3e8697aaffb7f8d2cb632d4b32,Conditionally rare/abundant
326973ed356357c500d5653bb811ab5b,Conditionally rare/abundant
27afb41e58df8220fafea6d3ad998bee,Conditionally rare/abundant
6cb88b327185418b5d0a6017b9e63074,Conditionally rare/abundant
76d585d4162f1054fbab7eba85e8c5b7,Conditionally rare/abundant
db46cf88a321c5cef6a617c132bd4b28,Conditionally rare/abundant
155d1576a78c98f207b2f4083400927a,Conditionally rare/abundant
bfb375fd9699f5958e21c3e3d67b92f2,Conditionally rare/abundant
f5d20b228db29fea65c479af66d4e93e,Conditionally rare/abundant
048b18a4f1ece34efda57d0468e467cc,Conditionally rare/abundant
5beedba7ab43e320d8ba86f1fcedeafd,Conditionally rare/abundant
44690c38dacc804748bf4e999db19a3e,Conditionally rare/abundant
d648a7836206070fc6b8d35d63200452,Conditionally rare/abundant
19dbf24f694c8fb3cc2e36f657388faf,Conditionally rare/abundant
eceb08eaabc2438c1f0a8ea48935f9d8,Conditionally rare/abundant
d6dba0a7a352699d1b08ad1fc3e5b027,Conditionally rare/abundant
fbf59b0151a5bc2b02f99cdb8038d209,Conditionally rare/abundant
dca5029304b7d431a77fea2a10e40ae3,Conditionally rare/abundant
b85c37d54d370f14f83a2f8d8dcb4788,Conditionally rare/abundant
a27b0e5cb84e7634089a0f1ac82e02ec,Conditionally rare/abundant
beb09d6d11e473fdd08dc14783ec4b20,Conditionally rare/abundant
842a80a2a54c0bce6b6a2a8fadea150e,Conditionally rare/abundant
f88c81c4d944979afcf4d7667b90bb4f,Conditionally rare/abundant
ab2c66ebd6b81b8b3792e21c42c20fd5,Conditionally rare/abundant
a5657a2fe7b3b48c0d18bdb6c8e32ce6,Conditionally rare/abundant
ef596109a6e4f8e00fb25b3197ddf18c,Conditionally rare/abundant
422311d84d3977d3e304e578650f6046,Conditionally rare/abundant
c4e836e6f70f7103c632193c41df7b78,Conditionally rare/abundant
f9d0defcfdaa0a7b36e613a16ba18722,Conditionally rare/abundant
5648583bb8daea3d6d2e67082fb1b3c3,Conditionally rare/abundant
f0596759a9c69fc8a5513feaada99a7c,Conditionally rare/abundant
a473b33a067ad08b0e893ac06d128eb8,Conditionally rare/abundant
8c00ef57a26101d72207bea48731ef29,Moderate
e3452cf5aefd550003f70b3a42406bcb,Conditionally rare/abundant
98a342e249a2e74fc7ac6466e84bb4d6,Conditionally rare/abundant
fd04e053e07e9ca2269252c445abdd31,Conditionally rare/abundant
85e370c555345b8bb3adce71d5f03642,Conditionally rare/abundant
73c15bb8278ae369a53310ebc3534b74,Conditionally rare/abundant
b4cdb00e1a202bef89e5cd36a9ed4209,Conditionally rare/abundant
0109d1f79f3b9091c233e18591d091df,Conditionally rare/abundant
f47efc3cc35712d3c5e54ca84f5a0977,Conditionally rare/abundant
c238effa8ded449421d0692d7ca5b40f,Conditionally rare/abundant
f0dd5cfb52a09a5e256a1c4e71140f79,Conditionally rare/abundant
28b3c00bc540bead8f631d96b7fa7ae1,Conditionally rare/abundant
09ea0db1f6562866d35f91203333f7bc,Conditionally rare/abundant
90ec2e7740d2e263c6961da211081cb3,Conditionally rare/abundant
fee1331c03c4d97c9e800d1afbd2f5d8,Conditionally rare/abundant
335ac3bf550f6ef138de1e13124d3ef1,Conditionally rare/abundant
6598931a77cb353d8d8be1810014b12b,Conditionally rare/abundant
433626bbc9fdfc7a79757e86c12be91c,Conditionally rare/abundant
1527b059a608483ce8b3180245215fb0,Conditionally rare/abundant
03f9ff970d26aa5afc9593703833463c,Conditionally rare/abundant
819cc784a8916798798b69157b946524,Conditionally rare/abundant
414f345cb16eb518b4c4c64471a756fa,Conditionally rare/abundant
edb46d058a1709a84fb16550c86fcb53,Conditionally rare/abundant
a20a257e53feb1baae0f54f47bf3ae5a,Conditionally rare/abundant
672f56f0f0ed8d0b29b8ec4def1d656c,Conditionally rare/abundant
40fa76b69cbdae42ec08016c02e11b33,Conditionally rare/abundant
939a136c49eb42d55cdea0c8aea575fd,Conditionally rare/abundant
a5d4223e9563e7bf36381643bf3e5579,Conditionally rare/abundant
2f0bba487a8b756de28b458078229f10,Conditionally rare/abundant
6ae3217fa251308fe5f2a2c2aa77d90b,Conditionally rare/abundant
a6b2adb8c2db928b6c243fca6feae7e1,Conditionally rare/abundant
2849df78af0e3021671bac5ddfae282b,Conditionally rare/abundant
9ceac86134e2a9ccd9594ef25fa0288b,Moderate
8f5f3f3e1d71086cfb83886d29587a75,Conditionally rare/abundant
7a76887049451c78fd433935110f3d59,Conditionally rare/abundant
743a6aa59ae4a17fbc73293afea7627f,Conditionally rare/abundant
3dfba9276234f0b7afa0850371d0485e,Conditionally rare/abundant
e135f9e735e591b07684ffa5e942c505,Conditionally rare/abundant
0c72c4d45db929c8d91d99ca055070e8,Conditionally rare/abundant
20aef4f26a2dfb8a63c531adfc0d6f22,Conditionally rare/abundant
f490416c0aa7794ce247c6e8c27f83e0,Moderate
000ac5d2362260f63a3fee87c48d8b63,Conditionally rare/abundant
b86bef2ed553c667c671ec5693b422b9,Conditionally rare/abundant
fc6d1cba53b37df9214f9e4a0adc0c7c,Conditionally rare/abundant
06741c56d42f1adde557acd629e8a338,Conditionally rare/abundant
c67ba5f1bc1abd221654349db02ad4fb,Conditionally rare/abundant
ae20c5c85b052d8926255d683900c3f7,Conditionally rare/abundant
c1467b797dea1ac9f4e249c9ae7c6614,Conditionally rare/abundant
60711968187f98f5f0d6c5d42d32cf37,Conditionally rare/abundant
693c64dcc4b0dc4df6ce7da3a2939786,Conditionally rare/abundant
8af03530768ce545a15d38d219efa3cb,Conditionally rare/abundant
9f744b93c5dee940fc049fe18278e22d,Conditionally rare/abundant
f516aaab5e75e39f19f1f53d63347ad2,Conditionally rare/abundant
43306e710e85693a00a203b293a55551,Conditionally rare/abundant
ca061d833a8de2667e4e30ccd59fc957,Conditionally rare/abundant
b4e7948fe715b51f17bc4d015f7cf13c,Conditionally rare/abundant
23acdfb49761825cf1622eb0e1361758,Moderate
90d91d8c9a11385e05d0fa8b342beeee,Moderate
6fd1b2d96688ddc70665a56504aee87d,Conditionally rare/abundant
408183d8ce137c167bc552766a357ebc,Moderate
7eeb987270fc220b24ebb5ff4303cc70,Conditionally rare/abundant
e1b1fc777cb70766e307c2e18bd3a26a,Conditionally rare/abundant
57e9b702cafb5ffb2a4f219ae3ea4435,Conditionally rare/abundant
306f22bc96e64cbf1c9d625eb797380d,Conditionally rare/abundant
8619a3eea7b1e476a7f4830d80451c94,Conditionally rare/abundant
b749c91c017c51c4f03fc54f6b8c42c5,Conditionally rare/abundant
abe1285cad1244ca1cc430a08c41108c,Conditionally rare/abundant
885c9ed479181840ffe3699330060910,Conditionally rare/abundant
ff5f92fc32b6c5776930360f6dfa0abe,Conditionally rare/abundant
6170f16a441499cf0699bcb2428919e4,Conditionally rare/abundant
7394d28da8e942358cf4afeccbd5f212,Moderate
3edc2acebe7d305d18f1adeb65b61e6e,Conditionally rare/abundant
db8da2dfe30368ebc2dae87436346e39,Moderate
63d8206ed6b10e1999828f4837523179,Conditionally rare/abundant
d5130d8b8d12434df10498dc72e80312,Moderate
75f23b719185f2f63d8de87e1dbdf2b6,Conditionally rare/abundant
06d96fc582589d20c6f4cff2dd032f44,Conditionally rare/abundant
c8c2491fde90ac0a003c96dc38f97545,Conditionally rare/abundant
e330361b2c3f2d9ee3b378a2cfff1829,Conditionally rare/abundant
13244c23628bb4f610f9fc2eabdef627,Conditionally rare/abundant
3b2fd829d9299667dd6b122eebc6dc14,Conditionally rare/abundant
8e928d1d3a1498b8661ceb103cb32306,Moderate
5f720d44a1006e7b11221183c39d0262,Conditionally rare/abundant
73ccb70b822f03f8207801f717ddca69,Conditionally rare/abundant
e1ea4b47167c520e53a8c508371ebf02,Moderate
76f837ed82e674c0308703b892423254,Moderate
e4e6e6f7ce1601a969831814b4ecd0f0,Conditionally rare/abundant
871196a60632aebe4bc165d5a8c1703d,Conditionally rare/abundant
f8e551169f233051963945ff3d4ef8cb,Conditionally rare/abundant
65da38f35a56bfd32c8db2173c7ceae4,Conditionally rare/abundant
07b0ff2c9d3bbc60ec469a6ba6eb7c11,Conditionally rare/abundant
c764cc9eb83048c6eadc8192dcfd4adf,Moderate
289251395357b101e324d8e4ef0e2b01,Conditionally rare/abundant
92dbc72f4115ad4dedbf7dadf3534f89,Conditionally rare/abundant
307ee0522e1ea93712dfd6684d8462a1,Moderate
250990424eac8072e01c929b6b4037ce,Moderate
82a46ebdafbb12ad91d85124598bf634,Conditionally rare/abundant
b5567d3d18679c570abfe359450b7b99,Conditionally rare/abundant
83ff054263174196e01c9a789e0ff00a,Conditionally rare/abundant
8378abaf465a759253478d849680c54c,Moderate
9a2defe47fff2eb1aac68c6f61afa149,Moderate
ca82287b65dcb76b7f176db7cc68582f,Conditionally rare/abundant
68c8a86d075c95a17ef6164742fe25c2,Conditionally rare/abundant
f2f3e4cf44560a3779bfe89bcdb86465,Conditionally rare/abundant
eb4709cab08bbddae89a1c5da6122b13,Moderate
19ac6d837918529e4b2ed3c9e6de4b73,Moderate
3cb8c3db3c2b28d0d147e6e752ddffdb,Moderate
e1559201314da9633fc9c9e419699fd2,Conditionally rare/abundant
801af1d91c5209e84ed2a69344fb3795,Conditionally rare/abundant
730d1c3c2b6834b1d97fd5a2d039f5ef,Moderate
ee75fc94addb262ab4f3b2e8491a2947,Conditionally rare/abundant
a826a8be5f1d5fe692af6d970536a28b,Conditionally rare/abundant
e165cb3c4699d4ddc075197b5868a3a0,Conditionally rare/abundant
a78da3937972d0e53a9b0d4e630b6872,Moderate
4d62fcfbcf61b5a6a239840b83da2444,Conditionally rare/abundant
bebf27de5b6e7369556d12d56a008647,Conditionally rare/abundant
89db201c2dee84a5bbaff2ad31cd10d9,Conditionally rare/abundant
aaf478c706afaa7f7b95f99c94bf8632,Moderate
789fdf6fe7b642b811edda3bd5f49307,Conditionally rare/abundant
ae84ae272e434a519f3ccebf19a529ca,Conditionally rare/abundant
1b56bcd44a228296d8685c06ade5be9d,Moderate
5a62b6eef3cbfc55ac85485ae538ea14,Conditionally rare/abundant
c1f37052c9f59b5fcd1a0365a93a0c99,Conditionally rare/abundant
aa0b4b0364775a1b8e5823bc188df9c0,Conditionally rare/abundant
8182866048f4b0a69b9d68725b1a6fd7,Conditionally rare/abundant
e03304605d590d0a17ca35f02e127434,Moderate
5e5150d10002efe4e62ddb60d66d149b,Conditionally rare/abundant
ba0af97d309ea6bb9fb55f049a07a385,Conditionally rare/abundant
b020a2f5ed9a19e73f7cf2145c5459f9,Moderate
80112eafc66065f8221aae35906b10ca,Conditionally rare/abundant
7c1a7aaa9c1a9024e31a225cf9693f7d,Moderate
4e3d25337c5819e79772a46a3eca42c0,Conditionally rare/abundant
7f5d9106cd30bf8c4233f0d00aaacf19,Moderate
f303d7bc00220b36e6fc7904371899ad,Moderate
ea380858cb13c6236d87b8dd5b16fbfa,Moderate
8dcfb2557a5fee38a8b7bf3177fca997,Conditionally rare/abundant
4e5fea9c0f8d335007c101608421548d,Moderate
45c7c16615ffd563c1790e6fa7aa4ea9,Moderate
5d75eb50ad0a37d22de06703417e1692,Conditionally rare/abundant
8b19fb4ba0a50fc98daf567522337e2f,Conditionally rare/abundant
550a713256e81c2fbb9ecf216291ed81,Moderate
67e2817235f3b752bad72c2c56fa0151,Moderate
872c6754ee8b31d0a5415a71385305d0,Moderate
ceecee0d924e9fdf9d450cbe50cf4908,Moderate
30002c042f35b7bc13c4e49a051eca86,Conditionally rare/abundant
fc2904ba34e202a01a41718bc07a7cd9,Moderate
fe4e4c7f594ab786a77190dd59f4454f,Moderate
3a3792a6f93e7c80b7b2e78d4a94d3a0,Moderate
fc33c6258c8d4fb4a67abdd8215b7651,Conditionally rare/abundant
eb7250ba4f2ccc5dc5b2173631a75c71,Moderate
6fa69fc1e52fda0ae6219cedaf3bcb03,Moderate
09296c78667f5c79ec36f9bbc74975df,Conditionally rare/abundant
db1e8809e85b413c1d69f1981ebcaabf,Moderate
007b20e8cf0a70e1b22b3c1566ea0940,Moderate
099cae6e35b4163ddac60d440f8e162e,Moderate
b38bdb55e6fa59bae859b16fda30240f,Moderate
f9ec09c59181190e7b247510308c7364,Conditionally rare/abundant
335daa175b3c67629c105148e7176790,Conditionally rare/abundant
da3233c5c93bb2c822a14becebca2958,Conditionally rare/abundant
9726fa10c220515233ce1aa436f21d39,Moderate
3ba6731d499ff0b9e2c370bbaeebced5,Moderate
86da3de424a37d535266b7ad73d40b92,Moderate
a0439c3d9f4601eb1dd4b054ec4f432d,Moderate
fa653d57bcf3b129ca62c5ff291ace32,Conditionally rare/abundant
47903bd5e5d1a6b722b78ed1a231a973,Moderate
92f0e481a4f9f60a5d8b77f6fd3966f3,Moderate
f51d41bd35ce5a290ebaa5d2eeed0630,Conditionally rare/abundant
297f15cca19880963e90cac1c3f82869,Moderate
2e64786db24bd2e01504d0c49a2a2d30,Moderate
441c2969c89c45078e7e08ff7dc7d334,Moderate
e82106f1a06e4ff14dedad1d4832dad2,Moderate
66882136988c3e2beb0babf557d469b9,Moderate
51abd82c76c9620d97f82d8b49b4becb,Conditionally rare/abundant
a438b122367f2fee8786bc725e92e753,Conditionally rare/abundant
9c0ad510be733904b42ec91b7d870723,Conditionally rare/abundant
7d63588acb22bd4350e32c3438b6e037,Moderate
07557c955d8e0dd254aff0efd58b5e42,Moderate
33b286130bc8e51255c5d0fa5586c275,Moderate
7ae9a4e853bb19dc0f8ce7623d17b7ce,Moderate
7fd0def450eae3950a0bbc5625d20642,Moderate
50a3aa95448852f24aa15ff475af6766,Moderate
43375e00787a6d210e10ea51784d6929,Moderate
48ab730944bbce02020e67aba64bc0c0,Conditionally rare/abundant
a368eb58efe3ba4ac42744f651f6adf4,Moderate
30c666f9da527c0f28631bd5c786da9b,Moderate
bac48e17fc615714cdb4ab6a2ac3227b,Conditionally rare/abundant
9fafb0365ac51b384c9d6e4214e1abb7,Moderate
794ffe8da1334302c3397fb64f192eae,Moderate
8335bca7d97d0db97c98ef9e3012e831,Conditionally rare/abundant
71673c708b2c41bbb7633de2b8f73078,Moderate
3b19173dfb8aea8793e7d839f325cac5,Moderate
3d8c4860cc0c38857376307799fd4a7f,Moderate
c17d7f6565c119e19f4d4524b564c2cb,Moderate
60d46704dd7abaa1b354647dbde7d9a6,Moderate
0fc5d4c3b3a47ea8dd258e5d6b3107f1,Conditionally rare/abundant
963b751c35a0360109fbca925775749b,Moderate
b3f9445800a07c3ab7715320c5a66e29,Conditionally rare/abundant
195fdfc3f8b6fac46dfd5d65080d1a70,Moderate
c0d4dd97d7c83ce35855741b0fa66d13,Moderate
b373ffbdf7582b661ad9e789c1681d15,Moderate
7226f99f2d9cb8de4e98f0d0c3cd64b4,Moderate
ccfe89c3978f459a233a79b2fb9c8c8c,Moderate
f532bb017984f277065e80c2b5515c5a,Moderate
365dc81b1aeae6233de2acaa2c9b83fa,Moderate
02b0264141ebabcef33d4fb1c62b9f60,Conditionally rare/abundant
943819af27d2c0aa79eb2d85f4b673d3,Moderate
c0aa5cb88154b200fa6852be86b1268e,Conditionally rare/abundant
cf73c77bade5a1570cad7eec2acc33a3,Moderate
1cf28b8af1c0d0e493da2032934a6c35,Moderate
fb9b71a360f2a59570d51baa2ca31ca5,Moderate
fa840787629bdc47a7c5b21d0cc10905,Moderate
a17238b4af02483cb8fbc99c8dacab81,Moderate
ef765683b64e378beb11e9a10fe724ab,Moderate
c56f27ce4eecea62c0959a66584d0b49,Moderate
d811e133a1b0a33e2da17dfcc2d6d4ea,Moderate
424af6ceb4e97df120de0cc78fc503a7,Conditionally rare/abundant
8228fc8e30ffedbe118c31329c9b1385,Moderate
7f5f55e926407b23963e9a7218886a97,Conditionally rare/abundant
7bf12fc3eb68d50b13152bfdefb4df64,Moderate
00bd9f7dfbf5f7befc5223ea7fdfd05b,Moderate
bea64887b7691e0f028fec8b7ad28eb8,Conditionally rare/abundant
570687eb2c38003ee7f8dc500f46b95c,Conditionally rare/abundant
f4a3982a633523aad3dff445b09fbaf2,Moderate
6062a147f88ea83451ebf11e1bb7f42d,Moderate
3cf86204c26501307090bf98f63086c9,Moderate
c99dc6f7d46f225b9dacefe9bd7a5cc4,Conditionally rare/abundant
009ce366449823e1e14a86f840b831e7,Moderate
d8d7c60782f2b6ba822baa40e465cbee,Moderate
90c7ddf341d47f39f0309be82383a0a3,Moderate
6d2b68b4eabb58e0a94d341bdadcad71,Moderate
edaab83feb4a40805f854ce7809a7b17,Conditionally rare/abundant
4a893403a19d74fd8fd5274ddc213e62,Moderate
f20ee0476907e79b2ad4fa86065bf5cc,Moderate
efb8632676a0d23d5379ab665282332e,Moderate
0dc82ff5a69f48ee79243d8dbc888985,Conditionally rare/abundant
57e3ab2e443b822096ce477df3348f1c,Moderate
0da7aa6699eff54455536b109021ca95,Moderate
8670433981750498a1fe0157ce742c08,Moderate
07e292501866fc92bcab9b343898ee95,Moderate
063a329da14520926b79cc8082dfc06c,Abundant
65c579e8d5c6f48bef77c46332ccd4cd,Moderate
1f0d881a25952d37f4fb152936593426,Moderate
a74fa3e7f7f556405d60c51ff4d8e4b3,Moderate
9ec28e55da3077de68631e509481cf92,Moderate
605f344bd1b1ded01385113e40ec9595,Moderate
5e5868a945593f886974e8b8ed0a1eec,Moderate
9454e3c92008f0887a59f4ab6a09bd37,Conditionally rare/abundant
7d77318ce47b86891fe5458a49471ac2,Moderate
071b1e71721d5a609f44fd0773aae9bc,Moderate
8d59d4ff5e2b1e048153aa30630cc5c6,Moderate
6f2ff6afd4c0699c986c3fc77dc95673,Moderate
9c175eca50ab06f1acbc74976bebe65b,Moderate
bb0c45d7cb9f00b72da9226b46d0fd79,Conditionally rare/abundant
6412e1528d021f932024a0422d137184,Moderate
19afccb82cb5328726fe69fd48323d2f,Moderate
6afb7b40919c286ba29dd33977bcdbe5,Moderate
f21a45e15d86815b5e613acaafa6a71b,Moderate
4f0a52f52b1fe02975985abeaf938f9f,Moderate
3904a50bea5b6f800dff6bbc4fc247ad,Moderate
9d7e56a3aa524f0a23981b95f082555d,Moderate
2b7c56a9d9d0e3e604db2a137a1231bc,Moderate
22a1cd65473e459901e284c207d55cfa,Moderate
d413a7e66304b98c8b7112f4555d439c,Conditionally rare/abundant
13de7cd83681f845644c72df348833ab,Moderate
763a21ba00c8e232283cb4f3079ba04b,Moderate
7c04188de58ef140877e82ec89036d6c,Moderate
d89c9350daeeaa8c49c2bab401ef93df,Moderate
0f858572ac495ac6d01cc4474b3b0fd6,Moderate
488f52f054f1830dea3c72a4634225d1,Moderate
fa720ea37a3e303a3a83894e07134381,Moderate
a17f761e5c772b0da899b78b06695c2f,Moderate
2bde71caa1cbdd140c4ca0865754e7ff,Moderate
3c569865a6a4c5a44755c19b6644f9c1,Moderate
70dd993aa7f1f9cc7a1a0ea3790b4d4a,Moderate
2698d64f9d270ecd50ca425fbd0a05bb,Moderate
b1b5817abae811182aa1d530c67456b5,Moderate
98218aa36292fa3de47e732a60f47bc6,Moderate
025a56f17a9f4a70d256e3f4816a4a2a,Moderate
4cd16427609d8c0c07c1b982aeb6f5ac,Moderate
c37e80a13a592d000c1d6ab87a369865,Moderate
91d51ad9bb95af459a786f16b29b25c2,Moderate
de2aaa9dab1358fd23b45ff243086b3f,Moderate
4ad3d8d7d35cb7ddc3bdac78b467cf99,Conditionally rare/abundant
6543fcc5ca007ac1cb4c88fe91454d13,Conditionally rare/abundant
563d60bde7037db129911dc622451c55,Moderate
2c8757da63c5061ae4c63d266719d2be,Moderate
2933bc32a9dcea24ba619657b620ca89,Moderate
81c4279d15e1143d7e1a4db4b49cfc30,Moderate
0e3cd69943fe7d6136a1c654acb365e7,Moderate
2eaa758aad367306952dc9a7ccbe00dd,Moderate
a3a7b34248f8859487903646027fb6cc,Moderate
017db9366e54b434d86b78ae4b8214fb,Moderate
68d4f2bb039fcf85a7929bef1395ad9e,Conditionally rare/abundant
8e2b15edd0c0799f21d431510de52bbc,Moderate
de27992973815814661de1dafeaa046e,Moderate
aeb4d21dc6acc167a4343fd643094434,Moderate
deb2588f1caf46acb3724d38dbcac85b,Moderate
a4355c49e4df47fb621bbd53c925b266,Moderate
b7fa3bbb00b64dc1a62dcecc0c2ad847,Moderate
118036f9d2efc239e856767cac82277c,Conditionally rare/abundant
1b20a219d077931093f8f4e1f837ff7b,Moderate
55e9d68466ed9f75850521339ef05d66,Moderate
92174c2d588f2c83a7af183a91229f22,Conditionally rare/abundant
6826e5619fbb6472d8f1cc73eb13cf67,Moderate
10df30fc45ac15efeed05c207a03e057,Moderate
37b8e7fa0f5e070e487c64d4da94792c,Moderate
21ed836fc2ec0945c1a5516718ba797a,Conditionally rare/abundant
fc8382015b29fb2aead548f96124c0c6,Moderate
a52e056b9600bf5e3855c29a13717bda,Conditionally rare/abundant
076f3b55b580af8e384e4253d022968b,Moderate
ad4389a97cb1fd25c85715cb91a439ab,Conditionally rare/abundant
b0394cbd6a41b628a831e77edb41f422,Conditionally rare/abundant
20b1742611c50fe435acde0f41fab5e7,Moderate
2d2ccbca8c2aa9997f743a4f4c740604,Moderate
bf2cd289e0b6c72b17390e398b92be8b,Moderate
2ab45b23a9fa173af88af9a91551a704,Moderate
52dadf3912922c1c256d347cd7b0f12d,Moderate
45e2e010b3f32eb73e8832d598837dce,Conditionally rare/abundant
55873cff1d3f731e6749550bc7a83982,Moderate
60d130c3af9a62f0f78db0b6eb0d39a1,Moderate
6dd06c1cfd57a7b177773344e00e782e,Moderate
7228b3cc82a89655426d3a9b85c1c46a,Moderate
c4fc4cbbc521c0a13f0615c156738efe,Moderate
d5851980b5b51fceb25094065bfc3ad3,Moderate
da57602d7f98253bc5f0754a58299de8,Moderate
6900878a525599a820c885864e6208a9,Moderate
aee7efe66fbcfb1de57c25499c6b45a7,Conditionally rare/abundant
504406273cbcf89b4ef78c3ecce00a22,Moderate
e02c5384cb7775bda2be62681ad190e0,Moderate
70dc4b7ba2e99b2044931770dc9def84,Moderate
d075e640b9bb31629ce25f38b070e16a,Moderate
5e8d89616b2dbf7e5f08aedb083c6fdd,Moderate
d7206aac56f18f18e0ce208c86054374,Moderate
3a675c47e4b72d6b12b0833efdb3491f,Moderate
29ed2b84cf4c28dd48eee8a84217dc3d,Moderate
8571c657f7d66d5052387b76cacbc495,Moderate
56c0e7e88c195ab89e96459b7ed21d77,Moderate
115c16b6441f2e7ed4e50596a463eb94,Moderate
2e12fac949a1290946501efbaab0b62d,Moderate
3fcfb335aa5ffd2f7af26a77c822cbc0,Moderate
d1c8d9f32f2b508ff1305a6decca7e96,Moderate
7da2d1dec47b5fc7fe554c74ce877a40,Moderate
549dd6b2ad88123e2326c714bd38f330,Moderate
2a5eaa3798c76ae605e0c8c81d0c44dd,Moderate
e962203d6a1f291ea4301c91234eb698,Moderate
8437f271e1c8efa72f9dd2d51a45c85f,Conditionally rare/abundant
27599b227d2ff7791c36ee1620022cd8,Moderate
ed574716960f4bc6512e77b7a1858321,Moderate
9273f8512b1f18cb468d2fd5f3864df3,Conditionally rare/abundant
e98d1a0251df5ab3e07000b6f4ad2a5b,Conditionally rare/abundant
e6f235903ca43a9e41bf12f995de0ac5,Moderate
c9216ac3bf9a2f3e40bec2802687bd48,Moderate
bb30e4f03c71d4601f2cfb8b4cbf92b6,Moderate
975c90701a17b8573c1693c9b4783b6b,Moderate
0ecd6113701437c7ca9288e800591990,Moderate
9d0204123ead257750c76335cd53965a,Moderate
5e746c1223d1d528951cfef4fb0d6866,Moderate
fb2c450d24a393387648d4ff9d6ee547,Moderate
d3d04bcf66e13c3933ee3754e1438cc7,Moderate
09aab5776e1048011725992aca46a5aa,Conditionally rare/abundant
d5a840a6c04bfb32631b02bea168aab6,Moderate
7226fb517d8063b8c99f5c191dda117e,Moderate
34750672bf452601e903b39b90ff318d,Moderate
c18021a8cab9f8131c00a9567c4ef831,Moderate
4eba756ef7db9111113ea19819c5b131,Moderate
ea1400b122ea777d68e6daeb31108b44,Moderate
50f48c6a2bab3e2a7aee6c4a589b10f0,Moderate
4bb00d329cb20b9dc464ddd9e9c34211,Moderate
2599cbef7b6ad3fb9098e295466554c9,Moderate
7f8375a88fc957c1e5fd2dbc2daa9d6d,Moderate
14c12bff9bdbfbb092f124232b0eade2,Moderate
dd868c6d7e45d357c313c311aba98746,Moderate
94a159e1fcffdec57247f3995909c0f3,Moderate
fcca2fedf122d69839f59ca5c5e871cd,Moderate
b6f86b454c5b9ed904bab720a6272710,Moderate
9eee90412abbffbfc35580e6a1c54ee1,Moderate
58a6ed7e177777ae4dbde063b56af846,Moderate
81ad9e372bfb91839c146c5db58b53ea,Moderate
b4c309cbd3b41f6c72031dcf34da9bd1,Moderate
8a38295e9c650c144572067437a9b69d,Moderate
cd1c1ad0db3b28fe65c361ade8f88ddd,Moderate
6d1c9b3683b2435a18f9607860cee255,Moderate
4647927d77f09c0bd52aa13607f7b979,Moderate
8b80e22adf632a53633288efff8657c1,Moderate
0f6225a5efc98e231440e92fb2edfe09,Moderate
5ef406e7727c665ca643d91b6afa9f33,Moderate
a81cfe065fe4f031c51f01c2e4b30394,Moderate
a6bcbd6464678365e5806295fb877776,Moderate
0d7a303c89ace7992b86b27c2141cbb4,Moderate
dcda864b2e892c480843b798af3c619c,Moderate
104b8aa15d255cdb25df755f4cc961ac,Moderate
b03f9d22a9b16b2740b2d2e5634d926d,Conditionally rare/abundant
e30dbc013cc56709c139f7688b88dc7f,Moderate
bd71896f55eb8723b43e0239076a948e,Moderate
51d892828a2258d506d8ed86c7ebf82f,Moderate
cb52151511c2e2bb482227d1d8081875,Moderate
b4a5b8d3f5f21d4e04eccc554f8e3443,Moderate
11dd6baa6a1effc572bfb524eab2a264,Moderate
4906e163ea619ba1067defc155207091,Conditionally rare/abundant
1756d9cb0aabb22c49b9f83f168610de,Moderate
096903ba1a14f5835cd9f6dcbe00d2ea,Moderate
3dd1ad30c07cb4cf53a0ea1a6a5e44fe,Moderate
6e16504bf5d675baa71b800fa514a0d9,Moderate
7ea02da500ce6eeb43996569a87cb941,Moderate
f7221d1242f97da4330ac0979e1d309d,Moderate
df43f2f9a2ca4f3f0cc445cfb2a3685b,Moderate
8aa97315b41a3b4b5b6b38b94535cd39,Moderate
b76bbea45005c1ec6a48d142919ec90d,Moderate
c0a445d61e865e3d9821149ec5e18385,Moderate
99f3be358604817bdbfc2a505dbad0ae,Moderate
02c47c5edbb658480441035762be6e82,Moderate
b89319d15ecab20353355f5daa35c070,Moderate
99f3db973924f138e0a675903a12e5c5,Moderate
b58002d4c0c3780141d5eac0cd81b905,Moderate
e61340369436df8d8a489a5447952c87,Moderate
e54f19667b9a0cf996c2cf9b843272ff,Moderate
07fa30c64baf58ff69dab0558b1527b2,Moderate
a1cc9a8e029e69322527084f8980fa3b,Moderate
788c3055c9a2b0f4d745e5aaf5424e9e,Moderate
5d6b850127f24ec34b483433a7ba13f7,Moderate
991916988c47b3498f428ed2d8a0bf46,Moderate
6c936bce94dcb44999a2e7817e0957d8,Moderate
6a1e1416c3bf8c20e43fb31eba665cf7,Moderate
ff69eab71639463a9253a2216563f62d,Moderate
e4230f7766788d0d59094af19b012710,Moderate
8b51146d343837028db8b0671616b0e2,Moderate
7df88e49c3ca3e4253a0c270e6cebfa9,Moderate
64904b5aa3c6ee1d7d37a78dda249c00,Moderate
bf8c30aea2fd71103167e53b1775e970,Moderate
aafce8fd8fd9eeeccee64c379849c43d,Moderate
231ff0cdfd2010df62103173e20d5175,Moderate
31e7a1e7306ff6cd8ef75f0c2464abe1,Moderate
8ac962bb89654ceb8ef4b9d026f395e6,Moderate
b6fc6214c68c5bcc8102e37550717397,Moderate
ab2de12a58924bcdcb60ba2b05851699,Moderate
60c482fe4f1c05f6522332bb90124cf2,Moderate
1e3cfc006e0fe671030d206a24732358,Moderate
57249c91bbaf345383b9723e26575981,Moderate
127650bbe39f3c8f8d6d2e0c9838d788,Moderate
b5c4e291eaa77a429f22640432447844,Conditionally rare/abundant
9068cb38d8cc38834487f10827421cfd,Moderate
7950540389fe15cb99c060e64c2ceaa6,Moderate
24e43fb550effe18ceefb939eaf80963,Moderate
b879e686d35f21aa368832920ed0ec42,Moderate
b5972fb9bebd021e9682f63f160353c3,Conditionally rare/abundant
c2f478acfb23ae3ab70e29d7e6c92d8a,Moderate
4f509ad661dd0fb669592cc6bca984cc,Moderate
f51a5376773dead3ebee43a422d85105,Conditionally rare/abundant
0a9354be052f7ce6f02ad28aad40ab00,Moderate
3460a8ebc9ce39167e37b833e2d007bb,Moderate
cad76e23d97ad942e77c5c2da4e8bc55,Moderate
63d39426f0a93ac5b583c56f98e4a677,Moderate
4fbe0d13a1c25a91b7983c80805e22b0,Moderate
16521e45e80c009ad782a75acdd5ae03,Moderate
1a1416b9c71d26ede56b7b50d92c8364,Moderate
73e767e9ca8e450965579990ef6cc897,Moderate
0b638d96ed23c3deb1381f0af40b85b8,Moderate
829ff9d8e0c4977b6316885f99e81148,Moderate
716d9eb7fe3fca63ad557bfe0e5d9b31,Moderate
48d0f2076c81bebbf5cdfc03c9f553c5,Moderate
9bbbaded4546f16a9bb110a8d5509341,Moderate
208ce832ab426f1bdff72a50b2dec467,Moderate
bdcdbfccaf912573e7f10573823f75d3,Moderate
34e0b8f9a40fbde90c0a7dcabbf9f273,Moderate
4110b386b23796b24454fce2d9d501d7,Moderate
bc1737c2bc415627688b935f37b62fa0,Moderate
fc58589117ccd8a50d378bcbea7574c4,Moderate
84c6401612b30eec2b5fb47b845ebdb5,Moderate
788d6a862e38da279182b12555853a74,Moderate
59500bdf12718ba515a8389c54107adc,Moderate
ac44cb72520323664cdb47c674e2e7b1,Moderate
a681213c341c6e80d50588b5df1e85f3,Moderate
66657fbad3d89f785bba2d1adfd17b0c,Moderate
37563846faae02edc1c1dd8a0cdfeb32,Moderate
77871409e3c6f8586742dc6676fd9483,Moderate
3889f71df35b3c2e7eb8cad6545ee306,Moderate
3c819b610d8fcf54c82316ab780a9579,Moderate
6222fed638216479761abec3f19e2503,Moderate
0169a1d24d0018b665c6350a47c40501,Moderate
7faf88a869a770e2539af96381914e31,Moderate
11dcbec572e31b650cf8b489ad954a13,Moderate
89001dcc26911ad2275944c59fd5c1f7,Moderate
026804d681cda951de5b6a4414c2249d,Moderate
807ee98897edd198aea2379d8b375838,Moderate
1f672cf2bd842f07315512bbb3560b28,Moderate
601cfefd566e446c04caa7f4ecaa1036,Moderate
5b76a09f7b8113bfb8d54a5702a66a2b,Moderate
0678ea6ebf8975ae31c907cb1ad145ec,Moderate
acb20572cc2b5d6322995c9b49e6d1bc,Moderate
c980f98f111ff155ac7d926b60685988,Conditionally rare/abundant
b95c5e5d8a3585a9bb47c3632e269b34,Moderate
423b4dc51b328cc27666cb06e6c33828,Moderate
ecc201d561a755885eff642489cdaa61,Moderate
bf583d6cd9c26deecb7bba97c4eb64cc,Moderate
365feb1d8fd7aa665b0dfc1801bbb21e,Moderate
12696c7bf3940f7d6105964143375ec1,Moderate
0f1ddb23de2bb015a1879f0a41d13148,Moderate
80a6d35e23b891e5e0bfd76f00038784,Moderate
a82ae21cbc2b90b39c6153ddc5d60c16,Moderate
10ee468f47232fff89d7e006ca5a7e1e,Moderate
fafa6864f817c071a4928c798e982cf2,Moderate
a59a2ef23921b1b757907ba4bbf1f3b8,Moderate
ff5f3ee96878d92ab7fe31cfc9cc7076,Moderate
5d49cd8b4435a735d620d0827eaa8820,Moderate
1b11930273f3006bb26530bfd80b0d08,Moderate
10bf90dc0d0f67b45cbd8488b2e0ca2c,Moderate
63d101bbb24a523ff1f2f90edeb542e1,Moderate
cb8699720dc0466811f42f6d22569e83,Moderate
69b194966db90d7b9d4cdedcb27c3b55,Moderate
1d9400a8bee675867e7dcfb227c796aa,Moderate
70eeedb27ce57de5eaaa57f1d1775e82,Moderate
1370306d950723d925b0a4bca595473f,Moderate
2ae339c1202f5f720a7530abb73ab08c,Moderate
748c09d2bad0920161f15a0d6b7c2fe4,Moderate
2b4bdaded9bb4246d1cc538d40fc5adb,Moderate
67101b98eda227d88a2f5c5b0847bd8d,Moderate
daf2dda5b69d37666bd71768f39402c0,Moderate
126ae49a8026c7e52261775812fee06e,Moderate
6714f09ce2c06a9bbfb1433e9193a8a4,Moderate
0c7bd46f93c7545ef96c2b7dc8f26f8e,Moderate
e2a27d8a12e499cde2ccca4de69a882f,Moderate
be7e2ad15d2dfb5709feeb2f979430b7,Moderate
e469c36e2b4473e057eb49b5a6d77bab,Moderate
b14f80bd462286eceb7a77498c92abd7,Moderate
537cfa8f94576211cae5e1e81ef499ba,Moderate
7be451dfed5e179e11968c7d939ea05c,Moderate
5e6ba76a89d5319c3c302d500dc14bd4,Moderate
8dff9b2f2dd392a9f151fc30ff968c32,Moderate
79782a1b0b388a1d82760dec08d97a9c,Moderate
531124b2d75cc5597a01841e9b6a5267,Moderate
03dbe9e1e2e6a7937a097ea409d049a9,Moderate
eff495dc6c56c21faa5853c02d865ca8,Moderate
f6a11072cf6c87808afa800e1cef0921,Moderate
b68a54d763c4e1d304bd83744b80834f,Moderate
c3e3db92510330a7b5bd0585bf2fa7c2,Moderate
00d0577d1cfbdf49bbf76cff93b2ff12,Moderate
edb01128f144f34aa792f48d8c970905,Moderate
b8131d4171829be555c6b60f89f9fc2d,Moderate
a4c86c4017ca41a63dad09ab66eadcbd,Moderate
c3abd0ef50f6b220bbf5ab73864229c8,Moderate
cb9aaffcc5ef82ff0d1d1c40e268afe1,Moderate
e8f5717be2eac473e85bca07a72f4a81,Moderate
2a75e3a698be28a228bf1ab1e317b8d1,Moderate
56bed938e97608b63b3d891a1fd4fb60,Moderate
e16f7952d16193c325d40f5879ab9e82,Moderate
92b5a759dde6c40caeb73201847ecfe6,Moderate
b076938cea6009c088f86df100e5deca,Moderate
d9d3fb1bf24c7aad701d8679d69962d4,Moderate
1ed5fbda4995ad2f85642dc2480b2c25,Moderate
6728adc60091bc8b32f9e20b093e9036,Moderate
addc9a2fa8a55cc020ac1b715f21c94e,Moderate
16e4d07c2dc69641005b3c043880c00d,Moderate
e92e918e507c400c94b1b3e7c9aa9a1e,Conditionally rare/abundant
0d439fcb88ad29d17d4d4f585a26c3d9,Moderate
272c003e2614e88846cb3ea8a7df4fcb,Moderate
dd0eac525d914321ea6ec90b5f8fde29,Moderate
7858755026e67086645c582b5954d6ce,Moderate
fe15698c86ed42f90fd1bb9d2d6d0b2f,Moderate
7433fe174d65aed2ddcb9463b86864f0,Moderate
d09a575e9dee992a04c1b975fdd33850,Moderate
d96650d0f02ce178e954dae04761fab4,Moderate
fe93f8acefb1746e28c32b426f6dbeeb,Moderate
a3f23ed7e791b57657a973a8102e1133,Moderate
69ca77a3b63adef4c9e04ff3fcbb437f,Moderate
31987bc31f9a506523a234ce6647547d,Moderate
11789e9b72576c672bc7acc2cc9aa442,Moderate
944356da43fa56b5ef5365077fcf1588,Moderate
70bd8f77759569f12a3791494efdf5f8,Moderate
ca770effd08e1e0b0cd9676a05939683,Moderate
d2d6a842b59f2b1ae84ce199066dac1c,Moderate
b5a2469d5225097505aad3571055e28e,Moderate
f5ce72698fde177208f3e8372195a95b,Moderate
4bdaf5f2c364bf1ecb3d4ed2747004ba,Moderate
3ffbb75ec5e2cb404fbc3c6f29eadaf1,Moderate
4cffff112b25dd90a8442775369a04c8,Moderate
63fa09402b83f973d45cb4a6ecc5b5e2,Moderate
b54f071722048f4a55d2107b6042a9ee,Moderate
fb7fc3f6b0a22c308773dee498bfe1ac,Moderate
89187d672e85e42d18ed8e29a05fb245,Moderate
efffba24a4a1bfbd91e7726774e32f97,Moderate
ac4d28b73c2d1f20e79962406c341916,Moderate
c964f52f51c535e03ad9e67c4a75dd0b,Moderate
44c88e4f860bd5fa835b495e830b656a,Moderate
1f2e5a42bb676de8041fc073abe44e07,Moderate
4a6d111c6b68ae8e5a3148f0a76b1632,Moderate
bca28d54a002432924eca0f8ec7ee2a2,Moderate
5db477266862d41cd3aa6809217a81d5,Moderate
4ee431a6c08d06273bb99bdc04aa2c8b,Rare
ec0696bc0c214295a29f306f1841f0b7,Moderate
f8e95eb573de1bc354ac1a64ce19d7d0,Moderate
894aea5068d23bf2be0cb12304578dd8,Moderate
280383beb701f5d126a7dd8a90fe3f21,Moderate
2280882e99c2b20df5a9a7f67754f750,Moderate
63082d327812c916ae960d0c2e9f7bc4,Moderate
b18d1e2c94d8ac65ca7af4199df2cf0d,Moderate
06581b3a8fb56c64abc4b221b337e585,Moderate
63018fe28668bbcd63583727eec9cced,Moderate
3278c1861b4fd7cefbfbbe8333c50ac7,Moderate
44759a3c908b8d93ca31fd243c7b4b96,Moderate
3bca89eae4006c6d0ba292482feaa904,Moderate
9cf7cac71f198286d1f1f02da16052aa,Moderate
dda92d7981bd249a5bc4f8e0468206af,Moderate
aecce47c80f63bee0e7d0139069b42f0,Moderate
a782f96d5f03e9f7073255c31b507c6e,Moderate
39e1af2a082836b7ce7e3a92eab68831,Moderate
5bb6f25ded6d7267a4001c08795305f9,Moderate
24f225b4e233d6afc86247edaed4d2a0,Moderate
633e3295d48e125965347ce5de77a7a9,Moderate
0b820f2aaac6feb0118ad408846c071e,Moderate
3e910f4b1496dfe70c2cef27ed1eed02,Moderate
eff7b92466654ab4ac81a7c3894b9a39,Moderate
a99dbfe93b54ab35247e8a3e37118981,Moderate
9ff18e64c3f764b0e6b4775691a7deba,Moderate
ff1d5497f74d2e386b4b8e1daf62ae53,Moderate
78d1ff9d3a9d98e192e6b9d9948d1553,Moderate
a440ced482727905db5df511811ac5c1,Moderate
722ecb539d4b16106989bcb6cf76be57,Moderate
1aa91814ee00517953d55b0a01241457,Moderate
0be976e4392a6c2bb5fea845cc0977f9,Moderate
56e394c7d7da3c4ad3c78fe20717dd46,Moderate
94d4424b17f71aa1f7d17a8f1288ccfc,Moderate
3a0d4dc5dc2eac4e3da01f78c8102fa7,Moderate
805b874fd2fe968d6880268f91697c6b,Moderate
27d6e4638c8482c6b3ae143427b0cfce,Moderate
dce70efd2a02744cf6d8d3cbca008121,Moderate
5565729a259f00804b5fd0eb68e971dd,Moderate
1ca871ee240eb48437d515db93804153,Moderate
7af3ef768908b76fb18f13b0897e101b,Moderate
bc587a4d09b50e29da490f3ead01cb69,Moderate
d44aa3fdf3ce1949456276a12ae524a4,Moderate
97662d59dc56e97e82bd33b1181e92bf,Moderate
7112366fd4c8f9b625cd42eb692dde76,Moderate
2cb595f66542ba2370a22f7731735805,Moderate
424ff182a2d2161678a121605cc82c58,Moderate
eb173e21d2c3a6579baba8e95ee7f5ab,Rare
33c57badd526adee8fca2c62de737855,Moderate
5d593b0ecd9b176e9a0cd6489fd3998b,Moderate
6c4ffd5ee00cbc7d2c0bc664344274e9,Moderate
6278b1f3771eadcf80b7a438547a62d9,Moderate
824f918bcc8e6b552da2f55724c8b440,Moderate
633eb0db0f9e345872e227b35e91c714,Moderate
c416b9a4285af929e29b6b1a3f02c68d,Moderate
683bef0d8c855e25b4c20a58986786bb,Moderate
809724034f47839e06e8ce436b7474c5,Moderate
c1d1bd1eb29b564ebcdea77df08057ad,Moderate
b8e7a26aaee240b493c2ec48c5cc8594,Moderate
9ec8b36e57a0e14a744dbcfab120b5bd,Moderate
9d4026d77005611b03c2378c1dc6747d,Moderate
cfeaae265403f053a0ce420e267647af,Moderate
5d31afb09d04ee574581b481ff8df099,Moderate
e35e572f7296d1e5c87b39c9616dcd58,Moderate
90299db1b1df3e8a9bef52751aa5b521,Moderate
80dea1800480ff9b64ca3c306c3d8903,Moderate
71ca7b4a23861dab2aa8c16bdc16df14,Moderate
9f8719339e4f017052a6fff0fc12e044,Moderate
cbb05363cade767a3423004edf22033b,Moderate
7f47c23a22e245ac2a69ff5a4888cf1c,Moderate
3c0080cd0403181dd8c7d23fe510514c,Moderate
28229d7f73843cfed53519d5bc45962a,Moderate
417c2e6d296bb70478678829181b3f35,Moderate
c672b26548721813325a1c23396f18e4,Moderate
37dcf07f1294dd08cf450bc5a912c73b,Rare
138f8aa107a5d680ca2f8f1c6604b7c1,Moderate
a2c419ebbbdd25c564c98c800df80dca,Moderate
e3e7f672e8a7cd4b803468043fd80614,Moderate
f68b210e4a81c5b5f1371a7ff3fe9e1e,Rare
595ea357ba9065d781a0eb2d10f1f1a9,Moderate
629f1aae6cdf90379b53b3c4ce480d0a,Moderate
d86e2072b1f260e0849d7efcca560831,Moderate
eaef50e9bb88f14c9faacd0dd4356653,Moderate
cb3b333483c10ac755eec8a0fcb8216f,Moderate
d813e23f7bcd077a61cad5db7a994f1c,Moderate
3d43843bb0c17613b6cc2fd775056910,Moderate
b4bb1333f5cc0af7f5e1690726a91d7f,Moderate
6e8db4b4368c99074e80d2316513c6e0,Moderate
9c0f342bf8deecdf1ed82c4be4313b25,Conditionally rare/abundant
e3908445dcf772b92c1b9d0d64002b7b,Moderate
694be0ec08cde6a992277d0c8a3ffb41,Rare
7365e5be39cf56fc5796ac4f5f9f84a2,Moderate
9ea02c778c61c15a55d8dfe5641d5cc5,Moderate
127234ea5cddea5934a0178e95af9d96,Moderate
fe41515f6b843cb0d28a8f69124b45ce,Moderate
4ee40b3b3a9e91c9afb286c570ae0a12,Moderate
67e8c0709f751cc8d9fabd8b1739640d,Moderate
110e3aab9f66a7eb74af1bdd516d0a88,Moderate
7a7bc3dc7e847032ef7150f420d4c12e,Moderate
b9a46b575c6e8a6759cdae51fd00ae13,Moderate
2932943560a16aa8283c2da564ccb183,Moderate
7a06c3fe348bf91ea602c9c0ebf86a20,Moderate
575865f7898ca9493772dca1b667f321,Moderate
c646da9ed2faaec77c8d1a0877f5a6ea,Moderate
445ef64455b4d93ee3dbcf66e4cbf4ab,Moderate
d61fe68d6f57e829e6795f4f56e3825a,Moderate
f60634dc5af808dcaef0d01c309ef4cf,Moderate
a97c414c3efe0a58d67b99acfe191eb2,Rare
4801e7d4e6637500313dbac2eb1a7550,Moderate
9a12a3fc335c0e78faec700837ca092f,Moderate
17fba5059010c2d164e26e452a0af1d4,Moderate
73a8ea8dd70b4b253e1024bdb5cdf431,Moderate
d539a37f652e7cd9c1c1b8dbde789438,Moderate
d268e4e22da3543f3941fcbcb8b8bdfc,Moderate
924fffe41e92f6f0ce9a8cc6f41d7277,Moderate
db4c6e3faba7fa7e051f5beca02b2aaa,Rare
999ce8879fca951d6b0138357b7d9dac,Moderate
5f48ef4c1dafe028f9dd1cc784a97a2a,Moderate
72f08e2d245949577c93cfa001227f37,Moderate
1b45e7dc6ad07fe6185f06661cd8c572,Rare
434e699799eb012523002a211fe8af43,Moderate
29bf1697e6fedf3b4cebc69e6a646417,Moderate
1e263520f8c38f2c8e9d1a2a5529ac58,Moderate
1212ceb49cd3eea11ab4618e7aa77f0d,Moderate
99a2677354b4497eec9b862727f2314e,Moderate
bcbcbaf83574f566e10651520a892bf2,Moderate
92870c88fb0f226e30687a3f25164366,Moderate
f8403e4a14524f027011417ffeb4c8b1,Moderate
d6b831b5abc10a3bbe151bf7aca41246,Rare
46f5ab43c74e48c9ac99390c345d366a,Moderate
68433cb4ee37110ab2bf2b18196b43be,Moderate
3701e4ddb1ff551967d16010b7ba1777,Moderate
e9f8dbceb36b5434978dcf3f028b5867,Moderate
ffba6d5f0ab9dd415461efd03eb0cfbd,Moderate
58b0a30fb3af6ba3ec415afd245c1fd3,Moderate
8c7fea4a6124402db24c5ff9935f8ee4,Moderate
60a4639fcfa5d424f87500bb148cae9e,Moderate
fd2191dc322ef5faf01565c7954cf256,Moderate
9d5fc50d0711cb576fb1b41339aba56b,Moderate
77005d46bf4ede13579a8bea6e846eb2,Moderate
e79e212507e105033dc438bef2eb4b92,Moderate
4ec50b764ad69bc802c061bd4010195f,Moderate
2b2254df8e6d79c6953e9ffec4ad91c8,Moderate
da0ca6a264cbe3cf7914324ed608214b,Moderate
81afd2d99b2903045449c06b76ca8ba3,Moderate
987f5a41b7fdb28ca134340edce06318,Moderate
ba233a36ab4c50555f2852b0fee5cce6,Moderate
9f843fc3afd900963e05ee1e05d4b275,Moderate
12922fc89f9ff072939f146c4018f57b,Moderate
e6b01e67e73a3bc51f7f8ee444bd1f6f,Moderate
e60ef184ff74dffc3f31c58184e53206,Moderate
103baf28cacc86be4ce7734af4ccdc09,Moderate
19af15e30764e5f45b4d9040e3c4557f,Moderate
9186d40d72e6419d3771b019bd949070,Moderate
2edb114b812d0602445c3c15a0db6b2f,Moderate
4b984dc56041776284f20ea7cfedb877,Moderate
cd98446d24e4b93e12a106a7ab86659d,Moderate
72b171c2375413679e1dfc0a93d7e2fc,Moderate
9a35352cfd43584cf155d818a59962c1,Moderate
61eb799e2b6ff31061fb94e461a95250,Moderate
9e4b1b8a797917494cd6ffa70b0d43e7,Rare
716b11d57652fd16539ec17b6a6ae72c,Moderate
9538c95435f26bfbccbe36706e06c20d,Moderate
66da2278bc3b9d388369bcf2efdd1765,Rare
04623e6c3625849c0635d3e1a4b81829,Moderate
8ba8d9c792f73ba1edae87f77945d28b,Moderate
e51d7cde70dca940151641486f177eb0,Rare
b58fd06be9d2c0839afba58830e6c4d1,Moderate
5804d252aa345b859de350041703ed78,Moderate
b34c72e0cb828304124691240c1d9715,Moderate
f0ef10e4f610eaa4d855e045ebccad62,Moderate
7183bdbf7820da1a4b116fd6820e801a,Moderate
735bf44c78b3e0e0ff11968f55b29243,Moderate
89c4c843775a1ae2ff9407441a3ced1b,Moderate
ebd04fcf5641c77caacf81bf4802015b,Moderate
5ea630eca6efbf5c391b653bd0cea548,Moderate
5893d1525de862db5691498cc768e21b,Moderate
81ead15ab6b8c3967553ce08f9e0f82b,Moderate
69d6e964ed9e6a7e9a4b53bf3c0796bd,Moderate
1753c01832d10847f4307838dc97d613,Moderate
c10fb754bc19161ee0a4d944556ffb97,Moderate
59aea185d170844737c1f81c7a7d1fa1,Rare
c09555995c7f82ee8d613ab1c083ef32,Moderate
420271d567fb43b94705f33a2733ed73,Moderate
1f8326aef47ab9160fee04b3c2182d3d,Moderate
f64781a1073acd87058ef7a1b59d1afb,Moderate
31800563a7a26c1b3213185691980663,Moderate
e5fb37dfc571a9e54747c1de869392be,Moderate
fd94960fe3f1c37e2336e27d705f5f89,Moderate
40a6385fb03e18c933b16dbf6e1acf59,Moderate
019d87f24ebf70407324d784a1bbe929,Moderate
a993169a3df0b5bb7494717970c03247,Moderate
76b56a07fc61c863b5916ab44a5bbc5a,Moderate
e271b5bd65cd5a04650c0244c72cfebf,Moderate
dc005d939f9755a27e9160fcab81e0b9,Moderate
45d26011afbaa822492d782ea01faffb,Moderate
3addaffaa34d152931ad368c77058d77,Moderate
d64f92c3557f0f1724dcd6cee3834cb0,Moderate
67284e6bd6bb4a73153da70646357bb4,Moderate
6ab394adc9db7ce51992fd19358f2cd0,Moderate
2430a531008d452c27e953fdef9d0848,Moderate
3d23639985631d1b81965f21002b2bbf,Moderate
aa95d2c380673af7e04f238225690fb6,Moderate
1d9c9d339c83c11b7fe816dafa10e597,Moderate
67e53fc60844a2ce2f667efe60b6d1ff,Moderate
ca5556c187eadfca77908567745b1f11,Moderate
ea8c079d8c19676392b65a1fdd62d264,Moderate
7a7ceb2118e2b20486112e4886e1f4ed,Moderate
8588eb95cd323c37d22a4b546a762160,Moderate
06c33146a08c76b12adc993ca83549c0,Moderate
0629091d431648e25ffa2fe52086c8f9,Moderate
fe6d6dba07305f6f1392f30b1f057cea,Rare
b59fc2b0c2635138b49b1cdee8b38382,Moderate
e8205ea401f72c7d47ec80f0777a0d04,Moderate
6a5152620b991823cb24142e4513912b,Moderate
c5a8508d0f9ff376230e5a45616e6397,Moderate
4fadd4fa2a3d5b89fb2dc71b5dc10158,Rare
3581c5ba91db4abce3af85d838984857,Moderate
b5b426273548923527e1233422dbf564,Rare
6cd2e8184fc488e425a538ba07a8c6c7,Moderate
398fa03ff58089f73ef36aee3522ca4a,Moderate
0822c8f956a6f95f5a85d7fe0647c1cd,Moderate
57ecc1d65daa4092febaffc5fe94abdd,Moderate
f0320488dd72d51af32bc7a9b5a93a9b,Moderate
f60ca2c75cd23614b5d63132fefd0631,Moderate
277cd6da35e6757a1350cbce0816839d,Moderate
6fd28c7f4fc6e524e7f5098f0a3b247a,Moderate
ed84e8752a6778f9144f90590b68e520,Rare
d2aee2b23cbda0767e887bcc9d70a393,Rare
50230deea6765d797cdf2404ed73516c,Moderate
c20e4693dc507e5617fa9cdc029ef914,Moderate
7e32e561854b2337ac6e92c82f639fac,Moderate
91a75ebae56143b4a84381f582042260,Moderate
c0e612eb098f4d0b8b71bd848cbc29bc,Moderate
eb184e2ce7ebd6b6b87595771c9c4cdb,Moderate
85a6fff99b21897f52d6e76348af89e7,Moderate
244f1487a3f5332f91baa5e1ac64bd7d,Moderate
fb474d61e3f8daab0d68bf89f3233f7d,Moderate
a1d1377ab01fe6b94c847ee892d9c80b,Moderate
35c37db48fded9b9fb0d058d41be0f49,Moderate
d4664b222dafd96c3f353e038b8f7052,Moderate
5e07fcb13712cbb9ebfc768774091cee,Moderate
9d0b98dcab9eafede10c6e6ae601ac6b,Rare
cc493e36477f77f9059db270132c70d4,Rare
2afc848fef98d27b22a0e0c1f11f0909,Moderate
73cd9a4e6f2c995229fcd284fa3c4438,Moderate
91b6d09bc050511da9468d822ce4e0bd,Moderate
310816d7a3172fc58a609122fbc56e25,Moderate
6a31c8b8e333c8230eef24ab7d30f6e7,Moderate
c7facf92d0814ec3576abb303abcfe9e,Moderate
81426687543ee14753b3e814c44dc60d,Moderate
01667e9b1d7fbdf699a63cf6bf1a2e21,Moderate
5d879a6d017a94b554645436c0adf989,Moderate
d2b64ef1e34163841312017245aa29f2,Moderate
79af2d6c3576fae713df3395ac32d061,Rare
9ce32e0c253250939fce8f77c97d86bb,Moderate
e733e0c2fbb65873ebac2dba8c758435,Moderate
5b4fc97a0f8afa7ea5676d6237718703,Moderate
28e15c8ac34b04ba18ffc2b5602d1b75,Moderate
db3b19d307a48790e50e72fb61b6dfdc,Rare
d31357ae16c0594dc7ab42f1ec309f1c,Moderate
bd682ea8e84b5532c2f6a9d9cc6b6147,Moderate
722beaaf660a7ab41df8db5c750eb744,Moderate
7d4ed422ba8eb133352c689ac23aef43,Moderate
4b7d8e7ca60f61f521166bac81dcbe6f,Moderate
35e14f85b7763c40861ca93f3b4cdfc2,Moderate
01bdc3632ac63c50b52b3e44caa0e06c,Rare
b84785d2aeaa9f9ab1ba90fc3f8778c3,Moderate
196934a8a9fcee49fcaff2d6b28dcf20,Moderate
5ba845c4c6795d3dcae3b145cd3fe4b0,Moderate
fd54674f98107bcd073ea07505057667,Moderate
c29b80ba5cd13f9da42b7369d6f35050,Moderate
10906b1db69dbad3fe7cf798623ae022,Moderate
511b0ce9e9c19423825d2d3b5cc1cf30,Moderate
100618a205d642b1414832481e43a4a8,Moderate
154b0ef19a715625d6cae42d69af297f,Moderate
44ee6bf4c203e8711aff1e07fa60beec,Moderate
ade565c82c698721d9572858ca9911c7,Moderate
2eb69021361a1b0d660a14a43adbe175,Moderate
69d178ffa6be8c3268d2e9e64979a850,Moderate
c4ac65a7f62090b57302041f2076e3c9,Moderate
a7d3965238eb63038853a7a75e322ee5,Moderate
f5d7a04020ffdca1981b7ee5754aea78,Moderate
f02516387ef5e39fe9d57e7731b2e419,Moderate
06242e2c4b069a606c4bb692cc5a20e5,Moderate
5cca406763e64bd1d19eed4bf65b41da,Moderate
4d63450a82528395c007a0f2f36dc8d8,Moderate
fff9183ac9bc01eedc4ffdacf7f582e4,Moderate
013f1ceb3d6aca4b0aba1f0c26296150,Moderate
8affe485518975d19affe5bb4eedeb39,Moderate
08250c1c7a7c11a820e9bb402bdfd76f,Rare
5cccf2e24fb801834363550e9ec38c6b,Moderate
4f4c6f5010fe0aa6c7e2b8ec13044c7d,Moderate
161e01b2db8a2d33e145f004ecac07af,Moderate
91b50e0dfdf46a2d9eb026199fe1d07e,Moderate
98488515fb64572979a23ae080aa89a8,Rare
16ac699a38292b94efcfc129aea34db6,Moderate
119bde3a459d8b132ed20f88f0849919,Moderate
f475238cffd99ce7f616fb9f743557a8,Moderate
3e19f0373da54bc3c894b536d11a9dbf,Moderate
cc0379e4eb999f7a2da1b86c25830e63,Moderate
11ea8c6dd8fb2bc5fb77a9a676ebf5e9,Moderate
ddb20e7eb5b31c095a7e6d6dd6301dcf,Moderate
07eb08bdc1d2fb7967cdb309dcea75da,Moderate
50c16aaf9dc4d0dbcc79ad1494da24b4,Rare
8878afc09ccfbc477908df3fe8a456c9,Moderate
5ef0bd272ef17850000afd2e525aa887,Moderate
4e465e25dc79b1d7977684ea78d327d1,Moderate
51d3ab2d9833d91ee8d866fb887d3ce4,Moderate
3efdac54193658a778bd04b06f2f5757,Moderate
3f04dfd9d62d3da763074c6c02aca5d0,Moderate
5589f00efae6da905ad5afb8a9c6bacd,Moderate
76ea5fb475c1417a6a9b2f74527b1c79,Rare
594826aa54e0a3f9fbf7c290122fbff8,Moderate
7ac9b7ad6a93a605b44be0c39bb1afb4,Moderate
131352f0dc1054dad63770fe6d0453b3,Rare
40cf1767c651deecb6eddb77cb205ba5,Moderate
2156bcda6aa757bc8d7155c36f7533e1,Rare
13790ac2df35b149cff6c7cf2a10deb1,Rare
8abdf9205c361c32c5b6164654691460,Rare
89384327277b88cc4666956f806d4b4b,Rare
7dc81cf15cc8e77765b92d9b48f83a4f,Moderate
53a5af5a3f84697facdfea678b7071cc,Moderate
9a4ad6ff9fa52c8108041bbdd6c59449,Moderate
d488ae61eb27de09abfd70b595965c54,Moderate
f3ba009324818a696b76aa9bd0a66d6a,Moderate
a263079da9fe6fc08a627b3724daa7f5,Rare
23ca9c23bf414126e5cf5f007d0dfe1c,Rare
f1d9b536846afa00efe785ea2d6e7789,Moderate
afa7e149228ea7e01923f9ccbe9c4832,Moderate
a77d047c068b2a48ba83600321763ff1,Moderate
97d78582694a967f2bea978a9d254cc7,Moderate
e9d444d1b6a43cba38c7b37be071cb30,Rare
25c1aede204da44cdd9e0685beeeb354,Moderate
802040ca411580fe54e807a0743ab097,Moderate
79d9cf78f3a574a6773c91eb895d26e3,Moderate
3e783dc8da448443d35287d8781e9e20,Moderate
28764b3474953b5a05eaba31fe40be86,Moderate
a68e16458f28f37d9e2b4ce9cea160d0,Moderate
91f8500a1d461e82286abe4107b2f369,Rare
44174dd65bde3298a9d1c420de4aa549,Moderate
c2f38cb64843c68c99063e5e5613f279,Rare
69754194cc9fa83024b952f999aba05e,Moderate
2ff96c8f54ddd7080d12677cf8f6872b,Moderate
361e5fc0c7103d19030f50400e21a0d0,Moderate
f41531b17f6b7f46c5e9a0bae5460d9e,Rare
d93eaab6233922a30b558331934a15a9,Rare
3e824c9ae56561b118bdfdb84cf76ce5,Moderate
8438af806cb976ec57c865845384b9ed,Rare
31e8b910a2fd41cd413aeda4b8d86fcc,Moderate
0610cc7928f2614bcfd42fbf95d910d0,Rare
db10ebb9b79fb5d83f5299eedc7136bd,Moderate
1b914dce9ea19bf21543dfd0f1a66de3,Moderate
794e17d937d6103ff8fb7a1d0ec26559,Moderate
f7e395664905249dcb68ea98f764262d,Moderate
711dc4727acda47e75ee9d93d6e6bc99,Moderate
70a6e7c01fc1077e3fed3564e8e2ec8a,Moderate
8c32a7bddbf317d1c7bb59114432ed67,Moderate
d2b18777d90feebf67ec05e3a77e3d1a,Moderate
c331b2cec7d4b86b3b2ec00784663e70,Moderate
26fa852894ef8a8fc588321bb76929a9,Moderate
8f9c99e561b2ce911541b4c656b58a84,Moderate
67e3743613e23dc30009bc961bfbae0f,Moderate
b48f77b46fb0cdddaaf13ff9c4b4d985,Moderate
1f88c71429fbbac289d12ac7b08e00e9,Moderate
16c088992709c1fcfda87876056ea7e4,Rare
3dbf9c64e0b6d34f397b7b91ace5ec93,Rare
48910c00aaac9bb24183d23877eb6156,Moderate
1015c1629b53d4afed79f78caedef5a7,Moderate
5a2a81daa036fba38a896135ce642471,Moderate
682b9e46399da5e274326292a3063f85,Rare
abb0d9a6fdfe36cc9f7655aa06d79b32,Moderate
ed06a475a4c643b99d775ec8b6022a11,Moderate
44874ddb6f60257ae717415782bd8a9c,Moderate
7e8270dbf3ee2895c7cc875701b0a012,Moderate
57345add53cd590ee110199fc40c372b,Moderate
91037293a0caa9897c5058762ae01ed3,Moderate
83b561ecb8be61056935ea1ca03dadca,Moderate
15493bbd9f9d442ee46d95ddb75f9c4b,Moderate
18af8c22324338e745ebc725a1a16e0d,Moderate
80eaa5890ec385961b79d3537dc868ae,Moderate
27b691ff92e5ddbcbc486cd8b2131ac3,Moderate
e28a617dd9c19d6031d3b76e4307a95f,Rare
6fa8cf8d99106fa6153fcc110a1307f1,Moderate
ce30648dcfd7d6e06655c6a5140b7180,Moderate
a8acca34aa500d1c0859ef04c4431078,Moderate
03abbda5b69b8008d8dfbdd03a90c87c,Moderate
b68ee2a6549e8e483ef2126f3f1bdcee,Rare
9b4aac7eb5aefa74fbe3ab223d248d4b,Rare
555e3f5bc79ca6c9dac4edc57939d3c0,Moderate
69736f701d17623f0dd32029d3b90fac,Moderate
82d7e702cdb3183456583299d76308a4,Rare
fd06481fdc7c4f68fd5a3b505ff3bc0f,Moderate
9235f5a0604ef6a862bec5bf8c89b9ad,Moderate
3d7777fea141eeb8acfd83a49d4d0fb0,Moderate
1da1ca86716606a1e9964dff4a79b4da,Moderate
d3841e753cd68f248c5e5c50ee9e6869,Moderate
87b341dfca5132b5e0aa1abe429cfb58,Moderate
5181e7153444697e37c2e19c8f568aeb,Moderate
249cae1069baf96cba7f75d1e664e398,Moderate
e81888a55dc54b1cf800b7f0806af08e,Moderate
9aad1a557ac0ec9836146cf74a7feb37,Rare
0b4b19d0a87385fdab86bd2ca4d45dd0,Moderate
07e1e9047c66eb7c059010b2bd242005,Rare
9020db9b81001969cdfae8fcc9ac5589,Moderate
09373f1fca7652ba8e929e298f6df020,Moderate
45024edcdc8aeb4c8f905e0a8b67df44,Moderate
7670732c159d8cc2cbc1620b9f6bf7d3,Moderate
8e0d7ab986f295efe15d3d0ef91ee28d,Moderate
78ceb39f0b2c8fe80300606b5985c2c4,Moderate
f23996953fc5e4437e0c8683ead60e1c,Moderate
1eb1c42f6f4b823c6dbc5d974e43f3e0,Moderate
40f8d6842d671a7eea387ec4ae864cb6,Rare
61561c3dec7b5b1fa6fda21a71d901e3,Moderate
189901aacc91ea1a52524a38d2854669,Moderate
6a869d442d369680713cb6fc6a5778de,Moderate
1b92d696299fa083921dd68f11228702,Rare
1ebae76ab1d8e76d96a3098fc12d611f,Moderate
ca4180f5d2473de166c737e79f5bf2c9,Moderate
5bffdcdbe1278ada1c2780e78c8f2f2b,Moderate
304b4a8fe381abff1f18cc519f0e1b91,Moderate
9e4be932c92c564af3096473f7030256,Moderate
d525bb79e05dbf8368e4646374513148,Moderate
909bf9a7830e56822127c95ad2014287,Moderate
984d2f19a1878c96672ab2191e827006,Moderate
09559dfff3558d0968f39095431abc74,Moderate
f02ef72c6d535944004214023d34b78d,Rare
d83033bc09852ea340a168ce98959126,Rare
08c7c695258372833a15bb41707c630c,Rare
5f20111597da198efd3cb0fee5bdaf3f,Moderate
ca71130b6c7f276bfc2800ebb2689fef,Rare
2f855713340ac25203c88f157377350d,Moderate
c163b75e7d9f62668506cdeac5e1a93e,Moderate
fcaae93a1299e37d237ddfe7718f499f,Moderate
a7c0f3545e113b6e0d0ee813fd1b539e,Moderate
9a705718ab610c399cceb784522e86b5,Moderate
d90459a8f0ccd22b3f1e1e7882d5b05d,Moderate
17b13cf3e9b9509f226ba27b87cf295e,Moderate
8c514d0db725250baabaf8cb61b35895,Moderate
9988a5cdaa2d0e09c1e55ea3b0939ca3,Moderate
e59bb1969c54d8db503ba290024c2e53,Rare
c0ccb01cf102a2bcdeec87293d92f41d,Rare
bb485da9b22eb7a9ea75d5610c6657b8,Moderate
b15e70b1e92a307b53f964118ec5eb84,Rare
3ee13ac3c317cf5878cc14062c2e6bb2,Rare
c0016205d0e15ff21cfe2496121ba430,Moderate
c2ec4137b6839063b6a9479c9d399d92,Moderate
29ef0b071e4f653deeb13cf48488b050,Moderate
85d3674efe012619a5261e4aaf9b52ea,Moderate
3d74140a7a9939d1f3f51630b6645d23,Rare
7cf095475ae4e5bfcbfdd48577f4cb9a,Moderate
a6493c26834e57c859dae17fe6151b04,Moderate
abbb53dfe27c0071e9065016a078eb6e,Rare
95ffb0972654daff3e9684aa0b001cbc,Moderate
23ed7a47adfdcab4a3802d5855f0bfb3,Moderate
90e4770f2a9c8336204e8aa37750c5cf,Moderate
90b0d997776fee7265fcdd98c251df94,Moderate
ea967c957af3ddb6c539fc0d34d54a95,Moderate
1d0edb71fc226fb3578fe8f8d482b95a,Moderate
752cdcdcacd205dedd07e62e21dc87dd,Rare
8ec9b9cf02fcdb98c2dc27c141f2621e,Rare
6418fa811b8afd8573f4aee3ff0e5635,Rare
ff54e4ab65075f03479a7d27fe310539,Moderate
ac14269861b946dd66f67ca2c81b9fd9,Moderate
c76f15807f62c7e9137e9ad7f749291e,Moderate
6bc4e7c59ecaf446fdeb3210468d4254,Rare
401b69b8ebc4620d77590e26f804ec10,Moderate
99b05db7a918eb7c8a15ed0f6cfb547b,Moderate
1cb982db91108f828d22fa76b6261245,Moderate
8313a905a424e7fabb3dbe8e6c3fcb72,Rare
2f6e7d34062d750cf41bfdefd77ca02e,Moderate
7a63427c500d72e8f1f6d258b888a099,Rare
6052833a3a260949d696dfce10169cc3,Rare
fb5289e63e6b9ed5c0fed9280823d097,Moderate
237d47cc8e24d5f9759ee983d0fcad06,Moderate
ba7d0ce8b0c7c77409554fd099e705e0,Moderate
9fdebbb41e44868f3fde0fad7f5a2a00,Rare
6f7637914e9b6311b268878385e902c7,Moderate
f1a9f12b4dd65edaabbdf9cad0a41d94,Moderate
667cbb2e832925f134cd5f851a66f1fa,Moderate
fdbec5cfac25bc3493f5a20488be205a,Moderate
aa39ef3d17bbb8065199e81c3ce030da,Moderate
8e984f74df3414ee6b9222d8cbb49187,Moderate
5eeb5d38b675a13953cc470c7459bc9a,Moderate
7b48db1b2cf5a613feda20a3915ba4a1,Rare
7420acaae3036c0b31a84a4c294c9799,Moderate
eceb2c6c7619235f242874696ae81819,Moderate
c92dd0edf42565ff19d3841017246643,Moderate
744eb7e7598647d9de3e090cf34b7d83,Moderate
09d1c809c8f8d35baf30eaf161c7d1c1,Rare
d8fe261bcc819afaccf231c573eebda8,Rare
43870239fa2c40ca0d6d59886adefa99,Moderate
c11916db3f2be1762b2e545b0abb3d59,Moderate
68ca5ab55d2d7fd657929825fc298629,Rare
23472c48e9f6143cc645c7adf5e16ed1,Rare
bfe7fd5b6a71b780e88797ee88e5a12d,Moderate
d11ee849a9273e48f09fc51a60b2cafa,Rare
335591c31d95286be185dc82df9ece01,Moderate
c05405bd457946d4ed8a994a67803fb5,Rare
e11fb093d148dcd445b2caf3a23c5045,Rare
028868a22e0c44453b093fe4ba7ea577,Moderate
c542dcf192e83a1abb89b2860a770479,Moderate
8aec3eb42af22401c98f31180d3e0444,Moderate
61cbaf247e10e7d1f056846434f62dc6,Moderate
33936ee60e76af1cdf08deaa5b518e17,Moderate
555290abeff36576667aa33321320e14,Moderate
2128b0944abc9d2bcfdceef001d481f8,Rare
4bc0659e4f926178f466d43052cca240,Moderate
245dce14fd0cdaa09283ff1dbc5c99c6,Moderate
e09f1c3944b09d324f3d1ca940292a66,Rare
d86c42d4fec418a5feae74dd15331774,Moderate
0616adc157a023eb71e1e131bced722c,Moderate
9ebe7b9406de1cdc2cdb1c6d53b842dc,Moderate
b75082f1bbbd49696be464d26eeca088,Moderate
def66e25ac44837e0fdb22fdd9733389,Moderate
70886d6da00c522f299dea5a65ff2971,Moderate
f54b47f654f820014672e3b0d5ada4a6,Moderate
f81904ed5975012fc3ca39ae1c481504,Moderate
38d6d2829cc4d5a96236304edd145f08,Rare
0990389d100f3351a96a8569b149ee11,Moderate
31552743819519a56b4836e8d6b85727,Rare
ba12098bef615598e10348c2b9686138,Moderate
1b715f5c7154662218dda808bf9c4d03,Moderate
025fbac6647f374d3aea743ebca03b33,Moderate
11eed56bedc7a1bc20f89da8755e1f2e,Moderate
625efa52d4dde481d64fbe9a39678695,Moderate
30d0385c2a78009cc24c0f26c59e920c,Moderate
77bb70bae9bf78574b7613ffce796fbd,Rare
2dd2fc46d74b8b2ec1887c5d37c98c5a,Rare
f3902edb2096b66dd737ae37cf172645,Rare
1745a7c54f719808c3a9f00dc854c410,Moderate
b1a8aecb02360f4d337a6c6a4d87af8a,Moderate
b5aa04501c82471ca4599e57fcc725dd,Rare
0ac746448ba97315dc6b22b1623e3916,Moderate
119f5feaebcf5fdc14659ad6d9f338db,Moderate
d7c4eabec38aba19b4fdb536cf61d5c4,Moderate
e774c574584fa7cc00cf9ac7b260aee9,Rare
4f8b4a12a4aa33323cd06b70955d068a,Rare
f2abcaffbd67d59d868ba2a5f460f0d5,Rare
ba4b260346f32b54f4356e49bd8cb1a1,Moderate
de117f02dd65ec17191c1ab5873e2dea,Moderate
eb8ed3063596752518416da704f63cfa,Moderate
60d75cffd43a3f8f98d849a30e60104a,Rare
3b924101ee77d9f34b3547df175bdde3,Moderate
4ccb7e82d765258c73596f7f593dd997,Rare
d45ac9b20a46eddd35f0efa6b5c7d0a7,Rare
8fc9abb3674d90d9b2179d6917de2bff,Rare
1977f372e38a37be6651b674451d3d95,Rare
9eb32072cab40483875cb854c028f15c,Rare
6e5dc5b9f168ac97938900a1e0cf4371,Moderate
1079297bb9ea82c3be4e38d106623db2,Rare
b5f069dacb6d41a45d1af1ceea3f09de,Rare
45ed1026a663412c9c61910beccc4e3a,Moderate
58789313ce425f41b31240cad35e8fa0,Rare
3675d221f3c6ff5a3bfcc3f1445d7c43,Moderate
1142022b11c62c47fec3ce0d7856832d,Moderate
6b9420cb8084c0c4490c8d0d2e02cb7a,Rare
21b5c27e3fce738e450a7984937aa49a,Moderate
d938710466a292cc3e3d1fcf9f8d622e,Moderate
f27245bb222d1dacd3266417e26bb1cb,Rare
9623042e4a5f0e12a4b6fb2988fd0a9d,Moderate
60aecd9ced3804e3a07f63e565723d3e,Rare
de218c14924768ef5eefcc7c96d5227f,Rare
79d250c23d971761e9bc64f9ee8e771f,Moderate
dbb44b796cc503d2ead1a65e4a64b0ae,Moderate
8253257b771987ce79f0e5c92f5831ac,Moderate
b97c914196577d1173787cc7222d93ff,Rare
db9270f41a74615cce216b488675105c,Moderate
6b1084c80555cf0ced325fe9b56b3e04,Moderate
b21cd10114f2d69ecc4022fd212e3af7,Rare
bf042e41b25c667352a92ba55d6aaa6b,Moderate
3e4fd68859a30b882796c6530d87335f,Moderate
c48bf2c7c847a3cccf16bf29cdc90b17,Moderate
19e7003ebd9bd2882ff43be55d1428e0,Rare
30027d4f17c92951bf5c665ea3abe4f8,Moderate
2dc10d8d74e92eef4c3c415a4bb1d8c9,Moderate
18fb035e5459c4993375c32f3a82d198,Moderate
846436156e84cda36421d64e472ce202,Rare
e72bf4f745622f43b93c7994d320df08,Moderate
2920d32d698ee50d29308d7a3cfc4c21,Moderate
9214b71b13edd13f73af37867e73d86c,Moderate
c9fdddc0c9a0e0baa878128eef6e5ca6,Moderate
eaecb62c3d35e0a327e62b0a8ec68b0a,Moderate
37bcfc35e0535ed794cd67cf9200d13f,Moderate
0b7503f46e1b15aea77caff604d4ffb9,Rare
a5bf0e3b5f01322024437f09e00f3385,Moderate
379763868f2e4a3d3e69c1685f1f9d98,Rare
6fdd48c9b4ff263dd53b7a86bf7f3db8,Moderate
4e1141181649f2e26701841f374eddb3,Moderate
9603021e13757e92ca40f18e3774e244,Moderate
d39949692a96b47ac0bcf5f76a6b2fcb,Moderate
6eacbf0c376c20e1c6f71cb0362b29dc,Moderate
2bca20d248fcf380543b0e656fba4415,Rare
32a10e3c80060e6ad06020e24c3cba85,Rare
5ca599ada1f524193fe670bc00c03e17,Moderate
37828ca8126dad1224ab9a6f4f1a8237,Rare
1f1e1d95540730e364401a59e11b8de6,Moderate
b998c4efe56f88d10138fff0f26616e3,Moderate
0939b02c93fcdde9c21714ffbaade60f,Rare
664729e8504654f83b82cd0f7674ac0d,Moderate
c6dd9365bacab256a971fd4ef9d8a355,Moderate
dab74889dc5ae641cc252ac3587c0e42,Moderate
ea840cf9bb3139c34f6e040aa567fe70,Moderate
7dd4bac40ebcbd1064349c75d9d095d1,Moderate
f453b318c2306e2f3e03b49936e2c9e3,Moderate
7ef82c546df7463db278f2156fbf2a51,Moderate
5dc5f8f1c1947bb9741b9691c012b238,Rare
5337bc335918ef87b7d846bd9277cd5c,Rare
6401013e2d0a41cdc070139ffd5eec2b,Moderate
0acb03ff6b39682572ca9969646d642e,Moderate
b5231ef0fbba1cb178e38390728facfb,Moderate
39ceaba8f30ff1a65ac8f79ad7877a18,Rare
cb609e77688c7ec1ec32023c12612aa5,Rare
e145458e21d44867305d4049c6069ada,Moderate
a71a87783765f64be6ff57c511f9ce7e,Rare
e8a7e118879a4936cef765b5a35c3671,Rare
10d465e976a74cfecf9ec55ccfbea051,Moderate
3fe793527c2b0fd9c62aa7ee17ffaef7,Rare
c70c4d601c71719a934d2340b1c4f3d4,Rare
79b8bff91722fff9a6fecd9949b18460,Moderate
a4c8c7371e12cedc38253f91a6559540,Rare
c92da300b460c5079275f6c53cffa439,Moderate
dda5ad3c530fa4d9d9646c27911f8aea,Rare
103f1d454a02665a5d6f0820b7bd3a3e,Moderate
05094d35786d6cb1323d56903fff123e,Rare
9096358128196ffa647acab41ca9ede5,Rare
ef16386b815effbdcc039fd04901a3d7,Rare
36bf34b4eab302eb31ed138252bfaec6,Rare
356158795c0833d0a2c3d1d81c514be9,Rare
70a12d97ba41303a5168f10802616936,Rare
e58cde171bca63bc425bae0ccf2b03dd,Rare
8469c9e9e28f7c18cef6c320fa58af16,Rare
0b97758cb98444de5f1a5a276000a6c5,Rare
8239fb7a7f829940bf7c9b76d2895a8f,Moderate
f6830945758afc456a5d2dd55a001ea0,Moderate
8729acfccf46bffe4e2c849561682e20,Moderate
d476c0c2657121f040ce3ac29a6ca92d,Moderate
c99f39ee04c7c855fa1478af5dbe80a7,Rare
fa01daf7311a825732a268740441c1d7,Moderate
003c0fd6a71e3154039e0def2800fbe5,Rare
1ccdebe7f6cd33825a6d77f182ccf4f6,Rare
d4efb846f26af8c08de1128065b9c7dc,Moderate
4e56e8b5cb6bc216c308b2b24d921873,Rare
74dbe65c1a880295070e9f41a9cf3e06,Moderate
90c000fb281f54c34da6617f6f2041c2,Moderate
09e147f54992ae6f2e108236142e9b98,Moderate
42c8a7aaddab98ea88bfa89248477f2a,Moderate
70bde3caecd02bae601f1b4d383ff0d4,Rare
7b63016dbeab4cb897aebb036b498bf3,Moderate
ed32ac565122063b12ef444b54ec372a,Moderate
493ebc51902dd3cac6d9da59095946c4,Rare
4535f02012fff80b0a0735252ab61878,Moderate
ffe5e9b166571aaa07b130b83260557a,Moderate
7f19c2b62c498cbd5b629ace69b42bc7,Rare
41542aaf0fc96a2bff62227196f934bc,Moderate
78b2930ab65870012c15a274f51ea304,Rare
c3b43499c115a4a954b103199f0c125a,Rare
6a45116acf42678b12261df02a6a4e0a,Moderate
aa95f65961f0cee0f927f254c995822c,Rare
f01651d666dfc26be3b72f79b43505d5,Rare
5daacd30c3cafacbe74d173017ecd801,Rare
3a81ae07eb783878f39483bc6c68f4d8,Moderate
e7b6c4ff26490fd7d636b849960e9e0c,Moderate
dedc4a98cfce9ed71b7eec911b4b6d54,Rare
15c716f1d53ec9d62188bcb221f2d69c,Moderate
c69a77acd1ed2cdf8fed88d20c4e0ce5,Moderate
a53187ce2b31aeeb2a652be7def7453b,Rare
935d4bae42aa6d02e9ce3bbd5fde6f57,Moderate
6250253debb4dd476dd5f6b50a1a509b,Moderate
c93adf1f033915dd55eb98282160b885,Moderate
39e54c9f36ff5afe8b8bce68e059986a,Moderate
a43b5d0dece0383ddaa7db7a996c83df,Moderate
b682761f36fd4971688faaedc0f78d38,Moderate
83ca6c0eb5001c73db5793f90b67323f,Rare
4ddfb79104b574c2fa2e9765e7694ce6,Moderate
06beb0e2d9d1c6ad702021a2b1d4cc74,Moderate
aa30c2f00be2d4ea861a7b881238342b,Rare
542509bf2cab020dbcf5c65029d22a53,Moderate
1f82f984daf90f93e89b627e1d44f977,Moderate
8f28e3655c157336a9fcf4afad616126,Rare
20dd30c438ad8103ad88c66b3f3e8e35,Moderate
614d3ded04d49f4d72d2221bda9ccd80,Moderate
cffa0935a68b198e86f48a26eb759e4a,Moderate
d9bc947c7450444151fd681ea10e2220,Moderate
99872faa70c9e10a65ade2fe464ad5d0,Rare
fe15b4c86520cdff59c9fe1b44f99073,Rare
aa4565d107b1acef17e4fb4f77fb961b,Rare
61b10f5f1246551c17ccc19a6da5c554,Rare
dc8c52d01f2b199c1c2426f3623a8dfe,Rare
921d2a0bb6af7e742aca1a4fbd890d74,Rare
b718175aa72b30bd4ca26ef7e1351472,Rare
d283d12d117b225fbb4df582f39ce866,Moderate
7ea4ca805899ee43d45d61cd2b0caa9d,Moderate
6e030c71e8261826c6d5de1be342cd1c,Moderate
fbf3d87bbd0d7ef767d684fc5a169760,Rare
42baf75635859b42857a42957b17f644,Rare
859749339902adb54cef27cbd7140b8f,Moderate
04549ca11846e9feda8becbf76b3a376,Moderate
81c9486b5e64b32b7ee78d01544aba14,Rare
23e84deebccab86ecd62aac146a54269,Rare
3352cf80afbc2409841c306e27f73013,Moderate
8a3b5ffd83236eb1dde7b5ad28fe2bcf,Rare
ee14ef7abcc8a3470f1c16e244868f9f,Moderate
43b28f5dd5b89f9cec976c65fdb6b405,Moderate
261d18eec986485b8d14fd4c3742566b,Moderate
6af6d5c58ad8966d9a7641981032e12f,Rare
381a4a03b9503058cd83fdd33b0c7b95,Rare
b1d8df409fe34dee56f5fefbf1724fb5,Moderate
fc503c007f633f73ca6504cfe777ddbe,Moderate
070fce96e7fbee6eb02994202136a402,Moderate
6adfe258a3d82abc760b6eb9c07bc85c,Rare
47f4345e2f0d253d3f03379ed23e0d82,Moderate
c96daa47115f3af095208c222b94c25f,Rare
533cec079fcff499a65b8ef063e233f5,Rare
31dcb36a0e608d122f5b314d41ef762e,Moderate
3234a70e6e9663a45919d5fe523f29d3,Moderate
2c1bb99282b5a4e166fbbbcee142bdab,Moderate
f0593302c5d83a418582c8d4c35b0378,Moderate
3bb06549207e8cd546245ed828d58e4e,Moderate
6e30b8d03817307f13af9a2aaef3fc5c,Moderate
f7638667e86d915037c5c86ee6cd0852,Rare
45df75e3513048065456e7c26c100850,Moderate
4d5bb9a5c0a70696e0f51b7482240af9,Moderate
59ff881969de6fb9d9d1d977b8a67512,Moderate
4f2ff81afd0266f7ee49941a2fba6b4f,Rare
58a65442568cf01bc4b8cb6b7e4ec0b0,Moderate
1c7ae7dbc3d29f7508bc29279816a854,Rare
102b391aedb457e198d703f90a20e134,Moderate
9204c0cd637954ff4521940ca3425e40,Rare
c891ca77c042c24a0ac405389d24bdb6,Rare
0dc4704675e3c6f1408a1a585f466692,Moderate
9a349cda87139e080d7c84adbbd42672,Rare
48751f0e87934e55e1bc0eb41ba64231,Rare
7137ef3363b4f3281c6bb36b5aebb069,Rare
0fe155b41fec06f5c8465bf05f97bb65,Rare
b017d0c7ad4cfc95cb30c44939cdba0a,Moderate
c0fba1b2003803f3d63f6932a8326624,Moderate
37878ae47fc4374aeb3ee774e6b226d4,Moderate
ce599b836d392fc2a467c4a9801f6726,Moderate
015bfa8fb3c328aa97e4577ba9d34667,Rare
070d17bc3021638200cefd57b638a2ad,Rare
0a9e2b2065b83ca2d4bd059a13f17439,Rare
ba59521a64f389a20f674f8fdeefbea1,Moderate
4c042a0b1d72902d6fc23c64e20393a2,Rare
d7bfb8c0f917a2932033a3588be37a1c,Moderate
dc3852b892af124c6eb667abc6c4109d,Moderate
5e87fda0299cc960c269cf9eb61c547b,Rare
dfa25e79708cd991f683c7f3362e04d2,Rare
d9bfb9e27bc631a5e8170d36af1002c5,Moderate
46537d2146ae1633282596d76bb0e149,Moderate
ccf0b46ac77032d18b728089ca635e4c,Rare
5ea6bfb021907b018dd960a02ad6fcf6,Moderate
285332db421e581e3db35756d6e1cee8,Moderate
16bb2127a765b93d1223f2721c645345,Rare
9ec1aa9ff5aaa3710ff06fff15364f61,Moderate
5be7058dfc02e8face1122b3156278ca,Moderate
ab9b018ac018eb416c07bd4d99931d2b,Rare
af512e8ca26b60ee031157bc4cf3b394,Moderate
0d0320e2f856c4d988849d6c329d5354,Moderate
b5f642d4084e505d0e3e54d85491da1b,Moderate
4017ebbcb9e89b1b4328b5ef89c2747d,Moderate
af32829e91d051732b478192bc3163e3,Rare
0fa64d5009697de5427340dafb3c635c,Rare
b67a8f3aae181877026a393ade445476,Rare
bd6b56c1f82715183324c04dab648609,Moderate
8216a30e8c0c2093bf8fe64bbed7fce1,Rare
48e5065a86d01114e3b5fd2748774205,Rare
db7a101b61c4bb2efb70fa602f7093da,Rare
3497725d3b3b857095ac44313f47af38,Rare
2d06c87468459519520ad8810ee296f4,Rare
b96a0629a6e49afad5f8149dbec6add1,Moderate
0782e0be05d93f3b9b5b67759fb03009,Moderate
ce9a563843a37483ec18789f54e2e167,Moderate
8dde2f10d84b47d55feeceffa6173bb4,Moderate
f3cb51924bfe05e54cb3a90e254534ca,Moderate
fabb2c61061116fb50bf2ce1bae12099,Rare
8f41f7dd1fe1a7ddfc972209b8a0f525,Moderate
e837c99c93019c3284b5b15409ae5ef0,Moderate
b9405409631f9c0983fb62cf161d0c7b,Rare
bf350da6371948b6465825acb18f92e3,Rare
1659f6dc8f291ae3fa02c18623ba92f1,Moderate
e2be71e96269c3bc0d5228fc8325080d,Rare
b3a27806e74d74134bdea4a20020c501,Rare
01b4f3f7faa5fcca57754e5efce4c5e2,Rare
02e104867742c8898f49ae1528ec3c4d,Rare
d7c3c0004aa6b3e82232bf6db6bc031f,Moderate
6ae00a60ecbea2406712dbbbfa35659e,Rare
546d5dbfdeaf8e765ceb133dade8d45e,Moderate
ffa60b638f310e96444e73e7848c2f10,Rare
baf4b1625d753f03513ce2a490d387f5,Rare
a0059301f1cc0b512a97697ee71019cd,Moderate
0e21698702399843ee24cc5ab9b18f84,Rare
abb64dfe735433a00d39b1ba3134e1c9,Rare
fe66e442be1ed1ae90c34519fafdf664,Rare
02a56d50706021ac78d41d06624cc1d3,Moderate
44285aa2ce476db079d25e79eaffbc4a,Rare
fa1b42fcead9a29a0b7ffe5fada88261,Rare
67612da63179ca9002800e0bc7665c3e,Moderate
49f78c1b5ec87d60e8fc17be5d665a73,Moderate
54e7899b4bf46589e227cd51ecf17c65,Rare
9425f3e6809cabf1c04435d60b9691ad,Rare
e4488e36d93f68e9074d439915a39a0b,Rare
b3f8ccf15d9b0548e3c5ef37c35528d1,Rare
9f693b5bd2ef115f40a88ff47205a07d,Moderate
55c8bb5a970bd2792cc1d589366bd56f,Rare
bf28055574092c002d2d792ebe4bbcde,Rare
e9c2cd398c5ec7a36d709310377ded96,Rare
c6deb405d2cd8289ce66995f310e7adc,Rare
640d39acb42e81f3e074f832a4d1d0dc,Rare
57bd7d74e44c2464395e8688b6bc130d,Rare
c2a255a63bdd4e8a77082f09fe2bd7d0,Moderate
543f5cb9ef83c5bc921978b051c3b336,Rare
33a2ad457157903c3a54883910a60d4c,Rare
ce0cf51350b3e06a151cd0d5ca4726df,Moderate
7a172924277955a713a985e6ab5cf84f,Rare
e23912b64825baeac5d3b63027f22ecb,Rare
f61cc067cfae7b9d8928e649f34b2642,Rare
aea3d7bd4a64f215d7c81aed26f0f0a4,Rare
7511f37e567cdc353a0e43bb867b977f,Rare
5605e60198efb712de04f71b89fe4034,Moderate
6b5c706a3b32a4f185fcd45591c22407,Moderate
95000379eb15ba084ef086867e6f19d6,Moderate
e47375887eb801643762f0237613c667,Moderate
b19ccd23c5d75af1b9358ebe438d3afc,Rare
386ee5b775039356e1a847e872942151,Moderate
c348cc132bf358939c464541c2058381,Rare
2b7c602757d8fd26392556d7b7f8fbcb,Moderate
7399a8e2f699e6da46989c30c261b5d5,Moderate
75cab8680b2efbba0734c68107331f80,Moderate
6af2f28b7dd6cf3c4a8f2de6ba7b4845,Moderate
e3c3450f2d2c1db51f4900893c11f8ca,Moderate
8eeff3ef8df7b2de2a4ab7932f1da7e0,Moderate
188490eb33ec212406d3ee064169550d,Moderate
acafa924936a8a5b2fd29afb5765d65a,Rare
79e90630e800cdbb0ab5baa839bc8612,Rare
efb615b0bfc20f2eaed42b84ef9edadb,Moderate
a98f23542dfdb7ccbe3b5fb94ec991f0,Moderate
5b2d7984b2afb24242c0494d45baaf4f,Rare
cd81ee4e1e2ffd1c615a47e949afb978,Rare
f2af7a2a2182e23dad7e524b9245f67e,Moderate
42fd96904a41e0128303608623ebfa6e,Rare
9150b5b67a423f1dbc6df507a66c87ea,Rare
db0d61288cc07ac0b35b273eaeb5db85,Moderate
df04eff2614a7934c34fc13dd1164232,Moderate
ee4f4211bb2e8f7bdee02a0bb01d10f5,Rare
444c740fb93a3dde74f46cb4333b7f08,Moderate
5d29c87ef373231bc662e2f82e2892ea,Moderate
a9f59d96519e86d30367b1ab7fa4e450,Moderate
f05f0795f1a285f0ed5925c00de18e78,Rare
a92dbd5115c3338c0ebff6029fa8afcd,Rare
eae44da9d5f02d10c611b62b122ea676,Rare
efbcad4226fbbcfdd6366f4a89a4a46a,Moderate
99cfa63a47bd8a2cb2a48b2339f0d7a8,Moderate
861a8a9c56f033ee18dcf8c0e3c00018,Rare
9798cbe0bcf695e0caf6710e8c5d1fea,Moderate
e71543b2266779b009907325b2010de2,Rare
9f3b8eac7ac68414b3ac0ce14b993d6a,Moderate
d5fa7bc6b43de125f7398110ed7a0d1d,Rare
d9721e71167d05f042540f0c18e70657,Rare
5d88d598ce3e72b61a0341c38bad0074,Rare
b08a821dcb3be0b2803d0ad65ebd040c,Moderate
b20fe4e3ef3df8c712417966d5e36617,Rare
7893d0e2f80e7b3f2163f22d69a0632b,Rare
353412cdfc8a71f40f50d754bdfbf5a2,Rare
144a3496401920ee93f55124249a07bc,Rare
c2ef58d493183e963ae5952d4218a27f,Moderate
4bb1185759da6d14088e731dbc0b312e,Rare
214791f6b8e0cc5295679a46ad792de7,Moderate
80dc0ac15029df90e54d82f216344a96,Rare
8ca188eead10bc736daa3b21421aa77a,Rare
bd6ef7b2e2d98fbd9ae6760f051aa3b2,Rare
dc193f2fe8365f6b47f83569a68202a8,Moderate
b3c3f3180f499545b9a8e516f889d7cb,Moderate
b031ed42d45d140cdad7116a65ede39e,Rare
299c85e66a6be73915fc1d9b9a06cc23,Rare
b43edfdbcd01673909d38ef9a749556d,Rare
86e4755656e2a59eb274de3c2fee69bc,Moderate
04cb4df895d4cd30c1fc692395d64c18,Rare
c19312cf2f0a96a088d67464c0ef52d5,Moderate
6b8ea3892c1624d1f8421f3746cce022,Rare
30c7a7dc92b573cfadbcc220155bc03b,Rare
c1bc3ebba74a78a20712efb1f1f922b0,Rare
f3417e4bef5f1472957f35952e060c8b,Rare
de19e9675bb6ea331f32c9a8a22085b7,Moderate
ba222c22b77882b27366ea2adec63918,Rare
d1b12d2b13b6df6877c73c1426075e4e,Moderate
81cae374c34af9d2e56ef6c38c9180d5,Rare
0e82e69267a048a0509fc432759b5d84,Rare
c86942ece40961603c2809f3de5e2eec,Moderate
3840efceb05b889fd49a4ae9d2736026,Moderate
46281a5441831ca03fb1691b7fe901da,Rare
e7e4e6e35e33514ac2597d341f1c757e,Rare
76e2d7b3f598e1a6dc0ed985d48d2ce5,Rare
a1f72e2ddba37c422b2694680335a6ce,Moderate
6be43f36c0ad0faded32d52c7a73b7cb,Rare
3fc0c3b2d9cbc898ae4b821340af5eb9,Rare
d881bc5640d7f1edba88315f7ec40345,Rare
0ca2df857741df39e9b4c6bc045d52dc,Rare
8cac6887b7cdbbe1e2a80046523e418d,Rare
4c8ae036fbdda7a58e9e8cf08db923f3,Moderate
68ddcfb1dbb60f18456b6c355c8b9232,Rare
61a919ff0c75e07487ca0dafbc0d8a3d,Rare
38d55c869c361e14fc200712da51b7bf,Rare
ad592a055cb2ddf1c9ee96b837dd20a4,Rare
4d1bdd730c64f0f71ec367b019b63ffb,Rare
03ac2b867306fef56049997acd430d31,Rare
00aa25b01afcc8e2333b6a84dad2a314,Rare
ec4a8b17ad435ca07804b605eca61baa,Moderate
f16b5013c81f97bd330ccb2c12a51dd8,Rare
58d4deb3866c9dd9818b1c4112dc3bab,Rare
64eeacf0fcceb7aa3e2e5cf7d524f7c9,Rare
709b20459fb22b42d59ec79f880a26e5,Rare
1fc0f45b282e358942aa0a5ac43b434f,Rare
ddf26eaad5f519f7e552b483aea7b342,Rare
0fb6ca2a08e507a8b32a690e8d983d3b,Moderate
b3e529dd63a7734da9f0a3c1a771a1b3,Moderate
2388f4199782e042615d2cc4ce1e1e0a,Moderate
702468065d092fd3ceb5a3ccdef16357,Rare
2cfd86845beeeba14dc75809f89b39c5,Rare
c07b06e44e42b81e392e0d28e46ece26,Rare
790e3497ae524e726a5060733f82db7b,Rare
91750df659fd9d52e51d1f1d03d1e74f,Moderate
8e96c65a7d22c124269605e39e61aa52,Rare
777029bb36012cec36c8243cc0a42b39,Rare
4c4628091bd2e5cefb1953f8779d075f,Rare
f763194003bcbf1c906406a5f594d5e5,Rare
59dc7937cf12fb805dda58c5afc8f0ba,Rare
5fcdabc180d4c0009704eae23b38d1f0,Rare
2ca0c9672ab4d4ee0101aa252f31e1f9,Rare
3c0609542b8420aeb21d70b90119aae2,Moderate
83daf903754d1405b61ef4f9ea9c3833,Moderate
88f7066b127fc9d95de8115b21f7d5b9,Rare
9ea0a11e8db86a9551ebe004534d54a5,Rare
ab91bc3752cba958aa956a1ac66d6567,Moderate
b5a8a5f7d18d223fe054aa4f8ec0ea30,Rare
0833d64fc1ed84359027ee8d1834f0e6,Rare
bba0bf3ddafc09a791dfd462ed4b06e2,Rare
f48e1401d11f792d388b95dcc6afe2aa,Rare
950610a66c5e834daff4a696f90ce7aa,Rare
f898ab67c6c8c3fb0af7d957198c0e16,Rare
b75df8136db5b853af10d26b02a628ce,Moderate
64fe2b63beaef2c67c270034f159a6ec,Rare
502ffbc53f4167fb291d1ee363f611c9,Moderate
36c93ad3c12aa3d3b77c08dc78471c93,Moderate
9c9adf82b155422b9becd117560f18ad,Moderate
0d716d89d999a2f430ac2392bc78840e,Rare
5b930e1651c90424875396213c9bcd30,Moderate
641b577777fcb699e2b227fb7db13c3b,Moderate
9bae3a951c05cef3e9b687a24d8c0674,Moderate
33976a95b48e4049455501ce9b17d834,Moderate
8981dc7c81748e4b8383d51c66bf88bf,Rare
2f87766fef11716abae535196a68f8a6,Rare
de1b2ec8c5bd988a4621bcb10b46a8f4,Rare
0a111ad4bbd14913a8d12e44603d031f,Rare
cefe8b0013badeeeeff456bf1efee640,Rare
00311a82f328f5e86c45b75154b97ec6,Rare
39589d12e005d57dc9de7854923fc133,Rare
9832e221efbefc849502dd4eb2f9352b,Rare
09eee3f4e18fc9e677a4db01240cf539,Rare
b56788ecf307db3c7c963235f032af88,Rare
1087ac89c53f8f0673a0378358a89a24,Rare
8ba95a33a5da614c24dfab8b39a182ce,Moderate
8d6923c4fa33c485b991923e68da7541,Rare
2db8699145ea87a31a928966aa97ea20,Moderate
9fe8cf706e9616dbb5b70a8573d8a895,Rare
da21f6e8541ac8a16ca3bf27238d3ee2,Rare
cfbca2f38caaf6c526999ead91d5f74f,Moderate
7b7d2735c30e5ace0904f8c5e9b5ed22,Rare
1aefc3a3541f5d7f056376fa72497239,Rare
b81dcd656d7ce3673d8fd489c730e646,Rare
fa18bacaccbe910e206fd25d7a1d349b,Rare
083e68efa1b119d12fd51f83420cf117,Rare
06f34cae61c5389f45ca9dd0d72e6cc8,Rare
5ef36550ccd3e7eb0c010f24d09733cc,Rare
4ec62d01238716a247b1aa541668a769,Rare
a90aca5fe922c55a8e9bf0f778f4d405,Rare
25d18fbbb2b7700cb5a94bff075d59da,Moderate
873e836435ae1640dc07a20693bfe656,Rare
40cc3d8e08f05bbcca0a32aabcc60b18,Rare
cbf4c131d8f296078068d0a789bedfa8,Moderate
45687602ab1da38f7dbb45350168442b,Rare
7f016144c4a734d135feac5a29321855,Moderate
2059c029af4fa05f62796d62bd5f6f05,Moderate
6c9998d310734f5de1dec6363070f8aa,Rare
0a31cd850b135fa91c293926cf89fdaa,Rare
10940afb6094e79a452a0338efd38c1c,Rare
b392a706117ea064057956e5a4a5d68b,Rare
6c846d55003103970548999f06c76e9f,Rare
e60a76f7f513eecbf3102b23bed6095b,Rare
e3b1d8b5c3bf05ae5021a38d9bc8da42,Moderate
3ff79cd7aef3df62769450dec9d7076a,Rare
9ced88e20b206045ecad484ec66555fc,Rare
ee673a49f5b2f7d3b7aad336957bda98,Rare
8a9a61ffe295c844695c8f63e8108b23,Rare
2e524ecca110bdfadabd078d1ed903fb,Rare
f96dfadb62f5596e2639851ce67791d4,Rare
3d334c0be40d4869306f5086f5a2563d,Moderate
8518018dcb6c5cb40e5b07c1a6579566,Moderate
e1804081c2830a132965c2d6d3ef64ef,Rare
ce8e7221bc6139fc7fa046ba47b73973,Rare
e665050eecb49179f2bab51c09660400,Rare
560b110150bbe175b8f6114aeba5bb84,Moderate
e24521ffaf75bf1baeedd03b603558c0,Rare
2fe51baaa3185f81511054f600d59490,Rare
75fc9c808a906716f4cf4814980628da,Rare
f84e2ea48fc1a33261e260cc4dc9c3bf,Rare
b2eefa3d48d740e1c730da3ab940596f,Rare
ed820029129069a1a8ece3ccbc02cf34,Moderate
613165f842ec60025cbbf78296bddac0,Rare
1c8c2df0a2e2891f85effd1645af44ef,Moderate
ccd2f40a75633e0c11426a5cc3473176,Moderate
07a889006293fba6126508f554955ee5,Moderate
df48e6678fd8952db018c8e76fcf2ab5,Rare
aeb0fc36f7b83850439a68278a86f2ff,Rare
9a570fd108f3f9a21500f06f98c09a3a,Moderate
2d74e6c2636e874d31b2e8e607a71443,Moderate
85ffb2d1731b318a0e094a00c3600be8,Moderate
4d3e0fc6dd39bf4ec594a41839a81e26,Rare
295bd4adf2ad874093d347cb0e7255a3,Rare
92cc81601bd5e2472dbefe74bc5b2728,Moderate
662910e05097be8cd62c1c3d5f80dc16,Rare
c6bb0714f2a0b97a312b33b2c7ae4a5a,Rare
47bebbd091c1c2f2a877715167c94808,Rare
ad9c0e90dd37b9380117c90339d254c8,Moderate
03cd7920a6b0658cdb2cb7a8845fd4ed,Rare
8697cef284eb7211769d6898e0a2f132,Rare
ba5f15d4ddc7208986706d92e163a90b,Rare
46d8b9558eed00171e3a0e8e97561f1e,Moderate
3c0a108f07668e32c088f9dafe6a4246,Moderate
5b31299b147a4a94c5b208989553a864,Moderate
92889adc6c7da416cba0fa8498dde3bd,Rare
e80dea861953a9ac116a4b2abf7e8519,Rare
9b1be75fbf8cc617be59a38568ddab69,Moderate
e00aaf36d16f2d67d32a8591903638d3,Rare
03921e4c76e61dd4d877bf1160e7dc97,Rare
0b39478706876468e8f6bd42781b0bba,Rare
de25ed10da96320016dee4fdf8ae3fdb,Moderate
77b45f3b6a3d5c39f3d7a81fe0bd2225,Moderate
7fa35fc7e4cb0e46c4f96ae3b531ccca,Rare
b2f3837275a15513e7e21e2eebdbc05f,Rare
ce99eed20d53dadd3a46d2384fcef1c5,Moderate
e82be46313f5ab9871e69a84e7379652,Moderate
6dfaf4a9657ad6716451c5ddff3b64cb,Moderate
789bfb6dc271973e354c220b75e7781e,Moderate
e14c5db5fca715fdc23f221affe2268d,Rare
b67df9195771ef4ea54c1bdfc776f94c,Moderate
94eb86c7d64f548a7f763917d56dae6a,Moderate
7ae72ab2a86b94f7b32e9d0d4458beaf,Rare
f3f6c16d5226de9cf5ea6b25cdf65f47,Moderate
8dd661b34ccc9ed48a63be6d74f482f0,Moderate
cf6f2e7503d05fa702f2ac7e88ab0769,Rare
669a64ca5ee2be6c50d74098f49d420a,Rare
42fee009f57ce0a98cf83f4da21c8f34,Rare
6b2077e8d95ef2a8af7ada67adb12ecb,Rare
b8ca6b21de57727bfe932a57efa938d6,Moderate
e256477d2ce88fce2034ae9761f4c906,Rare
d07b985c25fab85171d8f3ac4232e468,Rare
7c48fad238371c16e431118108c0b124,Rare
254c79987a23283be5ce21f479e1de33,Rare
ae8785f9e4fc59bdd4ec8d8647c4ca76,Rare
7df50e9f992129f592dd9edae57a22b2,Rare
eef84092c62952af8402c019bb86ea31,Rare
7ccf8b9cd2efb3121824fca0e4971eee,Rare
fc76440e3bdac11fb64fe61ee29f5284,Moderate
4077222e25d3f2fb29d683d4e8e646e9,Moderate
52754d0145815bbc8f7ff339761099d1,Rare
0a07970e8fa163392d83da32aace23fc,Moderate
7fd329efd5f31b8ccd1c07ee96fde9a1,Moderate
5cf6a1d07279b512b4c67b0bd1a3faaa,Rare
403678a120d0995779a5baf7468f955c,Rare
c5c40b0929e7306ab85dbb700b1888bf,Rare
71addda6de15c39351b5d50c2c160d06,Rare
6be030e563bea4d73cd08d729530c06b,Rare
693641ce9fcf65fd70539ab782afd33f,Moderate
690ba17c7fdcb66dcaaa179b7b6f34e2,Rare
7c23e13cc49d53254b14c5e2e25ae5a1,Rare
52e61b7a7123263230b57a604c6238c6,Rare
ff8a7baf2b14efbc5ae2f99762968196,Rare
547ab764ea8da76d8a1c059e4c1f1061,Rare
1a33004986812a56e0fa9624dd77ef0c,Rare
0b4484ca534bf32eb72bdfbf232e6d00,Moderate
a89417e37e6e0f3912c852359f7983b3,Moderate
842874555f4cda28b17fa978c11839ff,Rare
cd87b4f5296f843fbd0c013c24c9edd7,Rare
f7e9e54698fdbbfab48e070c7535f75c,Rare
8c654ba9f8739a9947401f67a36dc4fb,Rare
9ff89bdf781bb8b45f29f6cc1c2f98d4,Rare
cb605b626509ee82a5c5ff1a2d48877b,Rare
8d052ad76378264f7d79fc94d76a1115,Rare
ba27566582abddadd76f848719ca87e5,Rare
578e43316372f86f96ba3f49e712731b,Rare
ff22ddcb18bf8830b46b4204f289fdf2,Rare
b481c03a682f7ca533398e5a76ee1c9c,Rare
2a171079ce7acc9bd4c71093e4fce5e5,Rare
35d1a9a3db44309229f90b4055579fa8,Moderate
0e82da2bf28b9b4051f4c99a856aaaf8,Rare
6a28e7dac6c8799119959ad11bbffc8a,Rare
3f2ee40cfb89ec4d5657c1e3addac84c,Moderate
b503b26ded9f0e8386192e866018dbf7,Rare
12ca4d05982100e65299b9c2e9abf77d,Rare
e61b041787123c47f239cdacb431d0d9,Rare
5b9a10ba59c0b292bd648439fe4d58f0,Rare
6f0b176466d3f65944b461b85a09dcbe,Rare
155e5c03c55cd4984869f4dfabf3df75,Rare
f88958de898182b8baf66115cbfda18e,Rare
f4fc75050028b9c2b592e95c64ad4e5d,Rare
99d712272347c6d1ce01950427165b5b,Moderate
ff00b4fba3fa1bc5684f0d44d68895db,Rare
31d18e0444fc5a9fcfb03790188b1cb9,Rare
227db6b9901454b190b79ec038f7403e,Moderate
23573f99686a54365d561f42b476c93e,Rare
dfd886aaed12427b5a604a0ef0b85ce6,Rare
fd019ec46be87724f468753f8a6464f6,Rare
29d765ff8315a81711817030c1bd6276,Rare
559b6c8b4450f59be0c2ec71c45ab255,Rare
a134c63340b593f402024ddb93bca3c5,Rare
059a3b20e682733f1fd19ff138b84e0a,Rare
92341ff76e0aff2b49e78e5175b4b912,Moderate
8663f8868e015e1a2c6eb7792ab8005a,Rare
27046a68c9d35d0516ef41c24cdb371d,Rare
7cf98dc7d47d845a3ec8d32d3544b98c,Moderate
01313dd3b3c1def20e435183f0313b6f,Rare
c22ddf9a2faee2b3372dc4a563785c42,Moderate
0594c41cb1afbe104727e5566ad4682e,Moderate
3be6ac6ecdd3b1dc9bb8e3e906db4d6b,Rare
64e968d68aba908a3d3b4e7af4828c4c,Moderate
c51274b9a572bfd66ba3bd5f60df7c23,Rare
900262bed0e3af61ecf4f1a8d4960297,Rare
87b176cb52e00b7bcbbd44f20ba01a40,Rare
a00bf0ee0098e334ff528ed34e90e3e2,Moderate
3235b45c403fb5ea2e2e270e851cbae1,Rare
9314123a97167ae2e737562bc084aec8,Rare
53db639df3c9bee94b1c46416dea0529,Moderate
7735def26bf2dec33bca6e50943f27fe,Moderate
79235a35bcb91d8091c6b6ab8e145d39,Moderate
a8772b47e043b213415137755657814b,Moderate
340f9c3b3c1dc3bd2c9db3fce66b4e09,Rare
cc677cb45c712f45f95e527da1c29aa3,Rare
fdde49883f2aa65aa1be5e9a45362901,Moderate
c88d488a9c69477988b69a63be735a0c,Moderate
86e8d162ed604606f277cc3bd0a383f1,Rare
92a2363f9c66d67c2beca93f553b8c4c,Rare
fa2971a6ceef5d6a9dc345407b7dfb58,Rare
e17e2479174552309d8c8d357485cbc7,Moderate
fa0195687ecca34811204fbb9fb27ec1,Rare
19adbfac46d9a2a136f45c4255c1265e,Rare
5bfdc8ec67248f288ab740dd0e437c9e,Rare
5df0b1d0a197860bd1589e09c20d401b,Rare
5161845ad88d2e83e704f828d72db1b1,Rare
d11e8bcf446ec1f29f1d137789176ec1,Rare
31bab88f78d13dd35fa44dc30f9558f6,Moderate
36b8fd45eea76835d87928d99e72b51d,Rare
a322abd6ec2162ffc23a3440fd756ac4,Rare
50532a498201a3544126f188c73bd237,Moderate
00162339b0a9ba9f52fa63b3bca95924,Rare
57c2ffaf76f891acb40a5b603b2e41df,Rare
18d27107e45f934e1a31594e010bc184,Moderate
bde4913b1ccffa7469b37c196f454be9,Rare
bd19d2bf7ec47627bbcbf5ea8be528a3,Rare
c653bd77654180aa1558d28b004dc366,Rare
c36057b07c73aceb9967462671446b8c,Moderate
c8e1e88e97de2ecac60230812dbbc712,Moderate
c0beb9e7ad54cb2938b98299cda612fe,Rare
b53560d3b8e827313939b3a5ecdd2ff8,Rare
2afa6084d41e16a94cf686c87fd3b317,Rare
6d1b36ad150011017c892f295cba7aeb,Rare
7e7c32807c9da543d8d84e6ee31ddf9c,Rare
bb8db287e3d50080c8f4cf6d63ee1113,Moderate
54e308fb23071b97228d2a9916f1d384,Rare
0ea08037912958eb34df425828c3f26d,Moderate
fbeea43b37ea2a1fed035416a65d7e17,Rare
502a76f1b7686364e401d664d3649b8d,Rare
78dc5e02f85a784ac5ffa9381cd776cb,Rare
2dfd7928cbbc462640fba52eb0dea0b3,Rare
2b20b53ec12c74fc8b1749c68145442a,Rare
ef6c026fc3fc9082799681a32a6b6986,Rare
764fff322f780ff67a5e37ff5603f80a,Rare
dffdcc30efd759e98fc74040861d8ebd,Rare
5b71995e07e0f8cc5292de33fd7d771c,Rare
4bbbb14730da6523e4985c238185b55c,Rare
0de6e9e603c1b6197e260d629d3ad2b2,Rare
3aae1b791f57e7fdd939ec0362180b7e,Moderate
622597370785ef973c8c64429c801148,Moderate
4a9f801503676187616e3922e70552c0,Moderate
de76d33d9574b98cc4b9a071541409c2,Moderate
1d52ebc864fe645555640924d3361b96,Rare
a2f865ba832a56ab8e7a7f3a81c0df1b,Rare
ed4b67d421e7a23813c83df05e108216,Rare
e637778cc7babc21cb2cf602b18db9ae,Rare
6878584938173dc59a2546e484f08d99,Rare
477a5e9f42542b10cdafdab3556305cf,Moderate
f2782ef1ad06f3d52349d61c1fc70845,Moderate
d436b170d22b5ca36da53eb9bf7da02d,Rare
299876c73853e0e5768a901cca4b6637,Rare
33f55dd4d3ebc61764905dd874f937f1,Rare
67fd20a74983aaa4539c7a852b4411b6,Rare
416109c415164294355d315033f6dd2b,Moderate
ec407c8779c5f07cbb2be4364491e22a,Moderate
89b0744e2688db0e683b25230fb47c02,Rare
70f9d7cad7880636d93ed48c7e631490,Rare
3bdd9b6fc57d436459e18f5cb9b49bed,Rare
4fbb1cd8ed0297ba9fa8f47a85b5763f,Rare
71916fd635bdc979ec85e1ddfca0319f,Moderate
8728847932e0279b6ffd524e69039789,Rare
41c999855fb8406fd7cae55e4ab7f1f7,Rare
6fae621cbcf3a9fc0c6c47b482e35d5e,Rare
8bcfb38d481a50dd4605e5e62f695707,Rare
95bd69d928e438c1847be5e2eed4a24a,Rare
6e561be68ba5f9e83b61d80b443b388e,Moderate
579ae6692ad24fcbd34318d79c39efec,Rare
6169e6759e2b7f0273adab248d7fbea3,Moderate
9e2e807f5dd646f7eec58037b8c4a586,Rare
fc66c128f6a79a736e7710ea09908778,Moderate
51b9f203ec347a219dea5a5bc5b65597,Rare
86dfcc1c8a55f0c466c42710707b8c1b,Moderate
8c9a4c2a86a8d5e4c3a47e7ebd192964,Rare
a0dc12c138b9ae2fef988d27ec26f57d,Moderate
329401c533e2e07d1c28361444a46be6,Moderate
cdc09deb9475e1bff91d764fac373686,Rare
907fc7cb1e767e655792c7b0543df099,Rare
351a7c8f5986fd63a35d1ad3df215fdf,Moderate
0d2f8ed149a478c33579d1e7ef2a0f34,Rare
dfab27c8661a34ea4f782672be50e93c,Rare
2c3e25e4fcb343fd8d8bff405b6e7255,Rare
22a5b0fd802e56f73b6ef14943512f67,Rare
6ffcf9cbfbedcff652c0a2ff341d2fa5,Rare
1cd9b792fcff41a6ec7569e7411ae48f,Rare
3b27ac76b3e8f4f79fb3502e9ed86861,Rare
d86506fc3f460f4c4b74eb8c192b95a9,Moderate
634cd389d89a10fb7c407cb6b4cc4694,Rare
10e087a9acded6f300f32c0c79ada3ee,Rare
dd82c78fd0eea950ffdb1eeb40f2dbc6,Rare
fac4d069cfab8bcdbd4d537454e79c59,Moderate
cf5cd34a33c4e3ddbe4b669342447e30,Rare
1cd4e2790907d30bd20990a117f529cc,Moderate
170e89f1fd252f70ad2bd9df6e78f048,Moderate
f8b07d0462793cf3892f71c31a8f3d43,Rare
586bc81becac5980f92b3c2e6b018c5e,Rare
5bceb861cd7d358b11a04902ebe29e86,Rare
bce1a5275121b113e8937b94abb12283,Rare
4241ce4c6bac9b60af0b4110d475f8bb,Rare
d3d1585b44e6d341a1a58cb7421eaed5,Moderate
3e2bb1f5e740dd9d166a0dcdb2afbf85,Rare
a301b9cfae5ce0117ea15bd44e19559f,Rare
e2ea6800d11bfaf167fdba42e35f0aff,Rare
f4e0cf98799af6c815a8183cfd4973a9,Rare
7ec3e3deff5d4d00bea0594807f7893a,Rare
216857e84165de109ee3fc716ceeba7e,Rare
d1b715c77c8f263e0df87cbe864d5f63,Rare
15d4ca0c82e8b37bba1ae8dcd1765c44,Rare
6b1b3b94659d1d00b6f75be78e943189,Moderate
0031a7bdebf32b8374b10b8ea831291b,Rare
b23d7f7fa44f8cb2a81fee4ecd2a84d3,Rare
87cac6ddac4fa9d30be52b932797f991,Rare
6f8cc3a5c4768337dbd40227d6409e38,Rare
1a1a996333547cec15e3d2f05ac7a7b7,Rare
fe5fc841e572fafae2ab7cd7c360c7e1,Rare
601791069829801a9c0d9f97bdb69c76,Rare
bc6174c9ab04476f3f3cbe8ab5328599,Rare
13ed5fe75562b89e18569caad81d678c,Moderate
c674dd99ea9b80c35e302bdef51a798f,Rare
bd30015657b67fd6a3ce2b99fc7d4edd,Moderate
23c00eb6debb97ed40a5aee16d5b8240,Rare
5091af84fe9b78c82d47da3d64494ef2,Moderate
219b36783202905b0523923585f09ed7,Rare
ec1694f94e8634e984d4d7de3e40ff0a,Rare
5fa950b16722adfbb5aa5609026aeaf5,Rare
a7d2ee3977c79a954553933d71fd08dd,Rare
6561bd88d6829a34203b396384533016,Rare
ab5330027d5d8b089c8d5eee1a79ccd7,Rare
012bfac9fbb3d1a3a300bb0d15ce3938,Rare
4cdf30778b16e5bbdd7e9af34593ab4c,Moderate
dc87be1f2b0f3c6455dbf29a6a35eb0e,Rare
d007c09d2bbb0005f9d221ef6d029f3c,Rare
0ef2012b4a3ca41d8c9ee847396b136c,Moderate
3b0cc29e7b2db1091f47f45290cc0ff0,Rare
a5500ff81f97fe2afe55c389c715f9d7,Rare
1972de00e1a828f60a05ba09015d9017,Rare
e3ad925b72aa6c7b0ade0d7ef2d181a3,Rare
6f1208587461215246ae1274737b584a,Moderate
7b2155251ca2a173071a2fe083f618ae,Rare
a776ce42aaf0621f70dbe307a6b4343f,Moderate
0403095b58a43e08c93a8d3d0df5befa,Rare
f6df1437c9caba2198930fb6c3ef2187,Moderate
6cc66b3b364543fcfc44120361825c55,Rare
1920099c0e89111df8a89d93bfe8e3e1,Rare
383dfccd6dc7ce2f2577bfd88f71ed4a,Rare
4dde9e308cbc5a85ca0c8c18e21012ea,Rare
f7bf4d939391d166f6ce87ac344cfc75,Rare
57d9396499bc2640caa47e1574452621,Moderate
0c25943093e6b535ab2515fb5c898d87,Rare
4dfa8145ed0a14b73da34fd08b823d9c,Rare
d20a2e08331aa92221522626c34e74da,Rare
1106e52b7725272d14d6fe8d9715edcf,Rare
ea01b1d022db786fda5288106f5cd2db,Rare
85cfbfe4badb9d459bc5b300d45a5686,Rare
667fd7dd08755dab17e1f394555e6f53,Rare
c25b959d879541067b1865296d131ce5,Rare
d2c2fed118863ef3dced7e5c5fe94265,Rare
4a336984bcee884c157d6ce4c266e345,Rare
a8c62c1ff8256433160e1991f0ed4670,Rare
ceae11cff554aa4078c6ba239ff63a8f,Rare
09ee86ac3d615b58e024a6a148fcd710,Rare
5d42993b56ea4d9950e99a2ab4a98903,Moderate
4d6868f5a81b4216970547ce33373502,Rare
26897a519ff3bf426020a4ea16560db6,Rare
38e55790c69c5fdfe9cd2aefb3ca4ea6,Moderate
d3593620c510b3196085383dbcd6d3ce,Rare
2ad48ba1b18a2a32498ec9d45f528576,Rare
4094fa3c8df4ca264a58be3715dad1df,Rare
44ad4471175bcf0d500810113808cd67,Rare
60159cae4522a0d5b2839b3b282e7a88,Moderate
811c5f697816a232ced6b01f3c408180,Rare
e71b0f88fc1d8df278282bfa9f1bcc28,Rare
b87fc498df367c042f443d0af94f88ff,Rare
4f47aa35c112f0cda725241c2c265d88,Rare
05e7f2bfc01dad5f56dfe768d9c180da,Rare
7407ba50e2391213b5f010c418454951,Rare
894b0c223564e4ace01b8a302fe3cd6c,Rare
2df0f6fffd2ebb0f3c6e0bb7c748cc00,Rare
d627d5c46c914efbe9069e69637ebb26,Moderate
f089fbf461aa719f6b0edf11529c8544,Moderate
a70a131790bd5d01f6d3b78d19b05990,Rare
3c9d0c3a09e7ec97a823985e87feffd1,Rare
9899897c48cd305a89861259bc4facf7,Rare
654ecb42bf6580964134ef64cbbc057e,Rare
62020d7aed45515b86f479759715dda7,Rare
a0d481293bdaa68c932cb28ac04148cd,Rare
aab36e47f59a0bda07bef7f17f0c55cc,Moderate
358979bca61b6e3ba3a4fe203a78063a,Rare
fb2d15a8c0e6241d687c83352486e1b3,Rare
147e71a8d34a88020d8057b766447c77,Rare
f1786178f62963590871ada0b3c69ee1,Rare
383fcb237faf20016003baa0b66086ce,Rare
eafd8151bb0dd6ef68151a2a5f36a8a4,Rare
aec51e23b43b7228f8af396eefef7299,Rare
8d1a0cc8dbb1668b578036a8641feee1,Rare
523cee5e813caf0d7188b69fd6c55b32,Rare
9c979a4f6a792808b0ed5fcbdca79cb6,Rare
4095ab5d46e5108554f39377ba4a4c84,Rare
c1bcc043a11f6613e41c8bdefe776561,Moderate
9d304e783445b6c755222a186159c331,Rare
832973ee7ed15a233d5197c758bb867c,Rare
3834c0ffe524a83940b08915286540ef,Rare
9d5ecdfe690632a4a6f373c20d1ee52a,Moderate
1ac3a390843828c64aca611e27ffef4b,Rare
fbfbee9ba083f5a70a433d64513ce2c0,Rare
8f6cbb58c01080a7a376fa436d7b87db,Rare
54a5c0e98983fcb05ee4aa760c611085,Rare
57863f0e96829d4ea924e25d11128663,Rare
cd17f1c3cc2e1a2f6be647f43a6619e8,Rare
dac1961336e4329b6a69b399d7a5cf37,Rare
24564d7d570517046253d32ad4e1582a,Rare
0743f0f54463301d934d01220a46d02f,Rare
e3d50c7ddeb3fcda3d264f05e3f9b121,Rare
4214c76cea91f86a5eb426c80c96a2e8,Rare
faab1242662305d80c8f9eb58f68d152,Rare
bab5c242997966e4d218530921dccd9f,Rare
20c2eb16bd77108dd96574e703636652,Rare
5792f315102c713991adc818d286ba8c,Rare
49233df037e0bb609f3d87c643e3d52e,Rare
62aa4e889a97ac11ddb23618c7966216,Rare
b745f1ae09a68e7aea86f39ef44d8471,Rare
0446ce80777a17afe17a9607d0894917,Moderate
db06f36405d001206adc0867ed55f5b9,Rare
6d193ecac3b814097629bdb3c27e803f,Rare
e639f82460943dd5794e66635054499b,Rare
5bb09f95598b93d4b23d7bfe1b0eaa90,Rare
e29b9c7177d3c453b4756784f87ef015,Rare
6ccefba254ed647ebc0854829504f589,Rare
c773272aa136b435da6ada864321e353,Rare
06f3cf0f0982d80d435611e5656fea25,Rare
3fd042c4bc0e889a1424625540c25b33,Rare
bc93b2ee8b49b8b9a6db07561f01e52a,Rare
1a5f2caa9b5304dc08348bb8a725110f,Moderate
ee96d9cc443c66ea1802e918a585c9fd,Rare
b18449130a6330b1d9dda84db79f80ad,Rare
cd5253515305721eb27e53dd996d863a,Rare
716deb9873457931f4d17f7c859cdc73,Rare
53b7adc1d30fc330191171c4c37b5330,Rare
2e4fb2719a19a7eaeac78221c33e9551,Rare
6ddfad94ceef8ace50d3bec405da3bba,Rare
07f98b7cc3fd65d24b8ab3ff85e7a06a,Rare
b3fca4c444e27118f8dd0aa87045a5d9,Moderate
6aa433ef5be0b06984847a8f1ba18305,Rare
dc6e3d5b6d579781966b7f1099e9e9fc,Rare
fdb1cdbf335fac223ddc0363283ca56f,Rare
2cc453231fc3d69950a37fe8834da05d,Rare
813b8a16a382391bbcd96cf1fa6b2ca5,Moderate
01e64d8d8a25d7e4902fa2152dc9d5c4,Rare
9c54bec4a7c979313fae87b30c31c7e9,Rare
fdd9f436416387440f12df118b94f338,Moderate
d5523fb47300dd502f749d954cf50a6b,Rare
b11fb009248d23aa2aebb0d66ba61e70,Rare
d6bef9e10877d650f94339a93df696ab,Rare
e1672f7225191d4cedaf09023271e932,Rare
6fc483eba21adb0383965b0b214ed3d4,Rare
32b3aa96c87914d9a1b3adf3b49225d0,Moderate
fcab84f4418463f60e90bdd2ca19ef25,Rare
98e8a1153189a3e89e8cf49ced49ac8b,Rare
938e27c2e3eb7eaf6fec7520518ba0f9,Moderate
e9593f918460330fb8d51b79cb73cccc,Rare
cce37a89a296d0024e175fcd8885b9fc,Rare
7737559b0177d4d7198c7547b9f46dde,Rare
b25895c21a3f85856ee913b8e2204cc7,Rare
14552fa6da2aa3b49981fca763927604,Rare
8a9e224213e7f74e248c2e5164802437,Rare
3da9c50d4734fb2b300c6ff7f66301e2,Rare
c04a3fc7d226a2b1972bf97adaeacbe7,Rare
8f22e544a886760a45d1d67476cc0812,Moderate
de7d510a41be14a47f6ab860062486f0,Moderate
0e37424e4231d4eef5e7f59127a56d7e,Moderate
d2283293d0e95065556861bf202763c0,Moderate
9e4058bf3b3be32b0e4d53c712e45353,Rare
94a042c9e2c8bed5f1203156dbadfee2,Rare
111486eef555a8643bb36d67de715a27,Rare
60521f26941c8a1f5a5e315b917dc61d,Rare
12719324dad742ded5ade875e3346eed,Rare
4fa19da02e2c49c8e9ada77d28a8cf3b,Rare
9c75063a60d22ee58be083608f53377d,Rare
7c77f2564271ee4d45263aa248edca29,Rare
fd140b577c74f1dec76f3c195f366669,Rare
8f59a9c7f6c6283e4020d151b2f1e51f,Rare
6876d871d154d6268bbf2b0581b90ba6,Rare
35905c795430b3e4283c6669d0626d08,Moderate
a5ffa1f3d6217fdbb932e4533037717b,Rare
f8ae7c4f101797f08cc11b7446474abe,Rare
1343e597942b3d6d0fb6df12e3fc8a14,Moderate
951ea7361e231c028cc3dd15847995f9,Rare
4a92a09f88de2bd33d046b781c245cdb,Moderate
19bb25922d3c3c8ffd47cdfa2febf170,Moderate
9e10d5828d10349ef0757922dcbbaf91,Rare
03b48d494c7693d4715fbdd34ebee9fc,Rare
66881cbdfbca6f8b91129d80c76f6acb,Rare
b87954de2f893960ce735eaf9b3feaa3,Moderate
69e85bff5f0c618e123b3ce6aabaf146,Rare
f9b9b379dde7be914344aeb437e2ef7a,Rare
4cb165cbce3bbb74472984186b88a9eb,Rare
3d2ce6888bfeac28a6828a080a973799,Rare
b79e2a9262513826f14bc7e136a2b19d,Moderate
9d6353d1f97c8f33261d3edcf2a883de,Moderate
db2a02cf2d8f1bccadeb1864b9372ac5,Rare
62bec24d7439d86875a466e8c83f2ab4,Rare
9ade371a3c1b0b1138f0b744cd3b71ba,Rare
777d9dc9d4cdd03940cd2a5b7a051b19,Rare
acbeba8cc43f4f534eba8994464486d0,Rare
dd23ac7f5cd267b6056ba73b156a2e41,Rare
ad220041060a244d1d822eba69abb0e7,Rare
76f41b5daeb77154386429b2043ccb84,Rare
043c0a360fe442172e804663de768dc9,Moderate
20d3bde52e0c715e92196c5d0ef6de3e,Rare
18a46ad6fc125101e0a672fef8166a7c,Rare
1bf1bb327f4c66a4281e87dbe2d9e2ef,Rare
533498091065b169c78cf0600c51c9d7,Moderate
d658bad09ad850b8c08122ad96273ef5,Rare
568b40dfb93e12e9ce5a1335ade0af9c,Moderate
9fa828b70c4e24d07b350af640a9eebd,Moderate
4d64b0dd74bdaa7c67efb0847ae51923,Rare
3bfe60d5de0c20cfb42d8d9b583bf5c3,Rare
e8771b120b3659e30ecfcf7ea7af0042,Rare
d9d373cfb63bea435ad77ef5fd5467df,Rare
d1e7dc1d32d8fe32d9ce7234f9b8d726,Rare
9b4d9dcd7b49e0df21346ae7fdda56d2,Rare
4131f4c658e4e87c3ad1e7b77e1f8cc3,Rare
f55be4e0e7cec460f763430ad315a46e,Rare
b109070b643ddb3233d2016a45a61f95,Rare
df982c15cbe20428067233db5c760e19,Rare
c07266c2520e79f0a46b65f7bb7ecf94,Moderate
cd1e44992e72dcecc411f71d9e0f98a0,Rare
684dff2c93adc58cfa121214cdafbf9f,Rare
c21a66b2edc7bb12ac1eb585f77a6cf8,Rare
9dbb226666372bf12be72ea2eb0c72c1,Moderate
f66c38fa40fed8dbc6f387ef291d2391,Moderate
84cff2fd0833dd3fe6c4c28310a9163b,Rare
543fa1f1ee3843e0d4a5714f35f9f7c8,Rare
6d2895dece4671dc44e0227691e785cc,Rare
50964e70fcc27c82b87c828e53da4eac,Rare
a95c68cc51aa7d24c52b8606d3f4f542,Rare
7222d703045283b830ca5798898aa007,Moderate
2b1505662b747802d2287b25bd913be8,Rare
688dac3d051f04eabd9429bdd9bd2e67,Moderate
31e7dc3281cbd95a7b5680f7772fcff9,Rare
724ff62b46618bfd944acfcd97f8e942,Rare
5948a47c651bf6b43063e3c58bce2fee,Rare
f32fcd954bc93e00bab4df765da0d237,Rare
498054c73d2f27172f845496c926be19,Rare
6f8f6b1df2eb9e0b13ffb11c72bc823e,Rare
1e70a1b89ef2974d62d97d41d35b2b1f,Rare
75285b51f2f349fd34cca10f1b97acee,Moderate
b97c9698b7ea84ada8aa8394f4c1354b,Rare
728232cbfc81bc199e310db6995c18fb,Rare
4f2e50de1eeb89d3e0e5e4184ed3adae,Rare
17e5138d32ce259c83e8e6665922963f,Rare
b8432deef65434bb560d3c1ecbef6f03,Rare
04019c34286b5841e44d48ac0037d240,Moderate
a9fe6eb26c308f4e4c88f4d9530ff241,Moderate
6bdc523f24a604df542fd7dc3be8f536,Rare
9948f7708ec4fe9e44c1b7c6e5a04a63,Rare
d4434374dc3de294445c1aa3cdd9560c,Rare
426b70c5acb7ffb10b3084d05821ed32,Rare
e6cbf6faefaad5b3126d6c4795cf9983,Rare
ca3d430a61e7a918d590974ff3cf2a17,Rare
00cb51e437d156ddacc464c1df326e54,Moderate
03211fbce17a6c4f32ac1e95b95086b2,Rare
bcd79c8f8df176c3d7e93224f7804e92,Rare
1358add969db2913dff51246cf0f3ff1,Rare
63a4fc6d3699694c9f07e1cad536a187,Rare
7749a8e6059f834442c8213c0aa8724d,Rare
ef5fe8d1d9bd60db4e5f92819a682989,Rare
73223ae731092b0e7497f8cfd639fd0a,Rare
c01f0fdc52a5d4589ad41fdb01921b43,Rare
32ffe0875d8d040ef69f3cff05f5fce7,Moderate
3e35686a2b49b38b26a5c612a25cfa3b,Rare
c6ea2b76da5a4489c10e7916f7eed999,Rare
f379aa5d3cae8e305cef94acad1b4efa,Rare
af9195e32ec198969b4e7793eb6c62bd,Rare
5ae61c5b6c94785fbd805e7b7add28f5,Rare
ccc38061d8483b496b613cded24dba88,Moderate
575c53a54d0fccb4c7fc54faba2c5b06,Moderate
eaa7751403d8bc58be381cbb038e3087,Moderate
82ec6e95746935c78bc3c9419406fc5e,Rare
593ce302e7ac34c8b08e423cf72a863b,Rare
fa2cf4d5beb7b8dcb595f97d313c7e36,Rare
f83c80b0a606b00ff9e1361e68c69cf0,Rare
2ae419deae6cf8658df0035a5a8a9de6,Rare
ef818aa9303c101bc85c26536604c236,Rare
643d6e2f7f72dc53d7a68050a4ebf845,Rare
b09c2b99d4feddf02c32ab9481af60e0,Rare
91df4d9a21cb935161d116d8de9fcf38,Rare
5563822f6ec71440dff7289544f97d0f,Rare
63a858739392de0765882577ab8f458b,Rare
459a27fc000a69660a887d6183d30f6a,Rare
ad27210295bf5822e0472687860fc83c,Rare
dfc56041539df9c91ac882e27cdff6a3,Rare
05fbf7a6699c990ed26860bf30255780,Rare
1c6c460fbe356ab2d25b5b69781f60ad,Rare
f98cd7d3e01ba8a2f9f08941b9a354f0,Rare
dd731ef37195e1bbd8c75959f8e76326,Rare
3103af54cf7eb9933d4c3b5b46ffdd2f,Rare
1166f797e0cab14144cdbad27e8191d8,Rare
2ce5e60da88040634823388e39ad66eb,Rare
842389d095f2feb6aea36639d8ad42da,Rare
09ab1b71a042eabc3f9d4f506a4df568,Rare
530a866a9a5d3b0f008d932729f703ef,Rare
07434dbdb7f057f7bf460cce06cca13f,Rare
8612195e7fce68ce7b1cbac90c60f7b4,Rare
48a5f317182b2f1e0e4fcd16ace3982c,Moderate
b07450bb52ffb7cd0e325e7fe490fea2,Rare
386eb7e490ac5360549caf86984a789c,Moderate
97bfa97504c1782e86e2e56b82bbeddf,Rare
476d5309564e16294e7da36c6e01f0f0,Rare
9568b31bb104ad5f9557523b46deab1e,Rare
e035b3b73dff4c70ecc75ca14b15a400,Moderate
e8a15be012f4ee73a41817208b9a5dd1,Rare
e52dc3adb051cd3c530f58b6c143dd03,Rare
db627c5d67dedf1ee777642b7120a141,Rare
32a91165eb81ce5a10c386a8790f731f,Rare
96732253b56d0c61863e22d602cf043f,Rare
23d49fa2d858beb14149e25b21f5ed99,Rare
1d6b4d82232773b4eddef093a4b448ac,Rare
d126a270c4c64055df21b190a129630d,Rare
b880147533265a8d3223f2f3023557cd,Rare
570cc1fe25daf4028de2f50ba5cb0304,Rare
803ee25510f0f010404f24a40eaf31b6,Rare
bf201dbf0b4f2daa8b76e58c6b76f9bd,Rare
e56a86e88bec8b4226fdd933870a28a2,Rare
15606d8ba9d2e02035076ac957596161,Rare
516eafae86250be69d22ad0ced324590,Rare
1e3b7632e5369dd23609a3fe309cd65a,Rare
91355de6549d41f9f1cc7e59797bcf9c,Moderate
fe943a26a9bf9a837e7d23c866234550,Rare
e512f6ed9cf7dc0117f0172c8389d63c,Moderate
cfdee12023a2ceecb95bd0bda23e5700,Moderate
c4ea24d570076574178b666b58a3af78,Moderate
f9e2c7a5505e71485fa05bf0fb9a3394,Rare
0aaa18a6c71637136daf5e2bfd7d228c,Rare
8dfc49b22cf8571f63bad1dcf1dd0dc7,Rare
80154280bcfc40bdfdf535c38f3443c5,Rare
3ffaec2cd112598dcbf03c1fbfa54ce3,Rare
9e841f1c6450c361fb01402c40432ae9,Rare
21b546d46ee8014f44685a2e02ae2599,Rare
648b05473e542738bee2baf6b1c55a43,Rare
30d496ed098602257450ce1863015c02,Rare
0f6a3aae9f5a4abdfc35c894e940c816,Rare
1b11872f7b198c7dbbbc13bf97d6f72d,Rare
2229c8ff6bf7a56da08804526d702e42,Moderate
b32871159b59d3f8f077f1e742129507,Rare
7a60e04ad081dd072e43dc3ebb37158e,Rare
644fc118482e1485ce52d8875f338bb7,Rare
e72b9f7e54f3366ae68aaa758940762e,Rare
e7a6b6fd79686dd27d2483ac77bc21a1,Rare
1a36550478d323ba0b68a3bf7be11a68,Rare
16e4630df8bff11b23f1b68f6757fb54,Rare
7304ab6c935520a4799cb53e986fdff4,Rare
b8a8faec9c36bb8fdf28e39ba5df4c86,Rare
eebb00d2fc7fcd3b857666dfc0d40845,Rare
936d51b3becf03933c1f7ad43830ba7e,Rare
62c53d5d32782ef59b0f169371929028,Rare
3122e58f8dd9943f58fb45494fbba2b8,Moderate
fb281b548415a148720c2fdf58943d69,Rare
8a3f08e7d757a1e4ca873425765a0ad0,Rare
ba1f946ef4799ccc1974a5ded440e956,Rare
fd1bc2647e3d0c80c95806be65cb860d,Rare
4b3626c1030040179600a1b21a841899,Rare
e3fce478e50765981f8d01fd40d8daec,Rare
fd3acfe8098e4379e25395bb012607fb,Rare
c253c25f5d397e417c96cf8947c5d33c,Rare
940540ad07007b861eb32f701c998c96,Rare
669b3ab32a4222ca2f384933d4b1b5c5,Rare
0a3db1dcae5824650ce559612e4bda94,Moderate
de7ec665827258b2449ab64c729bb459,Rare
06fd62181a91cb083aa35dd2d5bdb2aa,Rare
10099a5776058522dcc6a8db89942fd0,Rare
b5d49f82f6d0b03ae4aa1d3dc67bf11f,Rare
f9bf294df2e325a97649e34dfd0745cb,Rare
ff12621bbf020f3485295a7fcb3e8fce,Rare
416f3e36ce2d674f0727acbd588c6b4a,Rare
0e48c6e776d31dd59036541f21bc0f50,Rare
5dc24876a0327730e81e9c40b69b7265,Rare
42bcf130f093cc4826a32db798894875,Rare
5438f895a0e9123429686daa242eedc1,Moderate
c3d72e5654ac6c27905b65c16070c9f9,Rare
0a4bf898aa9a320e64a36176a5548925,Rare
1a3d84408be1658e7dd9f59588fc6e68,Rare
83ef716492f280f5f593f54cd8fa08fb,Rare
7e54bb9d25470f34c2dc708ef18da295,Rare
a763609a3244ef2517a06975aa63dbbd,Rare
34a5737a5c028fc77e1d0fe7a38a90c1,Moderate
cca939140ac7973bd80ca3b4742d567f,Rare
51176460f58eda84fa5951fe5042426b,Moderate
1218f4e0ed7153d116776717cf610855,Rare
030dedb52345207b974dd1e3b02aa0f2,Moderate
860d3610a9770ee56aab046ddbf5a048,Rare
3849481e4f7d7afb98dc093490f73ef8,Rare
6f9d96063179328cc6dbf8167340bc22,Rare
797d895c64487845f0799048a991a7b2,Rare
804fe8e3746e0aa1e567602da51979b3,Rare
84d987b9426edecf30cfb6cea36f4386,Rare
cece45baab58af4854bbc3cb99deb689,Rare
786c1591fb1e0bf5e23025304f8f867f,Rare
a7967b241c3e90ba69d15ff9bd8b1dd9,Rare
a8999987c399607729c04c7a5349a720,Rare
6ec182e1016e5585dd1de96681e60056,Rare
1ef30827944d31c2050e3af31a648f55,Rare
748eeb254a2d319dc5b9c22964841d5d,Rare
e57cdfc1c6b81f2f02bf6dc1b47ca7a2,Rare
e1d1db52891a58d3b080958869aa6605,Moderate
90b9956151da646d40178835836a04e1,Rare
67ce1755fcbe4581fe01f0d639b9e578,Moderate
1b682516b5cf87325d59b19190d61a63,Rare
8f4e2335639c9f5538d4f38137111c98,Moderate
9c35d8bfc886a189803c875933b7bd5d,Rare
eca90d960f3c020acb354baee02ad4b7,Rare
8f77e0d5bb748fd34dc81519aaa81c72,Rare
128dcb1e1ef146b703932249fef9b4fd,Rare
17f4e16e76f464143d9748893205cd1a,Rare
af2c18cdd8d5d22b58d39d498bb0fd50,Rare
36fde1dbafe928e09cb08ce264d6100b,Rare
1f605f5c06dca8b819a5b2d351994ca1,Rare
7b41cf82d81f758b3ab9c9517e92714d,Rare
b541590d366c7d0964f5a565f040bda6,Rare
9c697514d04ade80332f76833552db42,Rare
d469d228919d6564dc22630c48261019,Rare
9ba35e9448f78a47dea16004344ed702,Rare
930c2f2817808ef902b09241a18db1cf,Rare
175d38a61f6fbde0c8f287df65a3d773,Rare
b40da3db3e71321cd66eca0238459cb9,Rare
ecf70a5a6bd8147504cf34f5d0863600,Rare
14e9320f2153684bab1fd4293a40a9e9,Rare
c9e59f74b4ae701ff77127e2d8f05b9c,Rare
00ce015630e3c53b8eaea7fb19d87c59,Rare
ed4e549e785e4d77ee46663c89b05f00,Rare
0244a91bb6103b6c38d48c954dc41694,Rare
0c6daba8b54c49dd417e2aae20145695,Moderate
764503a3a014cd1f14b3419c5d905b9c,Rare
7b1ff1d3047b46a3fec0d670775343e3,Moderate
cc88607fc6a290b367e8fe4633c32617,Rare
9fa820de34bd643c51f830a4f9c470b5,Rare
6ea41a58084b5f0028159fa9889e3e57,Rare
3d3a0fe769cf32c9cc9dd7883d85ec61,Rare
2a7730de9bef1b47129785a57fe699f6,Rare
35ddd83e317d49c689ffb8a42016e221,Rare
086853d13178ccbd46fd430f4e5f88b7,Rare
49b08a032d8fc4220b667d2e3fd25475,Rare
b92ea25a3f7cd5f6f109479a226ca5ef,Rare
5790fbea1ab5f2f5711664db6607e8d2,Rare
541db2f94fc6f9e5e46c7ed34d7d4042,Rare
ebe4519ee08866ccadcf92026df35ee7,Rare
f9c3a9f928f845684a6ec69b80f98de3,Rare
e126aaf3fe4a44fb4fee91c8c32e06fd,Rare
223a140ff9303624db030b9186a0dd17,Moderate
d9b5e37c720157eda5720dfbda4bace6,Rare
aecbfa174d06d91483364770d126c5af,Rare
940c8b3d7c0545f63ec3dfaedffeeb51,Rare
147d2fb85f3feb072295b23b2e465b30,Rare
5183c06cee3f7824e370f08e2c55cead,Moderate
60b19a4c4e87d600563507402d8b0e14,Rare
b79741002c639a8ec085fd6e79f791c8,Rare
475dfd83e180b03a91cf382c42dc2bf7,Rare
f1dea586013229a3b59a726c756b9e35,Rare
e0b4834df79d09358a7228e75edb2444,Rare
dbc975e0f80e5ccba49e2c8e69dd3d62,Rare
2746bd07b39d6cd3194927e148194924,Rare
c08d7956101969c38812ff3d151ab223,Rare
56fb2bd23a3b19c3a513c713ae5a52bf,Rare
ceb1498976063ccc27f34c4c3de190aa,Rare
f146ba0cba3fb4881b2f53c5bc51b64e,Rare
0bead4f9b958be6b971d28f0ee89ddc5,Rare
c2dc4aceba7146e6d0bfcd0abb74a1aa,Rare
cff2bda21c5833aeb72e58f8e01a5a0b,Rare
f7f4da7a6c170367a1ccea1f49cf5956,Moderate
cad0f93037e93a7a85b231f163588b07,Rare
8385aac12bed830309bf2e30c7b03ab6,Rare
6a1276a26bab52b0e2ecb21430e78c30,Rare
c2931e828033075c2d0dd76e2c3cb8e7,Moderate
31144bd5d63a6c8e5e74ba609a275459,Rare
2ab71d62df741439557f0969b8e51026,Rare
3640d726d2d8932fb453fea3abc6ba93,Rare
5151812da4d565c6b62fdec92cb9ae85,Rare
89b92f8df7196b2254377151513f7d46,Rare
4360f6680333ac6518a328390a65cf87,Rare
b13b6c89ba73df2e28042cf635d1ae3c,Rare
648c8e4c8b9014a27e133dd65f90c4a8,Rare
db4114baf780e3e288c3de12b69c8953,Rare
207e9f6f3162ad08d98840e2f790199e,Rare
61ce802526286792d1819b1a71a8d156,Rare
c5e4f04800738274c127cdb16a4d2918,Rare
7afabb966915e9d014be1e2e7828ee2f,Rare
794086512ed1a6f7bb088f2f43d7b340,Rare
1776726501eff5be30fb5b961910c648,Rare
62e3e53d38e22620f54b1d28dc2d0af4,Rare
124ca257e65345776b40a725ab855c69,Rare
d940db4d55e79562605db750cf4498df,Rare
919f4dfe3be8a75681a601d67da90ae4,Rare
6b6ffc0527277990dcfb5fd2a2a92a8d,Moderate
a88a9ca999643ff14f4465e33986236c,Rare
6bc1f9bd13b208a3d3d7975f2f2c0efd,Rare
f28dab242bfa8f240239342c61ecebff,Rare
43a71d73387ef7bfe962675810bf56de,Moderate
fd119ec34a63580238988af50129a66d,Rare
df848639403810a1e78d0b14e09b9229,Moderate
298f2594ece00bed4dd164b1dc815731,Rare
a806be60c293dc93b9c2aa2e496ef02e,Moderate
0b1b4946c14baa65b963e79eecda0a5d,Moderate
b78e389180e680b1210cc79832133e89,Moderate
19e4803fb7aa79479c7a6b5271f0bcfa,Rare
45bdad1e1b83a38733cf353160d80b22,Rare
437de0bb73ce5ac409347b988e2d8cd2,Rare
a18797358ff2701dc1369d12cb34f304,Rare
1447167c3bf9103ee09f73b38899b341,Rare
e836fb167382eb6b7fbbf15a1d1969d6,Rare
979d30e696dee1dfb173a06a8871c9bb,Rare
d491957da70956cf44ba2eb12b165735,Moderate
e4acf376e5b578f373450222a9818bab,Rare
ae4d3cc749615163b92968635023d509,Rare
4e521ccf9d863f690fc28798c667de0c,Rare
383a6a7af7dbfa1d7db285c4c3f56d05,Rare
ff8ce402fe83d85b5e37460e4590dcdb,Rare
d97998bed0b8ae8856d8f926f4534316,Rare
89ae80935b8d1f79ef80f2d2ea79643d,Rare
f60ca9b271b1531a71b73cdae685b737,Rare
1e786357e6db50f4442baa3c5e51bf30,Rare
ba0bc27d9a60f9e81892604923d008b5,Rare
fb17d43696465f883a1e86ef5fbd9d28,Rare
3a2a4d894ed14e5500f7dcd9c7a310c2,Rare
18520e9a033abf02b65180ccb4d9642b,Rare
327a373ca96c7c35c9b43b74b3df530f,Rare
25b57c2f465aa420e80bc2e640895c50,Rare
8c9afe00bd39ae63d3de7b42eca22434,Rare
3a78297c7b7cf9d34c828afaa38725e2,Rare
7d21cea6aca14831e048220650e6dedc,Moderate
a1c3dc3d556174559f8df1f122885deb,Rare
7bdf434269d1f2c33906c9c06771c085,Rare
07080fb75018da203335dc1dda7e1fa3,Moderate
5fbbeac124183ab480832e873ec264fa,Rare
e9dc979314f15b83b2f6243087db529f,Rare
f090147cf3e0c2a4b58cac051d825dc6,Rare
1656468c7819177d45eefa9f6af931ab,Rare
c1d0d6c81250c1ee2eed943a41e330b7,Rare
e089d22a67ebae85b7dd1926df2e145f,Rare
53f3e1c07147c0e4403de5eb460942ac,Rare
826b68ad8faf5b03548c113dfdbd098d,Rare
0a4951c26675002139a6dd4a21f4b498,Rare
a0c7bf75738b286fad88f9b3db8aef45,Rare
3c3126f8ed0d0b084d176ce09ef97b3a,Rare
eacea68724f07e421a8a7e49f5c15d94,Rare
e4ff197baa15e04301abaf520fe470b4,Rare
782590a3fcc7f607aa8c62f39cba3bdd,Rare
b8f0b5344745da67ffc1769e6bb97867,Moderate
3a84a3fe968af1e53235c92e316c79e9,Moderate
13d9db1a9af50ee174dd7cc4d36d04d8,Rare
ef3efe5e3b8b0031ecbfa96d49770543,Rare
7f359f6f8c09ee644ef911e2121447aa,Rare
2e5d7a132a8ba64d7bc68021af12db00,Rare
4c170501533a787ba0f3b1975eb17cbc,Rare
371ffabe308333cf3a2ce7d12e1123ee,Rare
5c66fef2e6857282c5da787c1b61be40,Moderate
5ca7ff1459ca9d045bf7d652709cf8ee,Rare
1bc51c47b3cd0fd941b5a9cfa4f7320e,Rare
b085e6ded9ea9efad8fcc9070c9810a0,Rare
af5cc4ee19046157b602c1992bdbb49c,Rare
5c7962f367cfd2b0fd4d9af50b4da019,Moderate
03cfb035502e18054cf017ee27cacfab,Rare
3c8b12f8dc070e8c484512321691b6aa,Rare
a180bbb0ce09d5a3ddbbe8f567295ad2,Rare
93b33d5887930a5e7bfcd295db0fc56d,Moderate
b06d124526e09dd339c24792eeca6784,Rare
c2dce85ea94fb4fa4a48b0006ddd92ce,Rare
46912829b17441b145e873787f53da49,Moderate
cde7d1406331e0d853f2ef81926b4d2a,Moderate
2a8908e4b8dd7a87624ac544e263e1f2,Rare
776b0f82aa9acf046df4919c1b2cf56f,Rare
5b6a213df73c883335ba8567240287be,Rare
67ed182c553d7ec60977abc8ff2405c4,Moderate
f80a4355cdfc66937d4c9a476f6081c1,Rare
4944483817eb2fcbbc280158c0f55f75,Rare
9678fa7306305ce8d3a45f047af1f194,Rare
b9d5679352ef5d4cecd46686aff9d00f,Rare
a9e151c4bb4d3529f0651c779fb0af38,Rare
851cafc476e69f407039b8b8a126b1b6,Rare
4bffdc1f2c43b31f2d532a034803985f,Rare
84a834fd207b112fcede5c2c2c9d032a,Rare
404cc01e240edc0692cfbc4ebb3d780a,Rare
542188678523cb2ec94ae7218edc8f00,Rare
116cc5fac3fa5a786ae46bdf4888a831,Rare
08155433d892e62a857cda2437a870dd,Rare
f5c69d3308955167d53f133fa2d51dcf,Rare
33f5b09378b0da2893ce85d4501f01cf,Rare
e3dc9062184578b5dae9b392e28de133,Moderate
6c12d5cfbb312f1e93b87f7f73c3f9a5,Rare
e62093f0a0c7a054be204bc42f499002,Rare
f1e9051382ed7519ab474db82a9ab059,Rare
3837a978b6bf0108c9fbe8a8e446263f,Rare
ce0f7aae8f5370397757f7a83e12301b,Rare
b9fff8b58f3fca7a801212c8a09943c6,Rare
645dbc6416bcdf906bdf39148d5d9885,Rare
f6f8fd2d7d57b16e9790b8bbd87e04a7,Rare
4f4bb4480a77a633498b7621d6ce9f70,Rare
d817a9baaeb9cf217777accd8fe8b236,Rare
e61da32423d2a6b4b5e973518becd0f4,Rare
eab2356a4f4f11ff9d4521fa6b5ae55a,Rare
8c217796c4ced9af06eb7d05a4d41814,Rare
2ddc42eb9b79f399ecaf10a116a80c8b,Rare
da851508da49c88b554579b2e02c389c,Moderate
353a97d49b372a135b7006f12968b0e0,Moderate
d562d26647a5f09392fa6597e923f64e,Rare
e3eb1ab75f8e7c07b97ad5a035840c43,Moderate
00ebe0dfc8fdca6b7561f226ac1f9393,Moderate
69d11494c32872a9683724dfda170980,Moderate
dde3d4e733cfdcbe05c3e60f7696430c,Rare
7465ef9e85346e0b84c57f4f99491046,Rare
416d956cc0574055df5b2c16354076c8,Rare
378eb7ef4b5cc2c680fb7d7ee5fee84a,Rare
56318a9a2e8902340ccacc6dea1e6bc5,Rare
43df5c42303349e939412077a1dd7baf,Rare
5e913cdbea8ddb902f591a44698915e0,Rare
dd638cacda180fd6ab55d1100aaa1612,Rare
d8f6701560fb9b1db8e4be4c923f04cb,Rare
80a92a82aad8188999a5468580bdfdd1,Moderate
61977252be35262d538bf104ff538d18,Rare
a166525abb424430db614e058431de83,Rare
b3d55c391f84c3d9e45a49042292bff6,Rare
1c5398c5fa145b57ad343aaed27adc1d,Rare
756209b8ed9534d059d366182eb298e7,Rare
6aed014deea527f039969014a2e8834c,Rare
f9dae62337ab6129e6955d86ac7b37f1,Rare
2ebf21101461acea08ef94ba037f2df4,Rare
b04ba60720691553e182e0fc8041d784,Rare
8aefc9988b7815738d8bbd4c2e8366d5,Rare
f7a8fcd3563d3ea92c5593297f1bf69c,Rare
4dfc1039beba25dc0979ec9168cb3e70,Rare
f6e511b3b5b313c6c35fc0cb5b9d8077,Rare
28c30238d7a41cfd2f969df4afb6b59d,Rare
842c0f8643d80b857f24538c813dbc81,Rare
36af45e468efcd431a777642e448991c,Rare
3ded9b24ca12d3cfde3db701ed573918,Rare
48f71c7d8738be9b133d8bf83fa34262,Rare
afb521204eda87a001c56eef6a48570e,Rare
e9eebee9505ad7177a66057d3001a5a1,Rare
3de3c5ecc602c898380a83521a191f18,Rare
034d529d3453f453350317643f0e944f,Rare
9704c5bd36b1a3dcbf35a9deacc00295,Rare
dfe8d09145fc8de5b023461b55064c95,Rare
befb7682503901e37cc42f10f67b8e31,Rare
a02c83be4382d953a754c7ff431e17ec,Rare
d9549bbeb486766ccd7944bd046552a5,Rare
0c55f78ef634e7f00b80b25f304e3f24,Rare
e757519012de14595c6948c200777b02,Moderate
4f19c057ab9230ddeea21f06948628dc,Rare
9bb7bfb78ac6839b5091814f28eb590b,Rare
fbf77d4a36515fcef0fb30bc830e1d41,Rare
3c93790bf5551c0827bc475062e10150,Rare
96aae8f7bac2205fecf37673279655af,Rare
e26869bca23424c4b7cc6b362770e292,Rare
be0e1d1bff741300dfe7e4e3cd0a9fda,Rare
f4ea873cccf65279bb08dc42a0a81f69,Rare
06a0a810c66f5d1b16e73c7861201f93,Rare
8f52223d26091797d44f0bf173137fbe,Rare
783a1f303b9829cc96c569719f80f5b9,Rare
f0ac189c5e602dc10c9363a1282255d1,Rare
615e3a95f735ceb73f1b3af803a112a6,Rare
c6e23ef589a56b94a312b9f3e0193f73,Rare
47eb832a2e207bdec6b51e35317ebbaf,Rare
ee18ca1e6849897937f8423ad7e3f8e3,Rare
015b462baab727f876995d17808c31c2,Rare
0b155e13c1b0fbe1e65ec436d443abf8,Rare
0dfa1f3d3a4dcc92b138c5d1f137b980,Rare
5eba6a49f5c45473db6f2d921518c462,Rare
6749f347b4824e5d66c56cefb27eb5a8,Rare
e820a275f463b79dcad2cecbbf5dc0ef,Rare
7b66a4cb929e64f82f6be35526b70f40,Rare
274bb199b5df485c19c6cf3a0e90a516,Rare
b0af233ad52f2175d8a99866da717fcd,Rare
270f1f7206d9a4e74f8dfc7795d996eb,Moderate
a4c4500bc16158e86ad820f3eb6061ec,Rare
f1f6f0126e77092d678b3b6ae34772fb,Moderate
42bcd50cbef49a1c99fc6108a3e6f9cf,Rare
c2252867d12001c0a65727ea77ecff5a,Rare
c3527e5db13a5711147d07a1aaff8f9e,Rare
100363424c9439eaaa12af90a622aada,Rare
2c0f831df41aa3ca4f2684cca8680389,Rare
f7d69be9cebd050ffe66adaa9a19f3eb,Rare
3da533f172ea99db6a4e40101a280ac4,Rare
5414b9e401b370bf9b91256b2bec4a91,Rare
93e79ba7fece8d554a083aa3d40f8763,Rare
2c38d3a4f5d3b3e266c73f0680d9df39,Rare
984266852eb6c93980bd0676c1bd1171,Rare
7c8249527e151214cb92ea6c7d5bfa82,Rare
e925d7c85803e94119b37637b2972614,Rare
aef3ee3f8b2dfcac901e61ab2ae40d08,Rare
18fecec07a8c2a0ffdf8bc81bc7c0747,Rare
173ece275d7ef1334cf541e836eda99c,Rare
87247fad95f796ea9b310eb72e34400a,Rare
25b46dd006d6836863e57c49d46a5350,Rare
31055fad161e5efb8c7abc69a96b23a9,Rare
d47d11ca4da56ae15bbe1d4daf5f68c4,Rare
99e18356d802476f8ca9a3e7ba6407a6,Rare
a6129dda0279b3a0c05714f556aefbae,Rare
4ff54a489325719b77c45d50167b3526,Rare
96ed5bb34fa2f0438e0a5d22224188b0,Rare
eb007f2a0ef0ad1fb226706fa6c46343,Rare
1464917493d2ea1650983c4ede06b5d6,Rare
fc3f7d03de0c25592398a4ecac12abb1,Rare
b2abc3c3330c565eeea5e87ccaf6a95e,Rare
f0f87675cfa259d3322172e3c133dc37,Moderate
d1623a3eea9a8f6bdc39f1d82c4f4c5d,Rare
60a9a65db418e537acbe074def0a1e79,Rare
8b00a80574546849cfdfba162de10187,Rare
d309b446dbc0b57f2cb1da1c024d871d,Rare
4538d80d5313acbe2a897e1fc59abcb4,Rare
cb0ff2b3ef33908db787a677b2b0d64e,Rare
4a02794041a92d44f7e5233f0edcca9d,Rare
14faff0e328a7042af08c054c5ed3501,Rare
fef7801380f682e7fa49e17609eafbba,Rare
af69dd7ba9caa815444a1ff828a84d6b,Rare
18eae590a52493f8f6c9cab0321571d0,Rare
4ba7bd9d66e36ac87c5e9dfd9d1304b6,Rare
c46f446fde365e1b4243e8247bc226d7,Rare
425059505475e1d1e11bad4c988182c7,Rare
42c754d2ec34c3a5a0e20291d3ab37c6,Rare
97dde9db66d7e4f40d43643fb4639d0e,Rare
5e306467424166abc8e3c3f71651a27d,Rare
2dd2b1cedab4c74ed417f434736f31b4,Rare
792e7f655b5fd578b75d49593a1475a4,Rare
0b4f9b223ab6e0c7f80ba93a9713fe8f,Moderate
67568e098978e8dedb7ba945885971f1,Rare
d60c93515397f1043832ce018cf08509,Rare
9fbcfc40d9c0fa72478d5ce661f9ed08,Rare
706e91913b75d23f94d99d20dfb0c3a2,Rare
200abfebb60faeda053f83a68daa033c,Rare
5b456cefbee0b0fa9199ecbc95242321,Rare
399b2950c98f66d98d68742e7cc00808,Rare
e348d870469e353fd351524c1bd10875,Rare
9c912cec2a44e6284795c7297fb0fa82,Rare
3248cda6bbfc5bf935a3b47a6a567ac1,Rare
c2a10a9951c52a06afefbf7398af8c2e,Rare
5fe69a6552ea868e21442ac22008f67e,Rare
02afec0ba9dbea64f79bb992611d37ff,Rare
5bd8dccd3def3d06b785d09f3d8b685d,Rare
3d765f305fe639988d0112d91e560d68,Rare
dc1e0d13b2a31ec6539c8c002643a7e8,Rare
503366c5a535cbfdd5038d7210fd644c,Rare
8886531b24c460679289011fae08c69e,Rare
497c6c635d013d5cba0b845d3d4534d0,Rare
a6af03375c8d3abafbd9bb5a3fa07d64,Rare
cf18117804808c1b255dedc84614f436,Moderate
9c3bb1fc4e175f8c592e2716b97467a1,Rare
a0bb6849885fe25e13aa8491f363fe25,Rare
c1ff42260aeaab6cfe7e83592591ee49,Moderate
315de49948df1f5c8427c195bfff8f34,Rare
eba0e595ffc264c8c1887962ff6bb766,Rare
7695225b2ca6a294111393771f23944c,Rare
4b4caae084bdd990fbd263494b2704ed,Rare
6a4c74baa89511206cb9740447074c55,Rare
1b4d952fcd7c18554912f5e2a7df0336,Rare
df8b4dabe76f8e36c1c9e8fa9059a43f,Moderate
58c65276532545b1880831f5001728ff,Rare
6c54e4ee34f275aee39c7c49ae208676,Rare
c6049dfc40214715802615fa11bb17fd,Rare
a3e6e753eb3a253c27cad0b6e1ae429e,Rare
12cfb949f7fb45b7660c6ef8ab2f169a,Rare
9471b665de02cb655013355f8e2383bd,Rare
987082e44b23b4fd6e1ee13dd79d22e9,Rare
49794ce66b7b3db76d17f71134843597,Rare
008d0f9a54250816be71f0931d7b3d47,Rare
927c9223b9bdaa92d6777b5b11778932,Rare
db93871229b3fd87c07442053d19c431,Rare
96c735d963cd4e238c6a34ec4f0e254a,Rare
fabcecce264ef5c759a63c64f5c4774f,Rare
1648f1c83c54d179eae81f9db153329d,Rare
46e5ec4856d788178809155456e3c294,Rare
8d9b04ed9fad455655827b52c9f4e017,Rare
17fa77ad579bb43078ad8ead10b5b0cc,Rare
1e381387e382a2128776d3ea207696e7,Rare
239ea23dd12a5fa9a555f2c0a3278a67,Rare
1c71d3a9ec8e6b9f33aba008bcd72f67,Rare
85a939ab7e8adc7c61dbbfc7c59529ee,Rare
12b590c186835961e87722ff1fafe555,Moderate
d3b03d0e1baddbfd5ce0332c061c152a,Rare
a29ca9d650c687523d1856f990087479,Rare
2823fc01daf2ed3df36abc57455d3747,Rare
b4b12390b26042c102f2e25b45392f23,Moderate
6ae3192552a6293c1c6005c3e2bffd90,Rare
9c2af424724536ceb03a18da3997c4ff,Rare
1cfdcc137bb72f7ba4e6353d1455455e,Rare
3bf185c41c05e8b625ec39843de3108d,Rare
593c77e50c03534e8f80168a0d60efe9,Rare
f13c7586139cb0cef75ed4032802fd56,Rare
8f9cd8f82cd8223b987ee442de8fd1dd,Rare
f32714c080940e4f1939f13b1cbb220b,Rare
3477b492a14113fc7d33ee5ee77791d2,Rare
cafb7ae650fec77b9fbb3dbc65021ef9,Rare
efb7c692835853841ac74e495f4fd209,Rare
a49a77bd39470653ce504d81335ced5c,Rare
ad2606a11e0c96ba03524f809a5b0fc3,Rare
ced70c1e509a23c54a28cbe02c0efe35,Rare
a3adefa8cb5a653afd87d5b96b404a8a,Rare
ef485bec43799081bc6da98c2a8e78a2,Rare
ecfa48aff6d503f4332256cd90619fcd,Rare
ad55a2417ec31c22d8269e9a4cba095a,Rare
fec408dc62e14b9b39ffdd9d4f1d1774,Rare
aa6aa639781499ec50e1af804655ffce,Rare
0bd1ba0094f3b30e5083d8feb71bc385,Rare
14113be5cc2a9ee1445670f7043ea8e7,Rare
3bc0a470bab65454318c74ecc7d81248,Rare
366f5148b507532029b6400697a625eb,Rare
639f16edee6a51529144a74037925658,Rare
2688cb85f3f2264501cf046a43ce31d4,Rare
d04984b3e3f44c0423523ab06ab9a326,Rare
294c61292be938639c9042e8e9bd9ceb,Rare
621337622868f4624a263df459acb80f,Rare
b6601cae9d2580ac8c62432734f52766,Rare
924e86b63b57e3b5c34a24d387cfdfd4,Rare
ff84a77ed3916f5f4f3ce1f1e5c7d03f,Rare
213904495a50b37a4f359d916c70cd22,Rare
bc62f531e42a993bb67e0083da6f1adb,Rare
ef2390a66138c8576a86febdddebe7f7,Rare
7393fb3a184281c8d72fbaae9651ffde,Rare
69da491d7dc2fc95006a194070ce61f2,Rare
fb33804b936cb2eff0ecd6b4ba94f374,Rare
2199b3578beca82a60eae6bb4c56baaf,Rare
c00dce1fb667232c761b5141df03a2f3,Rare
ae5a880ec54ca89dbce8a25428cb0b65,Rare
a681498b7aafba4c81ea5cc26c28a1cb,Rare
69c32567e8c7f7d889ea8031dcda87c4,Rare
45a472098402fb845ecc574c96277333,Rare
523c6a2e721765da1b15d10c6dbe0055,Rare
a9e0c1ff93798eb6787431359f9fbfcb,Rare
f4e0d78ff7436b968de0cf20d8411e8f,Rare
6554464a0bb3134eb229d3b82da71922,Moderate
8dba6d233ae73affd60ceacdec59842b,Moderate
9f0b80fb5b246c77c99aa3b12ed0dee7,Rare
ac909b41eaca0fb5cfdafcbadead25e6,Rare
ee224dd892fd24060e466d14ad05fdf9,Rare
1371204471107bc46e9eb95854bf8d22,Rare
0e89a3dfa4c25a885fa0d59db1971aec,Moderate
4ee1972a38731ecc11d7512bb73dab63,Moderate
d53794197b4c123cd52f5b1423cd74db,Moderate
5dd9873aba1bf02102b610faff405d2d,Moderate
095677afed83ce1d069a9fc14fa04797,Rare
2c63673b3ca8e55fe7620c9b286bd5e6,Rare
226f23d7ecd4fe109d23bf4291bea40b,Rare
5714dfdd9f529281e8f37ea8d5445b89,Rare
fec7229aa7ce1f9e1ff76c35f2ba02eb,Rare
0f1d9d712c5b15db55ac4ee38ea3fd22,Rare
91a998508e51cad77012bab68d698007,Rare
6783ea73d1dd873ee1fb4002f51393e9,Rare
3c7279ac40e5b9603c7efd8961ae4bc1,Rare
7a0e2e93d7a020d8a1847fa0eb35d5e8,Rare
064c8355c95550a7b26c5fe9109da9a5,Rare
9b20dd0257499fc3e83f0c2a089cf7e1,Rare
3c81a901daa753cc0d7800108b15780f,Rare
6b63755ab196cfba233de0f921827a8f,Rare
a2d68dc56af8de52008f64fdb8100345,Moderate
d5d78c8b33715b8c59b5dec0890018a9,Rare
019b18913e1cacab9c37cadbeac74f43,Moderate
fd1324a0beb39081590556cfa2e517e1,Rare
6f574c8ab30035a482a055bd99997096,Rare
939e67e388c832d4bc44273b41a5fbed,Rare
af1be27092409b2534fd2d8488fc51e4,Rare
b7a019ff74cc5b49eda78819aaec7b5a,Rare
fb7a21bf7766926011401453aced1c92,Rare
316c935864b29c5f50fd82d9dd3ef5d3,Rare
3cae1c25b1ca8d8e0fb48a1c77f3daa7,Rare
e1f23f602d889f3fcd9a941fffe123f7,Moderate
b80f8e7b759ba753fb535ea26ca52968,Rare
29f1bd13f441c90aaa94726c22894fb6,Rare
3061bd9cdaaaf5174269a7be252f6d37,Rare
bebf124374d28e67dc93f67d517e53b4,Rare
e7505e1398149c91c576684087a45f46,Rare
f77941d46460a348b942d6cd02765394,Rare
674ffc896cebe7f61728b8305a91a154,Rare
8582c1dc86214bf62cd1383eae94ecbc,Rare
eef0e3768540dab9629cea32aa742f43,Rare
59075b0a21cedf3f9c872a6b56e1f29f,Rare
5c5acef3f4affc883b88e56d346b2ab8,Rare
46974d9ad53b38d53b15f48788f5bb90,Rare
64d40ba9834f3f8772541dcebbfedbb0,Rare
5aaca9690de19a6ef1a28ff05fd78f98,Rare
c8d98e4e28de4adb22a73c311203fc81,Rare
eb11c1b87cc95e7f9c22ba3a14c1b4c5,Rare
952e38807bf89accda6b9ec3f6eee820,Rare
babb5f46f6041d8a2616102966608fde,Rare
3047531610b8945087d640c371a41baa,Rare
8be4d583996a1e5e8d5ac74108fe39b4,Rare
b876478b934e92c71f974ec74e55ba89,Rare
9999d96fdb08ad5d22d8262124b92a47,Rare
d04968446b5cad9f2b01be6f008d4f46,Rare
d5a6a12c7020d494adf021a2150a5a7c,Moderate
38dad42690f37bc1db81388939858d2d,Rare
31312072619da119951fe7f817e2f82c,Rare
43e9b6fdfa7e32a5e424ecae5f84b8df,Rare
a8aae56c14e7d6ef20e800c19f84ec1e,Moderate
27fbe4bfdf171262ef86a1006812b4fd,Moderate
bb1dea7cc07667467f684d0cf81f5d3a,Moderate
b323296b365e5cf108dd5d1e21716e12,Rare
b5822416d5225874abcf230c2ddf7c5c,Rare
8d698be926bd32c8ae2a7b81f699b13d,Rare
399cfd71d71c284b7e546f898bf0151e,Rare
30b094d5ea9a1e63343a29f406f3ae8c,Moderate
0e25f0931327feddf7647714695b5b47,Rare
51828e68331359e54b65ad105a687238,Rare
1dff54738b6fdc522fea00873a66cbdb,Rare
a001c17e7a3107e8d22257e5853e90e9,Rare
eaade24d08d80ffcf0633f4745ac52fb,Rare
e2a08c9f15dea0077e9b53968c0263fe,Rare
159cb0cb3803ef94b4dead0186d29baa,Rare
c91a673dc847f6f5eb2ca49ea620ef25,Rare
f223e31fd7cd13660d3bb530bc9ef537,Rare
f9f719349b7b318a145715c0d7b3fcd0,Rare
9c6510257c04533b7061cd29881608f3,Rare
437b96ef513ba93c578feca5d51d881d,Rare
71ffbdfd361ea5ac88909aa992fea00c,Rare
8e1ba13c53e13ec93c67b1287f588674,Rare
087c4981c8ac944fcc08393828fc97ff,Rare
53fcc7a21d40bbe09dec8eba02b0a372,Rare
2286bfc39dee8bf3de5f8936d31155fb,Rare
d2d36cf1d85672b3f5847d5080d6f146,Moderate
a94c8e3fe78c258974a11877083679d6,Rare
9129d1e4d61167202965f5fd1eee2e4d,Rare
a04fa9e56bf7909f36b0ac3b631622ee,Rare
50b6b005bf4270bdedc19cea3c080b54,Rare
b03bd75afd0e527de90482b54a38336c,Rare
5a9d3107b27f0e8e8ba4dae62756ec76,Rare
48e4839059c78384de9868a06131a556,Moderate
d1b6379310c17e3631270b990ef1679f,Rare
46208fc72b970f84c4f88fd7d62def9f,Rare
1d09b53e991ee83047e408d74b83e9dd,Rare
9bdacc7fa63d301903daf63194569cde,Rare
b363551db78d12d59ebac86cc18b816f,Rare
a54991ca7ec54efa482355c08314dcc5,Rare
a9955cd7023cd70c3cf5a5fb805adcd3,Rare
9878c244425868e8f2d22fbd8db74239,Rare
d7b531284170cbbc1414fbd7e3da9a57,Rare
0e0e1579c7d8e1c77572c4ae2297497b,Rare
fd7aef55e1359f46c5c3758e516925e2,Rare
ae387956e20adecdb02276b6cc788873,Rare
17a080ff4c1035e09649594531e74ab6,Rare
328f175840c4a48b3bdfbe20af0cd0d2,Rare
64a389bda5e6a780e105062f140d0b3d,Rare
ab14f9ac152d9a748fc41479e7df1ee0,Rare
aacc620d73c34bd0d55fdb37d95f4230,Rare
cf9fc850e7e1177c8adb5795d6fa032d,Rare
02c8c107a90d1ff375fe65c87d8724de,Rare
d354efccaf985e33333e71a87e6a7d80,Rare
485c9ccd9cb8a6494f5c3cdac3842e09,Rare
23fd4128f6979ea8589fa08e002084e3,Rare
549e2d78188a905ff3d9e9d2e18fe06a,Rare
f7db9caee6941498c7dc220ea1c89625,Rare
62f68bc27d60e6fe513ce6bf956e5852,Rare
60d126eb41d87b75e0f94a939876e759,Rare
f861fb48e8b8851a987ae2ed70fa48ee,Rare
5ef1a1d1539952e2031e44d35118e746,Rare
fccc7f9c54d799660da96d4f0a6ea176,Moderate
45b7c803b22902aa37dc1a0fb234ff98,Rare
a77c5fd07952d89a1f22ee35bf9fea48,Rare
697b40658a141fde11e3815b6f9fddc0,Rare
0394f35ea839a71126645eb1bd6394f1,Moderate
c1c147ee49e2f10e26762f2cadb41407,Rare
571dcad1033460200056d44a2eab7c14,Rare
24c6a6abe9943a081c44c99aa409355c,Rare
6c225820e86076cd0e0c1c1f9960b132,Rare
771d9b223b8c977763431dd45f1c1630,Rare
2645570225cfe97f41f2825460b89761,Rare
575779f7fda7a01542a4e72717cfdf95,Rare
4c977032ba965c9de6ad6daba3ffaf56,Rare
29e687b07cc43909c7bdf70f3831a499,Rare
3d97f8370ade870d288e5ebac44d9fec,Rare
badf2f0bd48cf1d33c93c9cbd289b962,Rare
d49cfa69c7b313a4e40c5c28b83972a6,Rare
26cf0270bf26948f6f8da5bdc130d1e7,Rare
a0fc397133aa23a6637f597089d61177,Rare
5ea31c20050a37460168930983e0a3a6,Rare
a46a3fc1787288626d22cc6ced932748,Rare
c3c6b393733fe4019debdf26b0787856,Rare
9a07e8ee049e044128b0051b0c8b3944,Rare
a4e9299e207152a1cb9970d60e53f726,Rare
4f27af8652b0effc50f88272792e976f,Rare
219f802f59ef502e4742e29e13fa49d2,Rare
c3931faa6e9ebaac8fc0f2763e7ff716,Rare
b5cd22cc0b403c897fe0669d79e344a5,Rare
ae3a6e0e941c73e83d84723161f4fdb8,Rare
4b5b9700f7bba2fbec10db0fcd9d85a9,Rare
5fe144484a03cdf5fd4015369c93594d,Rare
3a5aadf5a444b0889e5b77c3770406d9,Rare
5cff515075f037d608db4b363d1f4e89,Rare
b7d8474d6bf411304ffcd546d852c591,Rare
50d4d6a756972aaa22b1cfc8dd450d1f,Rare
a781b302342d48efb4dd2a332087d1a7,Rare
f81fa9675a9084a61896b42afbba3b28,Rare
a9e0151c56b7e8f040f9c84cdf48840f,Rare
8ff2845c8ea3d94b1cc552b6e35feb06,Rare
940d296fa061060e1ad0c378530f99e4,Moderate
523ddaec1bfa061cd40ff2ab2140ea0b,Rare
98b8d043becc157a13c70b0d20cb23e5,Rare
f3aa02884419cfc3f96014a81f976207,Rare
c4a466fc794684dfb5092d25ed06fe23,Moderate
07e9f409125d656c2b96f0cf51ea3e45,Rare
70488299d56ff421df38cbcbfb030bd3,Moderate
4273097d2dfec89ffdac46afb612eef6,Rare
e245cf9bbb488cd2697d0f1f51476777,Rare
46309b879a8abb15de8694cd1077fd98,Rare
65ce21e4fe8e5b321741aed6d6c0172e,Rare
b0005d5ec89310a09feb2d964b358feb,Moderate
30db20c9745f9ed87aad007ba614e910,Rare
4ef50fc7a07459da62ca3e1cabd14395,Rare
e8cb414b35e5c61b6493cb47dc1b4af2,Rare
762e7fc1d7803de04f23dca6791320e8,Rare
7c8a96de55cdbe0a0faa6035c47ed475,Rare
6cb46922b3bf15d5479c85d4edac776a,Rare
1ad4e922c2dcc7434f17d4f71ba94cad,Rare
953e8130dececa214fa377f8f96c66fb,Rare
c450f671006557491537f6b0620f3fd8,Rare
8703f6bc93a2bb3ea37bda3f41575b50,Rare
e46703c81950a690cca7deda7405669f,Rare
67daac657d2971d76e6303dee24d270b,Rare
75c3a0f383d43cfa2a5ff26e1bbd919a,Rare
463b7ba2ba9bc192b915a82fe5e41ccf,Rare
2925381afc84adc5e191f1801a18cfbe,Rare
920e594c0df7ab4d9265f4cb65ff4b6e,Rare
d32c90d03a078a40c67e8906c9fa7a92,Rare
e8e48a44a121a583b477ce31c6525e85,Rare
4b29fcdd7c44fb8f195e11cae31a64cb,Rare
6f37df1e116e86f531fdd4e0085c245a,Rare
0b1c0eb9bcc5b065e4c640d6df9a72a7,Rare
f682a98cb6ac2336f4fef7f7f1a1c515,Rare
e49a0e1f55b0cc47aa8e5cd2d8c59a2b,Rare
a4c118f0b1a6743d5ca4c6891e47f4de,Rare
3b8c01651a0bc32effde70becd97e968,Rare
14ef27da7c4bce50b1183426c8676fc8,Rare
f5ffa5a12fec204560cfb52e26a077c5,Rare
dd772d889aa178001c067e856f792d09,Rare
138bc97af88eca490105542efdf8fa22,Rare
ff183d2d78bc2445fe22af0eb54bdb43,Rare
394cf091ff3e2be5302b1f6a375426bf,Rare
70b567a635f3fcc28a7e0019a216fecd,Rare
625959786b50272eb942806ed1f3b7a4,Rare
4a409478b82f45367772f6c84092b14d,Rare
90c0adc0adf02c60ea6d0b41cc545444,Rare
f15f4cf9d0854b19db5e5f4db6abdbcd,Rare
4b4de3d6cbfadff00d6868719402e669,Rare
dd08c18923783c975a5f879ca115d6bb,Rare
fcbbc3ec7819b6cabd1f931c85bb265d,Rare
72e3832875e5bde5f932a9241df3c7af,Rare
b86820612e064b08829d76a06da505af,Rare
02f461fa2ee8d548ca339a65fa928963,Rare
ace93570b4896c00207d20ca391d7fc2,Rare
fb16402b08a6ca3780fbc74156d64ab2,Rare
1f6a90964027df98039b3ce5f4e0bc9d,Rare
954f8ae57c5c783320135841b9abef74,Rare
d127c791328a5316667b2133bcc9df1c,Rare
1f63b0cddc08d9a883769021a8c497b0,Rare
bee6659807c5bac698d6099d36ac4df6,Rare
5aedabaf491757b0502a33c0aa81538a,Rare
aefdd215f8fbbc22a9ae1bbfedf68ee1,Rare
0bc6263ed8448690e86f959d973c0fd6,Rare
77b7e1c4fdb88eaedcbeee53119825fb,Rare
10c9d5fe11e5b045f75ac53fed85024f,Rare
19b0596e9eb41a3cd60f4cb80f82c53a,Rare
3960276f273db9109b7696cb6fab53a3,Rare
dccc1d103f45fcf465cf70ed0d4d34b7,Rare
73b835be69c4732ba4219420da4bccf9,Rare
2b4661cd6d1388070039d07abf69d547,Rare
587b82fe03eaabbc398eb7d0cf98d248,Rare
e7f92f89d15b54ba70d691397c52f395,Rare
c675240148e193e4fb00266e33cb021c,Rare
85b7c4abb910f7cb518b6400c8054f59,Rare
b0412f04451d9af735c9b8ae9b2e78f6,Rare
325a4823f788ba68a71a5c37d86b9b7b,Rare
d45bec60b171380dbf41c3aac089ebfc,Rare
ceed35bda89de967f40b6cd24d533007,Rare
605e87f4866ec552325fd8a37c8c2626,Rare
730605d20ee59cdc64d788e0f8c7991b,Rare
e1f3818d6443558d20b5371d0c84886d,Rare
faf2e1282647b1401a2953197ca5e801,Rare
1b8464b161cde4e4ac4a293f85d83903,Rare
de51142c98e30f4f9fd47af42c0b40df,Rare
79c859132f98a551bb4d0dba788c1142,Rare
0b8b165fe9b437cb4c43827631e1b779,Rare
6125b6fce7282e2fe732bda6a0bca640,Rare
0dbfc36a13c9bf2577d2201c1939a1d6,Rare
85705290ad95d960496a7ab720d1d59a,Rare
a63c8a666ed702ee6d394d6773211f0b,Rare
628501c0e962257f3a0c95908784ee5a,Rare
810cb82312b88c1bd6eb33adeea5b85f,Rare
46ca320bede4ce4ad85ea0595ce51412,Rare
61c586996179299f01b7203047e058e8,Rare
bac7f01985f167fc64f985ae3f0511d8,Rare
872da7754c56e8f3aff8e2cbc164481e,Rare
123bcd7e3ad9b62b498313de2cc07e96,Rare
68d8ab86b07f9dd3303c07546c280155,Rare
2e0141fa1b4d0a503ab932dfb5649bd4,Rare
2cc0883da7e6456f379093fa34386c5e,Rare
f346f86f1454fe0b0e53afe8d3806737,Rare
403aee35dc88dd8d34048a0da79aa77e,Rare
f2b39dbe2503d23af92bc523cd184cdc,Rare
3cb114c9dba99cec4f00bf03e31697ef,Rare
122e8be52f1fd6945decbd7320c25ddc,Rare
9fd0368c1e7b90d4ef4cce645309a1d8,Rare
66feafaf447107a4adc71ac2224470b2,Rare
9d8f37ddfeb9a6422fd105f159534207,Rare
7d7cefe7d94eff66f36608ea301754a6,Rare
3464470d4e1a574851149423e0744412,Rare
39e645af2c389bd6fca0c2eb34853580,Rare
5ef1d906b3ea9b2b1f5f9ccb17037aba,Rare
8720a0ce67a5fb06b33900637621365c,Rare
72674302d76d9e4a2ca0617c0605225f,Rare
be440ad8e4548d8bb9de2779c5b18297,Rare
507d7b412e4bc9ae342a506c5e97f511,Rare
bf2b1406714069d9c6f69d1bbb145ef2,Rare
46391c3cabce258a8b70aa7096630a23,Rare
2f776e27f1368628fbca9c9261ba5e14,Rare
aca01612b8ef82e8b3eda443fa9075e2,Rare
413dde28bb93759168bad0c20901940f,Rare
89fe6d84c3e58d3768aa6d91130ed2d3,Rare
0153860f62cf455d14e35851a21e2450,Rare
79dac08853ce40fb46b59959806858ac,Rare
0abb041160dfb9b0cb4e04079f4a2e1b,Rare
084cad3b284c28e649368dfd8f27cc9e,Rare
1612ecd26013e1c5ef0f2ee66eac0092,Rare
135a75b2fdcc2919ce230c6cef08963a,Rare
870bf4efcc7e858f747ddb00854a88d1,Rare
9f67e4c2e9afc0e0d55d64ecfb61b6ce,Rare
e952fb25f68aa4948d824768052f472d,Rare
5a1caa645abb77b467955e74136c956d,Rare
bc95c9a1be08ed014ab096681a7788fd,Rare
93dea6a4f2de97de0f99939d98352fc9,Rare
85cbcd815fb8a8e3790fb4d4d148ef68,Rare
5f309d2aa7f4a44a9a1bd63a4d8bb4e5,Moderate
e78b672355627b0154801803d418bd69,Rare
b679206fd6f869d832be24fd877b9d10,Rare
d7efd1d14b5ad22f2f280f273caeb7e1,Rare
9f2353e8fb16b785cc18a2d3badf245d,Rare
11c12f85c09424b38d7078c19347bca6,Rare
e35819e779376a847654cbbddc607965,Rare
90f6aef7ebfc7350d1cdb56ad31a937c,Rare
0f10fbcdabd90b93fa1bedadf56ea2fa,Rare
7a6af0054f8541573aa46a266feed807,Rare
663f55418b9dcfed48e61bb709335b12,Rare
526d442ef178db2371c4cb42ddf7408d,Rare
8266c6f23c1e16dff095963721ef8f5d,Rare
2d81b525f7cc2ce9290b50874339b83c,Rare
f283d694ffda285c60f41f3b11f22711,Rare
288b09addad1f47c671a43ea42414c5a,Rare
dd8bca91f96360a3d116e80688ca3a9a,Rare
22507a0c3cd64ce5543b97cdf864b1f0,Rare
95bfcecdbe6591b6ec3d4caf43a2e6b2,Rare
7614779400181eb93185316b31fa0998,Rare
684b27dcb06628a7c4596607f754fb7e,Rare
bb3fc7ff36fb4cc79aa5c4f36ca61f99,Rare
bf51b6e502acc66171051500f5c4eece,Rare
038ee0fcc33320488d57404a1f779493,Rare
fa0f0141ab13ec1abf4ea643d0aa9956,Rare
d47b8151d242122438c5df149e6d878f,Rare
13137769bd771588a0b447ae05fc3d76,Rare
8f84aba915b8663d8ee907854acc5ec5,Rare
e11e3e47adf26ac6ee00d383a5588e61,Rare
7edececa0553699ea5a64b6e018c8316,Rare
da65f3ce8ad602f12cb6706a452fb8b9,Rare
6096b873cf943f770d910a1b48e431bf,Rare
d4ec492badcbf52bf82896b676fac458,Rare
c26dab90668fd0dd737e4bf08e66e72b,Rare
9211780c0458ff4cab0bebbca3697953,Rare
2fce1fc446baf160585395047951f1a7,Rare
2dec3313b2699789dfe3d120ccf1ba07,Rare
45f4cc7a2666a6a87f3398b6334256f1,Rare
de1aadd8e0194c0ad26930c350f3bcb6,Rare
1f56d2384e06eeed4b0b0e262b55a0ee,Rare
e4b32114f61b1a693222ab138a873fbf,Rare
1def062bbe628548fc8300a5c668c650,Rare
2339e427607906439081f9290cbd61d3,Rare
a4a084a9b682185e027cb02da8058870,Rare
e122aa4f04e257a5810b3eef56e9be02,Rare
63fcd1cfac56ba450d1ca7b8a4e0d641,Rare
4799cacec92b55c2a5698fac026093c6,Rare
c83f0d02896256e65f62dd79da5a7702,Rare
91ed00ca75bee9dfe736151c9a233501,Rare
f1160d2711774c18d7efe83ad117caa8,Rare
4606a9fd9473ab900fe33ea4c071438f,Moderate
17d22ad56d63a61c4d4651abab688d93,Rare
bec8af4855a73b4524677b5543d94f39,Rare
695a45c38d7972900295104a5f008857,Rare
8ed7e3a60eda047373eb5ea7098bd01c,Moderate
3b02cea38d50a72fb6add97d21ebe8b4,Rare
3d076c0c8eae4164c1f4cd15e2b49e78,Rare
f58461e003be8747e6ccacd4a5a731cf,Rare
92dd1dc0b281ed458864a56c8d6ec258,Rare
eca164faf213beb4b332e95d9c9a566c,Rare
8ef9523a31e81bca116e6febb890c7fd,Rare
acbc0f4e26233a4ee7254baa0afc831a,Rare
ba71c4ee7496d8bed4f1a03aee655ca5,Rare
d15836f751ebc48a9e57ed415e1460b4,Rare
380b1f339144a4cdb0f920cb6b0e3f12,Rare
9b8f2278af59bc69d266c5aeced6e501,Rare
d511808aa1424f1cb26ee0d2965819c9,Rare
ebf288d7dd97620055690996552be5f7,Rare
6d0c7e2ebe0b47c4a7a94c16bc48a351,Rare
37ac2df37577f9a0360aea24843bae55,Moderate
5108e5889a04d9929f568db307d085f6,Rare
4979c8b06574cf1106be22013b2b9c1e,Rare
3251c017aed32e06c0dff046780d149d,Rare
195720af100be3ea12eed7a52de3ca4e,Rare
7c045d1bb5f9ccf3aff11b1c004f2ac1,Rare
3b07b729f3d4206aa22fc8df6e190d60,Rare
d368e55708259f75d5cf80e3b874a637,Rare
556aced00723686a48b8d267809f7cd8,Rare
36f177431310e30bd2377ab55cf5b778,Rare
d6780072aedcc9e9065b49cd5e1fa998,Rare
358935658407f093cc9c7f494981209b,Rare
5bdde9ab614b63e684d2adc2155eeba0,Rare
703682b6200975ff8e517ca35e7fc679,Rare
f7bba16e0ad24ba79dfc663dcf161030,Rare
385ce2bf0d0775abec6fd9e7348f00ad,Rare
3b8dc140d1ed100d48eaf9c898cb48a2,Rare
b58c5a06543bd64f14ccac85b73b8c57,Rare
e7930ffa513f0bd8cde4ea1dcb219285,Rare
d4a314628820eaf536b3aff7bd6c1411,Rare
bbad37f398a388bd51845d644a300e8b,Rare
02f4c6fedd5bc1e0387e18ca785c0c76,Rare
c8fd67525927d858e355568ad69f6392,Rare
882b44d1fa42117a5d92e5cd8d35ba17,Rare
19baea826ccd52010fafc7d21cd22469,Rare
b359cfb7f855105f009b01888602c375,Rare
0046ae96315e7fb64ce14e39b6606df6,Rare
72eed58bf256d8eb0cbab8984a5334e6,Rare
a55b9d5930634d86746d71734c8a3907,Rare
50841b567bc2a28830c9b1172d2840fa,Rare
769bc261cc126a4e270164fc2fde44a5,Rare
3af200c8f8cf0dc0242afb61433c3e08,Rare
f52cc2963c79ec01d863615a928aea99,Rare
bdd4b0ddbe57a6cdacb89bbe7a233f21,Rare
66fc7c2ccd23d1efbd7579fea0a9ff1d,Rare
402ba23c17fd1eca6cff8cd6162cda2a,Rare
a321053df873f191122b30a26b9a5462,Rare
06fed732058a4ef069af479c2aad07b4,Rare
4518859fd4c9e8a22af2ace76724b678,Rare
54b4867ff2370016979fb5361f5f4003,Rare
1788af861ba6c3db301874bc84bed9c8,Rare
4911c38500b138bbd46b973997495c74,Rare
73457a8ad31b57187b5cacd12982cdc7,Rare
32a18c02f6cdc7ff866922e447a1d41a,Rare
5ec93495852c4700b706c8cf0a855adc,Rare
5c309c61c43dd2ae7dffc790d688a663,Rare
2b3eb7a7934476286cb5dd69c556b008,Rare
3f79499aa67eba0399e4170ab6f30eed,Rare
ca535ddc0fa0c99d088538baf46c6ca7,Rare
e1bead4bcd7abccbcc9c8879a6a071b0,Moderate
ca328863bd260e6e29184ec71a878706,Rare
ab3352efcd726a47d6108fa2536bac98,Rare
1f91dd0fe71fe666ef2ad1904bb9fcd3,Rare
af9078640dd535d56adaa26d5dd7fa7a,Rare
dd34192691deb9b6e3ec9637b5e41119,Rare
366761726156209d8b6db538cd15e099,Rare
a58163fc91b464d40f7c307b57969ca5,Rare
72fb1656c467260660836985b98e93e0,Rare
55225142e5577feb97507f9d881bf756,Rare
2570a2b0a2d231ba764140de63d918b8,Rare
a28b3bbcdf9bdc3b95ecbc0dd1bb1b18,Rare
75df8df5c8f7659244f1ab7a7c52071a,Rare
cd193923e66a68e0e73f4327262e138d,Rare
d76c8ab8d4b27f0836d06e1630807b3e,Rare
21441fc935ab24672461e30c82bc90cd,Moderate
2732a1362962f61af5f0e4373f54a441,Rare
12691c25741040dfdba0980dc43a74da,Rare
8a0a23a4acf550d7081ac1b79632ff06,Rare
82a5ce85de1e079e332fc418171078e9,Rare
78ed15c17d85eb5bf30559ca92299d55,Rare
0921ca914ae3a81b996308c7da6f5295,Rare
e62ee1b337cbcefd15b02a816eafee40,Rare
68b52b324cd20a461160f9ae6e3183db,Rare
32c4581ea38cdd378fdeef8cf200ec36,Rare
50a10092e334a89a7936f0a08e252a33,Rare
670761b47726ce0f8fcdc541dd831dec,Rare
2ee876b527cadae6cfea51d7d8a86aa8,Rare
183aae29c82c2ac79cbb0cda7ffee88f,Rare
996ed815165790486daf29912f98e045,Rare
4cd19fdca1f2854bd883f7bb02ee0be1,Rare
d6484c774b2e714251c75eae6b55075a,Rare
bbf939841c84f652d3d17195be07be4c,Rare
45f92cac1dfe3665e1de04f85346e629,Rare
2f437e6d7582836b65228e765b314cb4,Rare
27e077d459cde7fea5e6cd9700e98cea,Rare
315e02158b60b5d0ac7ba44379b6cbfb,Rare
96b5e060a234167667d14a3f6dfc0f5a,Moderate
9df84c636847e1fc2e7bebfa18496096,Rare
6ca0709f68f1cad80f56e8fe695a3c9f,Rare
1897ed17cceef5856ff46f498e71fb95,Rare
c749c4c5d8d881550a00ae6447950f48,Rare
81bacdd7dba851ad287a7af088c9b1d6,Rare
81cd919a649679addac2a2290752c6ec,Rare
8ed0a2427c287911c3732fe7bcb2530c,Rare
47563475e5c7f0fcf2d268214bbf1e8b,Rare
7fbe0d21a029d5d1adb5ea82ca8b4315,Rare
e0683f46010b44ba4900279c97dc4e7e,Rare
b4716e69aa7f68d0db2ffd8ccd143a1f,Rare
8db4eddc717c45cd1497df87686613db,Rare
3e6f55cae7a50772bd5bbd70154d2928,Moderate
e8a38dfc333e0468e723ec7637713bf7,Rare
9b1bdb1b8e3179c7aa5bec7fce5f3ca0,Rare
ebafa2061ad1d971da4683bf56b7398b,Rare
85adc3f78cf72adfbb494744d17c34ac,Rare
3f9da76aad819f3119634d06b9c62058,Rare
7aa14a7103ed1e08a3e4491aea1059bb,Rare
1110b9d706cd79341457815847953c9c,Rare
e7f17059822d037e4d87ea3681387690,Rare
d7cf02a118d83752cb2fb2e68d4efd6a,Rare
2088c67536093ba5536657e435921865,Rare
3071a0480a606ad7c5f276411d02ca82,Rare
0ac64ea9fa94eba3602b516c342be44e,Rare
eca98420f3d581d98cdc24f2d44e84ae,Rare
e1cf5b6b40138ed07db9c3a5470133b2,Rare
233c64f542e42b8822f27810a502643d,Rare
c934ae0354288c9dc817113e30120274,Rare
c053784a6ea2d950d77078a03bf37e34,Rare
62d9d026f770bab6a8d4020f0f4d7deb,Rare
98d9e6e6fe38be478c1fabaf081a0b49,Rare
656e71cb9e39f7e498ab1253b21d45cb,Rare
ffb0d3b49b14e1bc869c4af643fe135d,Rare
fd2d5f1e9469ba3554d8b8313d612baa,Rare
9069586327b1c679cdbcd3165d396ebe,Rare
7c9ea8233f74f5d59533e3d9cfaee415,Rare
21ae40c7bf1e41643dfee5207f2913d0,Rare
6e5abaf453e923cb76749a6f59a281bd,Rare
c640d435a225655943dc7511e8c999d1,Rare
4b88653cb1d708d470ed251928a08e99,Rare
1f19bf32f23f8edf86fe3c365aaac0cf,Rare
de2eaaa4d455c9a918c6ec88d66bf7f6,Rare
634f0fcc83103e7bcd6e36675cc0d687,Rare
876df571488cc36d049728fe2e091432,Rare
6aadbc24019f3000fd1a9309978a8634,Rare
ff433fec060dda351ca7dad6c344e2bc,Rare
21e6a3b9fca2af32c0a4c2298e94fab7,Rare
eda38e62142a70783c39c043b4635a1e,Rare
ae71adce59255ebed85700697e432d24,Rare
0b741479239a62db8ea4623dfccd54a7,Rare
e97e5428bb8b137d55260d9ef851f335,Rare
8f8fdf6a07aa992f7bbe98755df1f58d,Rare
8c6e5543e5547b8008b6115841aa4231,Rare
ab9b81ad29bfebbee51b7c6902d2642a,Rare
b2545bcb694b419fc30c7c992e516e14,Rare
ca4549e776ca37204295003ada7bb2de,Rare
d5eceb97df15902bbaa320b8379b6503,Rare
043fea155066f9847ad9a12a00edc52a,Rare
6f71704912da5ada6c221726a04cf6e3,Rare
ebdbea5de9afe447ab829016d21338d4,Rare
c711e7cedb38c2e1281a6a0b05317c79,Rare
42a5fc603efb0c5924e1713d015b8c1b,Rare
3049f46a8941cb7e8c947a0ef00bfe01,Rare
623ad548c595e4a8b6a5d65ea8208fe3,Rare
ba5cbb2905cad060d61c312f41634c2a,Rare
daf80062d03c27a6b85640e13a5375df,Rare
88e5be7784eef15a5e55a24ffe689178,Rare
cde664e17579d1fd99d9bdc9291710ec,Rare
f894eac89387b65691881abc49ac28d7,Rare
5202b5c235eaa0a1a692a14c236b6283,Rare
5a05e7321294eb01355d4d7ec80d9115,Rare
9e108633b359018ca6dfc4f087067ea3,Rare
ae447f06576c05fe15759cb11fc09020,Rare
fe0c76a6c0cc7f18d3dd4c1ee45a4add,Rare
86250b9520cd56e4b539a3b36eb00de2,Rare
eef885844c713937cf4e7e78c020f662,Rare
8a9384eea80b256377c203c9c91407e5,Rare
c5b936dccb5a734926bab89beb44736e,Rare
9a886bd925d1186c829942e3057e0cf1,Rare
bf64f9400c171cab9ef6c4c0cb44e480,Rare
fab6cd822dc7011da345be24c2b71878,Rare
348a746a1455debe73263f65268f4e10,Rare
c0c9a2e78c7c8eb11b640b95a0df3ef9,Rare
78c3fc522bd2bf81c86f190338bcf5f4,Rare
ffbfe5a6900b3588c6dcb62b55b812e1,Rare
3786d41f032079c92800b281421db891,Rare
09334c2815a48c4c0ade544537f76884,Rare
18ae3bf79cbf33493cf9bd292c0e947e,Rare
bec1869d17558671be2d67a9974b9cd3,Rare
44e81e4887edd9f853ea62f89708a671,Moderate
9236a3d5825c63ac32e5ca330c1a4c3b,Rare
52fd958c895824aed898691e3cf46d98,Rare
24c0276bac54ac4b2215170113d75bf1,Rare
68f165e45be91fca275c7da3a244bf28,Rare
dd64c8870c27c5c12e9da19868959d55,Rare
b91ae7e36c0465ddbdca560bcedd7fe3,Rare
30ae87e6a7c8d53da2a280be159ec40e,Rare
17c43b7fb4ff20771e3f0f20d76f6270,Rare
f37edaf8a4d3cc708da79f7f01da238e,Rare
2db2ee99e937f2b75ae8ce44066679ae,Rare
2506639b66d5a759d190b0cc48ba95dd,Rare
05365d995b8466ec4856f0da6d9f91f3,Rare
ec79127af36ec8c423cd34c79d794af4,Rare
a5f474c64e6005ef58924feb4dfaddde,Rare
9b2e3a800d4afe8301ba22191ec23273,Rare
2faad4b49efcd9fef3c550b4953bac70,Rare
793ff0e525f1b2c14185a4587def47e1,Rare
5a2bd2d4ffeb7395117007ed6ac661c7,Rare
ef763e6df30d12f3b20152528d8d68ab,Rare
73a5316aa99cf38d3f47e60926a22c6e,Rare
59989d3327f9bd1a1e6c47babbb59df6,Rare
2dc0a359ffcaa40d8eb4d34f4f58162b,Rare
c5fea085f6997f011188168f37c11027,Rare
19545020a4aa1e5c240ca6bab1909563,Rare
d4f0018ceac7731c1b70dc092c6da181,Rare
1e6b7d238e7418ef5739b4f4f65c4a09,Rare
84c81d8919cfea047d4847fd0adb0e7c,Rare
0dd946269aac196abd4d2ab96f4515ba,Rare
7c26d41d42e490fc127db1b2d84ef33c,Rare
3338da1539ee6e9dcc412b0357ac0f63,Rare
5266ea794ebe18255fbc48dc8a4a84c4,Rare
6f848a5ed393d01c5fc2ab60cf4abc20,Rare
f806312c8b5b1f451bdde43d6e3f07bd,Rare
b8e62f7f361fb21bc8e6bd2626629c4f,Rare
3a4145ea724a06bef82a8a846f6aaf62,Rare
03b3b3102b6b009e3d27b53a50cd1255,Rare
f420fe89d14c33ad36e0d572346174a1,Rare
0a37a317ca6d22088cc7a4dfd7555db6,Rare
e51ba0b40878f73744d64fe520a18f28,Rare
7cb034273285ad2e2c333139dd3cd7d6,Rare
07e498c6e3028e8cb76a2a1fa5f1d3f9,Rare
13f38ee289faa80d5dd487e6503562f7,Rare
e5a410fb4376968bf56b0d737327105c,Rare
3f40df991b8e5fd669d6968b088fbb5f,Rare
c6e293bd35408f2a49097bcd8db2a64f,Rare
99d960e48a31e25eacea4f59065bf95d,Rare
93103ab122a88f06ceb014e6f82656b5,Rare
233529bf10326f825d1e10e6bd48a73a,Rare
a6615f2c3e465d816c0451276c7315c0,Rare
236f4cf89af49478433335fdcaf3ce3c,Rare
f95874d5655b51917ad5c0a8cd315841,Rare
2a413ac507daf2ba0d7b157370919324,Rare
b60abc3a7d2fc5c915e849a41418f3b0,Rare
a96aba729e8a0a3aaf68c7144904d2c9,Rare
bf94cecefa08a3011d62528f98d881f9,Rare
af20f0aac5885768d76fe1f31c71c53c,Rare
5dc2ec95116db26f7249d6df368106e8,Rare
a00612427fed27f46149cfb0d55f5bf7,Rare
5bf9a38a3c0cc37174569ec03e3a141f,Rare
ee6eb47749e45e8197b6bcdacdeb06ce,Rare
1de05b11bc807fadc3df230a6c0b2742,Rare
947c4c7b1a8d0a3a8734738eb62372ea,Rare
f7f2cac1bf4b0dec019c85b9b7035ce5,Rare
8b078a02e56375c3a5af3c128bdd4800,Rare
418f2b9c475092477d3e80b914cab173,Rare
e893746fdadfbaee1d24f480350d364a,Rare
133eaf03d024f4ad7ff023df30fce1a2,Rare
b8569436a7e5701acda4ece61a1b3121,Rare
9ceb42f0b2cf2366009803441702b03c,Rare
0209dc303545d89fbafc30264d371355,Rare
be24ca0815ea6e9865456740279ded52,Rare
86ed7de39f381bbd04a425772ce5a5c5,Moderate
49f648838a779625267ec78c98475033,Rare
4829e71825aa74c4c945301b85d5f770,Rare
2caf7781a944c3d7a6923e0ad8b48fc4,Rare
335d28457d53e8950bd1f5b1eba116e9,Rare
a1b6021160c1b57db995b555c14861d9,Rare
be091f7f42c7a5a30697f479dd8f0ab3,Rare
99f4db03b20d35c4895a21c207c7d058,Rare
4c9f8a60c06387af403b3e66a158ae6c,Rare
3077264835219c8ac7600c6148cf4037,Rare
62fbe1e8a060db2640f9801ffc20b824,Rare
765b54ac0578593684aa6378a4e7bebf,Rare
5c1bd09332155b07d060043fd0fc75d2,Rare
f3592e9febbc02b1e6280bd581679607,Rare
cff1bf4023c64545616019786b64b74f,Rare
3252ee01a0cd8edebb41cfe9977759fe,Rare
7ac68b3b289a7545479637a790ec00e1,Rare
7fcb6738a3686ba6765ecd6dbb5effcb,Rare
4afac9994c73e3625a7558e062ba3d4f,Rare
44a878bfad273fbebfc8279f4720b61e,Rare
4dd7abf4074acb2c3d781d059ae59d17,Rare
bc5709d2ed1f801738bca94897653781,Rare
b5d45f1f146ab48068c9f87c5ef87ffe,Rare
47f091318924bc4534bdc5bb13c5c1af,Rare
a654f730244585161e1957ec02885d4a,Rare
582a66d4dcd7ada4333e07816369336d,Rare
7aef3afa645c270a04a5a5c539dec30b,Rare
3ff80e1584491f9e76c2df70ab6841ce,Rare
c5e2778b3a5dc60d7fa79d446a7cadbb,Rare
a60dc98328c9db006a6260e9e4db68e3,Rare
d3ea7c48abc2284162acb5d50dafd2c1,Rare
3518764e7f81eaec73edda143f9f1f74,Rare
c02662933af17e5ed01d6cdfaa1c5077,Rare
df3f823ebb30a49084c669c9fe7bdc1b,Rare
c70552caa2d138905e8ff3679172a5d9,Rare
169ef0e2e6ee87e0ca9e144dc096fd6b,Rare
2156179c23ddadae9018f4f1263e445a,Rare
9ba302d77d895f1e1da0dbc5242c697b,Rare
b1364dcfe6cf3bbd740bc912790af7f6,Rare
b57311d7e4f233eacf17b05a42ed2521,Rare
efba14e2bb83aecaac431e3e5a8bc883,Rare
eaf14a239dd5b2e23f27a21ba72f16bb,Rare
bb78ca4425a0b55232da740ca1fc1cea,Rare
01771cb4ab27102cd106ff387bfaea02,Rare
8f288207483d69bc6cd37aa11ac6ec49,Rare
fd0d6d8f93b59048c3550ad9b6c5d768,Rare
e90ad979f2700f10716dc66e08a0aa23,Rare
6e2bb343129bd349d00a742fc7d69945,Rare
7f60e865ee681c79e1128106b888c6a3,Rare
2b7621f4a9bc5add19c47d646b12674a,Rare
fac95736c84a62c9345baddad8b42953,Rare
1902445b30c434999bc218331de4437e,Rare
7a958910560a8a08d573c02e73cdc7b8,Rare
fe83029733afdca39ab497a02c2aa6e3,Rare
5ee70e81deb931da3c66ce0abbf9b155,Rare
7833c0f4a315c4d940462bd69723a496,Rare
5a0e70e7a8fc1fba5cc2dce984dc3f4f,Rare
211ee71b92fa8588af4466635a168171,Rare
1df6f2050eb46cdc908ecdd1a35d880d,Rare
4be1c0f24fce15055927685f2a744be1,Rare
65fa8071838e4ea02f6fc8263df2b36e,Rare
84a4f33e83b800ed74342689932c25c0,Rare
3f5416644e3dcd0380baa64e85ea5553,Rare
dc9ffff8ca0231101cbfda021df277f8,Rare
b6fefa733255f73029a846bc2aa543a3,Rare
4dcc07aeec9ebc6e970087ccb35373a9,Rare
25f75d5051ddd9cdf13b3276fcceca55,Rare
cc2ab17e8795a7c51d6e526d44ba67e5,Rare
933f945701febf64eb5e8c3efcda2563,Rare
223f2a9238c2c68d0ba404bc35bb446b,Rare
24abf35ebb5fef26149386642124fa19,Rare
965d87b910541c943de4020d74f17620,Rare
0fdf4a1f0ceac871ffd76d82c6c48259,Rare
eb89213938a869b1e6c015135d109361,Rare
f95bc536f6497da7ebc61fb3f55153fc,Rare
6c0f90552daf943350971fc46f7bc386,Rare
25460b13365b037240dee1d9e585a05a,Rare
25d01beaf336dc4d8164c9eb3caa088c,Rare
6b712e1fd9469cadb4782b892b7d6627,Rare
3e5892bed9f54f36283c840bcfd20440,Rare
db453f25a9c4f47f12fa05c10767fc68,Rare
8e9452ce83772852b8770fbc2c19ab53,Rare
6bde02594d3d6174af3302e2e631c565,Rare
271af06b3ae5a6b24c12a006120e452d,Rare
285eb6051154a9dffc8f1245dcf930af,Rare
b4106a6b46c5c0514d16eadefd836d51,Rare
ea9e18aa53e4a2be3f137a965a7e9c2b,Rare
633a4cc96e4a8eb2b5ab533a4586a85d,Rare
8f3e366b50dcbcf3f6c0d5c2a76f0b27,Rare
ab7d963196690b45b6d034e556519eb6,Rare
0de7d5688a490ef268ac1247712bb50e,Rare
d8cbab2a7adb3c313c24d3db8c6bd6aa,Rare
56c8e39d8ffbd300acbaee68e5c865fa,Rare
c4675ce0fe7ceb6c9ec6bcf48bc50c7d,Rare
af508c78c2ce7a89d46fa759f348186c,Rare
345aa2337deb6e838a4d53f01d898548,Rare
fa40dfba4d8746fd8adf0c97781e7606,Rare
89fbf5e40713ccc2385cda18203cb9ab,Rare
5ae0cd5fe028bd87b40ed02be1245b00,Rare
e944e167346a4f5ce81dacfd4e61a4ee,Rare
5e99757cf9c84d0c0633657cd710893a,Rare
c78ed7e475ae123fbf803bc2e0d08496,Rare
695dd2b163a450d05336935718c39f86,Rare
3e44a46871b2103e9040fb711512da15,Rare
ae3bfa70af52a1862a81985044ad1a32,Rare
66276b2b092ca1305837715fa0480d59,Rare
b27091fd6ec3c91716d66c0c861bf256,Rare
f0ffc7c882f57567edaf96937d7ec1c6,Rare
47c8a4a998e198ebc8e2257c65f0658d,Rare
e9511e1ac48a443467331bd5e0c0b001,Rare
c5d0f3ecb9afa85ec3e5119bc26260ca,Rare
8b403836b61dc45868fc70ccfa979d3b,Rare
d5dcd9ce279040d9558c16c2617951d4,Rare
082ca1f0cc74301f80306507e772c21d,Rare
a9cc9261de164aee3c1d88d0350df814,Rare
f28771d7415e18ded2bb73939aa7d511,Rare
17f22baca51eb1813cbb1bbb702921bd,Rare
3dbeaf4017e84525c0ad5c3b3f817e8f,Rare
d2cb8c4532883fd35c688dc1009ea6b0,Rare
19f4a1f943a6377845a33ceb3c992bcc,Rare
c032cfbd01d94b31b96ee40be596c786,Rare
31aaca72c4c8a82515d7e577daf26595,Rare
d899456764233fca7952b9cb7fc71f09,Rare
66f4f57cf5082b8bcd32240d6eacc76e,Rare
d491fd17186a7c8cd2596295bf94bad4,Rare
9f3c78183dcd5d4bfcd77b2a84fdaba5,Rare
a6df9156f2609d8069cb2998c04657e8,Rare
a8e6f38ef7aec9bf36762dd22e71ae2a,Rare
6fc957eb8351e925fcc02ecae4dbf893,Rare
a021f5008bf12df95418547fa0514952,Rare
d86e0736abd837645075ec1e4ca5fe18,Rare
f28d0abc15e9858f2b7e7aa8f8cc013b,Rare
29d162c212d74ffb9e06824df21e9e53,Rare
88a447de3700c9c8cc382eba2003fe80,Rare
94d52de24b1d13b1955d40d5e750bcc6,Rare
e73197e807f82bd7961adc32ccd63669,Rare
8ad3dee7b13f973e7d3c07fa466a6740,Rare
b9db1e244f65f73cdbf5e44a968f7129,Rare
0bd33bc2ca91120b3fd16eceb8c52635,Rare
c01b880e7d13527ced467bd0b3fa1651,Rare
6aeb928253a8949f1262fe4e2cb2abf3,Rare
2b9726a807b9906bbf9190a132b12943,Rare
3bae19637f8ebd86134ab41e96f38590,Rare
13d05057649ce1caf53999fb3cae964d,Rare
56e81033036b3e64e5f8c751b357dcdc,Rare
bc6e7ca55eea4b06326569d5c590614f,Rare
e7a3f32f8fed2942ceaffb129fc29769,Rare
6b0daaf270fb7f6897a26f48e9caa0cb,Rare
65fdf73ede241449a9633bd034548f7b,Rare
24e1fd7e8a901e426880879b75106463,Rare
7b2668d1de6ec7d0f1f184988da245dd,Rare
f990ce39f32a5200a5e63eca83a5adae,Rare
7cf37ba22916693505b941976ee15d4e,Rare
09417c24127ef8e722a498ba6b6da599,Rare
d7a48ddd1721a475805aac3a42a27442,Rare
5d9ca50b75b7336b72e7c755cda4efff,Rare
1ae7f04ec777a2d6f11ad3ffa90e2940,Rare
23d4cbc806c4e4251a87e1e1fb5f1c0f,Rare
d06be67c37a17966aa63a8464f51d172,Rare
e6819e1a154dabc4864e395a80959a08,Rare
850826bb3fdb6271ba9d6a65bd51995c,Rare
89e450af39c5bdbfea11b1d510c63605,Rare
c69fd9972e30674ae025552352699f40,Rare
90b2970b5ddf6fdb4d686b0584580bfc,Rare
ae5ac8027bbb589542dacadc573fcafe,Rare
d1a1ccb3a39bbfee0ab02a0a46ea1096,Rare
52af70b63a476dc3d01771fcf8428c36,Rare
98ec61f31bcbe0204e1f8039bd8305b8,Rare
fa6627d9fa87ef8b80832e9950d47384,Rare
e06dc1e20de7c9f1b81e350ef328c341,Rare
bfe739f7b0b6c9c1aef0e16a6d1b39ee,Rare
7c191d6ec99c1172ba2fc91511cf1f26,Rare
311b70d105ce8d4eb64c01279e043ab3,Rare
c6aa34f928893eaadaba212e8863840d,Rare
3b641cfd9c36c820823e8db09e0c1398,Rare
4cc337bfc14aca3afa9ab102d170a2de,Rare
7d8b3dd06948c94b145a8bba320162aa,Rare
65bffa55226ce981aa1c7bbe30bc37ed,Rare
689a842fd7c3c6b8e9412dbdb33f538d,Rare
b84cac0e2dd948b84617e3d62bf72d88,Rare
6ea2eafd6d1c3206cfead15ef7a0738f,Rare
345c7445fa225efad683fa48b42523df,Rare
b79b288f8671ac751d7f485999da1e27,Rare
c2d78f60afc25c029a5296324a6155ec,Rare
348ff4e9e3341ac108c1ec72b456cdea,Rare
867c868900fa9fbb5f4d6d09fecf9140,Rare
698125541c080d7350ee42c8904e632e,Rare
97ab3dd3193b1574b4533d03065a3e4e,Rare
f3bfea44bd6fa4eb7a22c1a4a782ecfe,Rare
6c7a4b99cb044e80095adab6286f9282,Rare
42307d6537781f2cac0e636d1ad72031,Rare
80802315bae348d6c73642884a5443b6,Rare
ac3c9c2d2a210e5d00b396a547f4f08a,Rare
91390a80cbbbb326cd7a3c197d872bd5,Rare
946989c478962642b926c206f9e36ef8,Rare
21b72ac2dfe4ad4be9a30ddf26bba18f,Rare
87b08bf02d1e0b68bdf285019cdc900f,Rare
54fef95f40ff70dabcfcc743ede75dcb,Rare
7ba3089e0868947f5b196f5659fefe96,Rare
c7a689ef20b0da113ea4a8e194cb7ba9,Rare
c86b4524fc666f771f0467789c9e76f9,Rare
be8e60acdc6e9cb1d0d933e76efedd20,Rare
9bf01cf360b48bfed0f72455c3482b0f,Rare
e219cd41bda0e001a8c1879c085d112c,Rare
76457da759e8cb1f9be7071237dbc1fa,Rare
ec9944d607afbeb21e64d249f5d1992f,Rare
9d83adefe85e20d678e25c91987caea7,Rare
71d08550e10d5c6da04167e14c365384,Rare
d75f9ea9c5c24bed6b2f6cef4b824996,Rare
a93097c4eb51ed924958d42a1163f587,Rare
e0840122fa81b001f6862a03cdfa4f84,Rare
1782241a4d827b9ee8eb789c7d068890,Rare
5256260ab69585738f58d644bc99ddc7,Rare
ce9559f721380abb0b5a8239cdba40e4,Rare
436cfbf8e2c618ef301cc8e8f8c23e5e,Rare
c67b97915ee3e768ce12a77865fd82c8,Rare
d5d260d3bf11b2ad5f90a72dce1b923e,Rare
79fa14346d4663db97937a2cf5945d1a,Rare
b32185d7b1d7738f4d28a7d26f24715c,Rare
8a2915aa9f18df66d95e320e739732b1,Rare
ed8016729235f0160b2b16d8313c48e2,Rare
a02fed76823c19a844785a107ec66257,Rare
693d4d98a6de53404c4b65271098139b,Rare
d90263d57fbf7491d363576e5073b848,Rare
c550ddfd87b152bb7a5470bea7de72ab,Rare
e32efd65fc57540c14ff84593ca0f3e8,Rare
17268ed83155561c7467b69b50a41a35,Rare
2cedc0d8e13f9c4dc30f37b9435c08fb,Rare
4c37baa2e8de8d1d2931627ced437ce4,Rare
55c71a2974f84fa6382429764a77ebd9,Rare
8a2e425557bce27112f1eb0be3fa9f7f,Rare
fce9f656366c788a85bfe4fb5a60861d,Rare
e73308d5044a75dfb1b9308c59590ad2,Rare
d36422a4c7aa1edb6eb8a59160619584,Rare
5d5d14a9542de73eb31c77aeb906eb53,Rare
9e0c99b9d299674e0c06c454b1ad33e5,Rare
d7bd3eb0a8ed166f3c818655f519a000,Rare
27915ef5d67247cd3428049020b9da14,Rare
ddb297e13aa30d735d0e090a5c51de51,Rare
9821de98fe8787747958e04e0353521b,Rare
e154ac17ba607e7c6ba7596a2f7b4933,Rare
07552f8bf2a59cf616f47b27375360be,Rare
a0e8cd29fa5afc7fe9a096565482fcf3,Rare
7968c95529926f79f343fe7b630297f0,Rare
65f316fec6b7520f07e5312ef8eed9b3,Rare
2200161dac262f7e7510faf2c9836be9,Rare
6a789396b1e68f80c4e315accaa9b2ac,Rare
37e3491e2b711d0c0fbbdb6f7e958a8c,Rare
3320fed2ad448ce2532ccc1869fc22bc,Rare
a7d97f1814175fbfd3b40570230947a9,Rare
8314132f206e71b5b5aa79784991ba20,Rare
069f28bf92db3ea301acd860005c36b5,Rare
64f6e83d9b2405b7dd45db527bf614c8,Rare
754a4c936fe71061f0b7a3bec52f7e7e,Rare
116a73824b3fb3545548430508b49c7c,Rare
f95d44c96b96cee32191c3d00738eb48,Rare
f9194885fff64017d75db2972c9b73cf,Rare
35d25d5da8763e830e1f6ff9e4e17819,Rare
2e9770921e35b2f2c01a9a842f5dfce4,Rare
39773ea22144ac2d3fcb16528453033e,Rare
a757fdf8fd1043f41a7a8f4d7556eb7b,Rare
5a49db14d77e3c6babf52bc982276cd8,Rare
9117bdb07ae15ac9d66e790a75006b00,Rare
db0dbd4ca2c37e0a03b22732eddc111b,Rare
fe89741f83d4b0dbbf45903bbb4bf9b2,Rare
0da5119aa9dc6e15d8ce4c741a79de35,Rare
c3999a9402ffe6a95ffac4985ef93b35,Rare
ebed4d5b791410a0f9741c68b1dd34ff,Rare
3a7d336bc8117745125c3035b4940c19,Rare
2c6e47bcb127a21b7e2d637be444abbd,Rare
3ab4b2f674001d83fb5ca8c51892ed54,Rare
982f91df279ccdf929a5f9a7b6f5e438,Rare
901dc56b7d961f6c2d5c599473d09194,Rare
bd3c1e581887d669b8a086145c64b27f,Rare
667a90525cf21dd5d43882c2d6b0654a,Rare
d34e218181f15d5075ba22e32d1bcb59,Rare
35ff29a01da52a7af3d6bb364a1e702d,Rare
689ed9de0a11d37d81fd1e1eecad48bf,Rare
f5dc53b13119e6ad897d59287ca3be22,Rare
ef61cf9a76634d9837da46c8384f65d4,Rare
a45b3efd9bb59f89a55ebeaf984d4aba,Rare
a41ba0ec5f5cec8fef19275b3295df96,Rare
61c3bb133bc98d3b709a5166ce7673c5,Rare
761c2f7af4009854f3cc857397467565,Rare
57667ba5423506e6bb6a9c4ae994284c,Rare
205a65b778daf5dc9ef8a2b1e9bc50cf,Rare
494e6a7f0201e48e67bbcbb5116accad,Rare
ece7ea18e63f4900e2a9391c4bc09964,Rare
097f97d7249cdbd6cfabacca097768c3,Rare
92e03396c4a895534ba684328ca76652,Rare
07e3d7f6aac02c68d388353428a90eac,Rare
e350991084f320487adf74c2cbff69e0,Rare
aff36d480f2371caa984e59ef1db1dd8,Rare
6987b46e1b02b6c60b3c9dbf801772b6,Rare
58e1b2ee51c74787d8263e681b05ca84,Rare
40f156a45a75e9c350fb12b02420996c,Rare
777ada12e2a7df5345d897ec655b349b,Rare
cead79322bc69ae38a14cfd948ab65a8,Moderate
6872e32d3ffa653c7785772cc17b4e2a,Rare
afc3a194eec4ef2665a12ae5ac229768,Rare
3eda1b7c12895b9d0d477d574d329fe3,Rare
daf3609a6a1360062e029dfdde5ab6bb,Rare
a8dbce5c9f659292177470d5b167bb27,Rare
78e376ae16bbb67fdf978e87c2937e89,Rare
dbbda2dd7e20a8cc791115bffebdc39c,Rare
4de458c2d56f0f2e460570e2bdb8ac1e,Rare
e8e17b0c4324754666cf97cff9381d7b,Rare
93ef090e8f2c72731c46dd6a4f72fe87,Rare
7643e58370cb465d9babdc38e86e7885,Rare
54209713d13f4a9e84efdcd443d4176a,Rare
80e74401ec98cd6cc879c686632118c3,Rare
ae02933cfc4968953f378aa18f4563d4,Rare
96e0e62b702a6c47de1bd38178f6652d,Rare
1a4189a5b54e9800b04cec8fda62af26,Rare
bf90e532ef79b10006a94d7b6e81d0f1,Rare
af34216a59401eed43d13786b9dc6138,Rare
66a45c6031b378aecfcc3d358ed5d6d2,Rare
8924d0685cc40d9566cf99d93168bec2,Rare
37e0863b34fb8ec5df2c1e8b957ea9db,Rare
3cf8832beb3aaea72cb2345b50ce6046,Rare
0e214c97e88cd35a5fc38af0085a87a2,Rare
02af6cd8cfafd36db63d5ed0534685cc,Rare
6e9512fd21c5c8594a12d446d0174c21,Rare
cb07eb3ff68ba5ec40344356e6ba5fb2,Rare
82eb183d64a6303bb603fbd78c3c9e46,Rare
471bbe0a17058ad337ae0d0f76d08cd9,Rare
bfc82b17ab1c00e34f68bf6a7b8bb6bd,Rare
3fbb19bd0a9949104e72ef459d453634,Rare
77ebdd8f15b4ca3f1a5fc7cb809b1626,Rare
22b7e3ffd5e2046a4af7cba9472e90ff,Rare
320b3da985854e21d6173ac17c7d65e2,Rare
8de9d4913f536cd8deb9a41eecd417b6,Rare
1d9b9a64578a27ddc1d340256d7ef6ef,Rare
acc4ff6d78f76df0e51596cf624ead73,Rare
715b3b15bc8521a33642c7eefed2efca,Rare
ef1b0ad5d8ea11d2da91aae39d44bd55,Rare
1ed075487f8810f6e3320e94649bda55,Rare
2c40b4ef98a74260aa5d16004b120b29,Rare
e447ea4d263839ad8e115dd8ffd80722,Rare
f975464ae156fa0bde78e6e43f0e7bf1,Rare
16d974e64ac84451efb8b967fed0a6ce,Rare
bf99d6736c947c93124c50d78430ad21,Rare
681c9591d25e5f3ed1a731f6c8d2883a,Rare
85430483ce7901e47a53a0d0ba7bb6c8,Rare
60c8a21ef02e76bbbf738e4a25612aa1,Rare
7466e7fc8a747038c0e94272797fbf7b,Rare
b8ab404838fea3ea30590239cd619a2a,Rare
a3945c68ae9bb1b847c1c446ec1b4526,Rare
ab3261117e221ee976490699cd4eac28,Rare
d706d5fd6e687e5a8249ded6f36cc0b5,Rare
df2ea67308221967801e3125ec233e22,Rare
8610ac3a379ce787185b08dd87b8bfc2,Rare
ac601fa32bacf887ec48bdb657081a20,Rare
9a71407d7f837d65d9f074be56f06588,Rare
889065802c8d9102dcac4e9344a96716,Rare
3706483205f1af334548f2529122eb36,Rare
ef6661cf35e246dd0da29906df38b753,Rare
9c214bfd6791ee986b8442a0b0098295,Rare
288e520180109a3cd6ded980cb66bb84,Rare
d80332502dec157a11201d3ea746b922,Rare
fd1fd5974a5dd451f8b10e08f840cb18,Rare
fb7ff05c4392d424958f28c61b0271a0,Rare
6ce3a04e852ef317fad25171d8365709,Rare
59fd38ec4b42bc41ab079069b5bdbba9,Rare
8b279a2d1cd7857d76e8bbd48fcd71ba,Rare
76fb8d77c86820cb6378a4ab7afc0277,Rare
7d9f1ae31607bf9b0ae0940cb8a0402f,Rare
8a1d16dbb282b7bbbe9173b75d502052,Rare
503d791f4e9fedc26dca25710a89f7cf,Rare
481ba9eabba7085d0629450589f2e177,Rare
612095f12907d2f863682ee7eeb42323,Rare
8d290b0b0030b64faf1f59a91966730c,Rare
d357924e78ea971ffedc5eb470beb14a,Rare
458459b5c3d2329c7c8e1162171a1e70,Rare
9cca04a857941009dd36c54ae4ec31e1,Rare
5c6983c22863b831bbf2d8b4764961f8,Rare
7c1005513e29aeec22cc53575cd49c84,Rare
7288316413ccb784485e5d128acadc2a,Rare
09c206daf6a140b40c4c531409bd65a5,Rare
72ce96d197b21eed43a38209fb5bce91,Rare
c27e56482f8b643baed0e993308dec64,Rare
0d1680d78e7930b2fc53b8e1aabcd08b,Rare
09571c5e64a97cac7ce014d748cfbef4,Rare
a72b22961a2ec5a06dc9b2a59bb7c4c0,Rare
afe0993336a4abbe6af1fcdb78006a71,Rare
5a3dec390beddc84ddbf40b579aabcaf,Rare
67ce2f0d31fac8e011c5aaf377345933,Rare
904fc6fb5f4f33ce6c5ba08a9436b97d,Rare
52e6f7525cc91e9cdae9ed82212480a7,Rare
1dd0a12da5e585212981f26fa115df79,Rare
0fce8afddb91d9dd1e91a6172112e585,Rare
58092b003e22c201e8d73bf5d42a0b98,Rare
bd2e34106c3a2e5756341f6cfff10fc9,Rare
924a46aa688fe885e8cdf7987043a8d2,Rare
576f60ff69f3bf26bfdd5fab36b992b8,Rare
cb8a61e40097f3fcc64a969d8f346632,Rare
2b05fb61a55e5d2d707a6041fdfe0ab5,Rare
8a0e7e0af924f29b9d2d65d9995f4d5c,Rare
836cc826ba8121d4a49923d3b4144a25,Rare
8d0d8a56b115d5e6cd537a3d890eb115,Rare
8d080876db51a53d8b7de19c74c42eec,Rare
f93b9740f80276e1d4c206332bb5110b,Rare
8164f7272ad667d6544af0e6be7ec04f,Rare
ffe633edc4d88ba850701d6ae22be904,Rare
bbb2811fcd13ae421a1c5cd54ddfc44f,Rare
e27c0cfc70ab395de9b5d6e297a7f424,Rare
1bcedb37de9818b5bb3bc1bb9de9be0e,Rare
ecbd66945db6d9888bb59e17d684ecc7,Rare
0674760c1c57b9eb7efd1b9c0dad07f0,Rare
7c7a5062bbb975a2a70ccadcafb2e222,Rare
22892334411be91b2197ace3aff27a40,Rare
9a92ea98bea43a4b198cf3f3c27727b0,Rare
aa10318e106772a1b4114e00a07a7a45,Rare
999daeb000da97d4b55946e14f2c6277,Rare
4df4cde6ef3958a33c91cc32a21821df,Rare
0623181c8346bd5ca06d6d7fd4dc4999,Rare
3ded7e6ec85a1daf9ca8185d625833ab,Rare
8174274b39039a0b836a54fffda286e0,Rare
7ece59c23763d30ee6308cb81a0ab1b0,Rare
a69a2d289d6e9adcdf7cb696812e61f5,Rare
d62166af7160ea9db7cfc8522cc97479,Rare
61bf89e404c7cdd93d241c8d5ebbbf62,Rare
ca6d0efb874f2c13a542c8da9e924ad2,Rare
5c347fe77231c90d71b0c98a6b05e30d,Rare
54df2323e8cf047c956824c4a5c17578,Rare
cd5127cf05c1e4328b854f1ad4210439,Rare
918eca9b1620d9cf5b8eb96d3a87d6b1,Rare
52598b3e18cc165175de8957a8ed723b,Rare
9c8fd5723c1e49ad6de780f45aedf552,Rare
70297e870ae7740a448311f9b81813ad,Rare
75c824402b118b75e7a569cc54125bc8,Rare
2d35b6f0dd3d265549667b352ef8047d,Rare
fd340e87f2412900695b3854a5f7edec,Rare
e714814f2b422fe7ff6620c62ca228e5,Rare
8e0b57507788230f708cb75e36b9cfa7,Rare
19eaff2fb8150c3ed6fdf760edc8a828,Rare
a5bcdfa419ed9722ed87e4054877ea05,Rare
2d70dedc81771fbf9721c7f2c906394f,Rare
bd84e5a0f0fd6db9896c045fae81fbd4,Rare
6c72a7cb881dea02988bf5f3fb1a5637,Rare
bfe1b5a18519ad366db2f2f68a39b820,Rare
3efa7dfe36f38a1d86a770cf9f0503db,Rare
8f441f2bc27989465ef3fd03ecf0b33b,Rare
10b426eff83832553439f891484602ba,Rare
c70c9a31b94c1126f9d77fd851e654a6,Rare
9f4f379648b3a7aef7e9ca66bf83821a,Rare
fc6092d6a283474ec3e5a0de49eaa961,Rare
20dc0147de8b3445bcd04ec5333b8af9,Rare
e5aafa4cbbf5733a8c4402892097c33d,Rare
4c07065b914d7c8627eb38578300ecf4,Rare
99d0fd7d26091f6eee6c23e64474074f,Rare
4c6b9cf5169b3bd787ea8851561d236a,Rare
848629cb70151fbf7abf202e40e3a56f,Rare
3527d3a234699d152668c978f3db7b6e,Rare
a0de2638db0c59ca797bb534cadb1a54,Rare
1d5d2cc159f673ff4fb9a8ddc5e5180c,Rare
f3c663f984f6251fc37c010e332b222e,Rare
47a05ddb0fd1a7344def906466304fb5,Rare
0028f5c4d6427b97d6433ece99b5fe47,Rare
f2e0e92bc98d794948b8d972c60d2dc6,Rare
794ff127d1c5c1d60be3d182d50cf0d6,Rare
da0f70b55c9e56f9ac5c30977878b00d,Rare
3ebdbaaea9fa082da12b49c116cc6254,Rare
d7a89865ffa51c4f86039baa855c745c,Rare
6784b49cdb3220d60d286877b989723c,Rare
47336b4326bf95c9a76939ed5e96ef16,Rare
327c8fbf44b31a103e00fb6914ca456f,Rare
e43009b1752d63054135d085bf921474,Rare
469022b85a8cd2a16f7eac821e2a379b,Rare
e5c8c287b89da531f21a115110a77207,Rare
e6fc96fdc8ab4b25a30ebe8b95d1397b,Rare
a98b466bac69d58fc8a65e6db5b5bff8,Rare
3cd766474c453bdcccf6ce15d0c46069,Rare
9a37cd19d13d8cf10fbbc84d934255f9,Rare
eaca83e701148c23f203aa3eb13598a8,Rare
95050cd0403a384a0cb99f1cb289bd9d,Rare
22d6ea886c745eb70685f5abcbcc8b8b,Rare
bdd17a4e9db0e4747adb0b13e6f438de,Rare
859d17d44f08e701e7ad82e8d15855ad,Rare
d2f504f4f1bc969dae6d17c4d9c345ae,Rare
0a3563819340da9cab647abe425e1086,Rare
b15859f9b53e7332135a0e3dfb52b1b1,Rare
08d30c8795d6765fb812c339ea0af210,Rare
81570212d14d6bf491724764e57a9107,Rare
8945836e4f5d4b5639a37f9263db6cb5,Rare
e6775c9b94d7f449a236e2d3547d4dfa,Rare
217b93852de44eab6b055cc57cee39cb,Rare
a47ff245de3b8a5934b9a4c9a2c75a56,Rare
11a9cfa4f3e55afdd608cd776c73f3dd,Rare
7cd5b4a3132bf362e2ade59b449f02e0,Rare
f3a21364cc068e4260a8e3f5791026a4,Rare
3f5355fe7fd5c680e6d31a3a914f8031,Rare
562827c315b3282d44723fa60dea6980,Rare
28bdaec6acd98573eedfb9e55043cc1a,Rare
ef11bace044338ed45778e2c883b4c1c,Rare
1d4d6412b0576c3154e59188d69db94f,Rare
ac695ec57964cdeb922c2b09682af2e5,Rare
525efab76da23c8b5a2ac94068579046,Rare
3249619383aad35c48b134fc4c4b3673,Rare
138dbc45738b37ff9ac5cc03bf67f40b,Rare
695dda88127b956c7b05082d5077d767,Rare
714f7b206315900f2abbe596633da6ac,Rare
820eb2cde9ef1b85c7b8a2abb62f22aa,Rare
693a5d08aaa4ee846c48a158f187957a,Rare
6e30f99b598898c5a0b058f286d515aa,Rare
ffdd19422f3ebe9c70cbc7c2e389a2f7,Rare
63bfc7baadb9de8ad232a2807de8b4c5,Rare
d55b1bff68e668c7d37959659c541dd6,Rare
4e16cfc896527d425abe73900a361bbe,Rare
c51ffe18466b653f023a1e4ffb4949c7,Rare
2e4a80825766a5510f5408a951a4df77,Rare
e47c53ee429da2c6f3f4b10198b75255,Rare
2a4ba7a7a665c7b2d877369439bae1b8,Rare
e4fd2145f57b06373646723deda057b3,Rare
5fedbe600b7b52c4a861e47f2c4e01d2,Rare
6b1bff5385a3d5badb53e9fa8718bd95,Rare
672ebac47799a2a06b69c4c2d351aa31,Rare
d87c80f2297d2eb1eb32624f932df606,Rare
1650ea69693bad73e6149b3b77869da9,Rare
62a3699f1d48039aa265bfb7ebcd6713,Rare
0e0542179597ee6069c7b7cb52b0457f,Rare
e8268dcc44d6a93f0c438301cbafa85c,Rare
e260334e0f045ea186ef8721c8b96fb4,Rare
aed7f3f9d99dc2bfd3e3a490064baf52,Rare
5cff3e4e2b56e505be0911e774dc6654,Rare
5f6fd57d8f511b8bfb94d0c1e6198d0e,Rare
516b6288207079511bbbf8c43031420b,Rare
b57e8cb7f2947684e35470f68e166417,Rare
5ff1aca3b96b8b36df50287f8354151c,Rare
785966f22c3a83d25f07a82c4bfbf4b2,Rare
ab5b85fecb6565719604d44519ccc388,Rare
d4a8ab8c1288f12b6a89249e349dae61,Rare
f9f53f705d0968f9492c0aaae8635890,Rare
a7681fa91391e105eef0451481a98e57,Rare
4d5db9d7c7eae1459148b848b2f5d46c,Rare
a3e68800f5d0109f985501b7e3e110ed,Rare
ca80138ad13b51aebb64c3a1a8c5d425,Rare
eec1bcb87a0aaad0cf6560ac7aafe52f,Rare
ca098480273fa63eec986e516d8a0b4a,Rare
e9d97c6cacb2960b1136b6bfeb3168e7,Rare
767f84965cdca4d57ccdb759cfa36139,Rare
0eb784ff22d59a3b2cf0f1f2882822d7,Rare
b3eccb734a69570130c6cf389cc574f6,Rare
de87caab295c9b82ff652ac19042fb35,Rare
eaa4f91ae9cc695a4283dc8399287e24,Rare
bfcc906fffb4e6031d2f5397a9482ac1,Rare
07120d92ebc7ade2b4a5dadaaa9a6ad8,Rare
9118b614f4e905c0d0e55f068a6e44e8,Rare
b69e6c4f427befa3d0ceae440a7eb041,Rare
f0a713de98d7906af2a42e1053d42cb0,Rare
cafb36825a3a1e0081486d56797235cc,Rare
c65040a8e376ccc79cd0b1b353c5d6b1,Rare
664b75268c23401935a98289ea453059,Rare
bb311208118ca96c272a3157f5557e96,Rare
c0b8f5cd51a448d34fb571ab5b06312d,Rare
f0d566fa07535d689c5c904256b9ac3e,Rare
e329b852abfcc1bfdc58c8ece7b1b35d,Rare
2186932a55f889e167c5db301600e6ab,Rare
8e0fcb0825f1e0b5a15d96e542defb6b,Rare
1191a541300f4acfa19fc0b142a7760c,Rare
1dc080d582a16ecfb41b3e135d905079,Rare
80452a4f3ac4c8258b1d981a0dd77396,Rare
ccbb111488fa433940ddad041b753458,Rare
b1bd9de493ef104b1b87ba65fcef7474,Rare
0a22077c9ad5b47fdbc849f15a7ef43d,Rare
944e9af2c87ffbbf69e06c33fa3e04d4,Rare
9675a4bc48a7ad77d972440435cfaaf3,Rare
a519664abb798c82c7d05d31a35213ec,Rare
d3c852c6ac8931ba6dc299b4c2d1fa68,Rare
395653e00a2c9fdb391359071f01fddf,Rare
487ac6614c12a6afdd8ab41b1a7534b2,Rare
fd936d4c352333c8a23c9a669bccc0fc,Rare
3e90b003d8cf64e6df2b12f7b1710ac8,Rare
71a38feaa63cb37f4923513a32948e6b,Rare
d3f2482e84878257b1f48dba11bea581,Rare
d4243a78de6638eea3b819b127b6f97b,Rare
a6a5b553858a2022fcaa547a7ab31d28,Rare
3d848bbb7ae7bcf132b526c01ce3f012,Rare
ed592e9f6712526ad9c52795304e4a8a,Rare
bcd3cd8153529344ed1356f3874af19c,Rare
0187f874246cdb11b0daba4a0d30c70f,Rare
0c3a1874c53b43719482a666ae107411,Rare
ab6d697c2eb6596fbb999f69c634da25,Rare
b53190aad7eb1e637b6473ad66882010,Rare
42cae9bc87d1aed47f5375a00cbcbabd,Rare
0ffe7ce8f4f70cfc2797591e46374250,Rare
e895f8692cda0305defe98e11c45478b,Rare
18635234b4b4d717f1dc4508aac31d17,Rare
7c546badfd5d1fbce49917f7c48e00b3,Rare
b4b0e4f2cd9f2f0eb7f543229c78e543,Rare
6aa9d39d83bdf4d63d4d055241b357a4,Rare
88b9ba03f896825a3f3013ac0bef1790,Rare
93cf7f8bde8c864297a558f4f6e87aec,Rare
69cd01fd8ddd58031e5f872fe63908c5,Rare
49200091440de7a76981afff93c046c8,Rare
70ac77b65cff38221e6351219c2d2594,Rare
6d99fda88c85ffc10a25f334b763cfe3,Rare
192eaa7c9540d5fd90b628a38b3ff007,Rare
acf8bdc1388ed1b90eef44e8687591ed,Rare
a4370b14c05315ad6dfdd895988e1938,Rare
2a7c23c5c8a1aa7e757d45bd54be844c,Rare
88955eb609db553a91d91c77c247a945,Rare
980964462af20cb367293d2d00c24ccf,Rare
465e0a16534c6b5c379b06592d59acd8,Rare
b8752d5b2b6c5c365e438be7b563b4ac,Rare
f9b9464472a7cb1fa392131395fe2741,Rare
85d044884fc94291c6adb1d8d9a8bd41,Rare
6063141636a5c980252dddf543665459,Rare
10b1165721bc3bc471afd7efc2012de4,Rare
b126a041dc69d0ee264958959cafe669,Rare
ff96c6acc1bcd840c342fda995b3518d,Rare
2bc8c407ab4cb5d9e53d3f7f451c48f1,Rare
ad04b914fe9e146b8739464c9b829bf2,Rare
0a04e416d590844efcbfd4a87ab9d461,Rare
449f8983ed22a2800aa7182856657120,Rare
f8fe37afbc87105ce3187494b51fd208,Rare
d7c937c3d7022e196734b1788adf544f,Rare
ede62e51366d3f5d1eb8d6fe4c354f1d,Rare
e2d885e30b57518dd6ad2ac951635853,Rare
d1e98403bd3e302067b406acf36ffcf5,Rare
36b2101d578a15310b57cf86cfeb405d,Rare
798025215655fe5e444145da252141ef,Rare
08d70394ddef297b2bc4219dcab47a9a,Rare
4ed322b08ca48a2ecf6b14a721e89c65,Rare
0dd795960756adbcd4f2a2925ac1f1d3,Rare
b298c35b19f06482f1b275cb0828ec97,Rare
3c351c4533589b9aa078045f713eb634,Rare
75637b30bf373bda029e4d49186794d3,Rare
dc9f3bfc5b419ba0304d963195a5ef15,Rare
3432b94f790b747b13385d1e9743b1e6,Rare
312ddd3f15e9e500866aa2b396cf0972,Rare
6ddd4565b828551a1434cd3fa4858bf3,Rare
af33b43b8e7a549a37fe428dcf800c95,Rare
eab55dde8b0c56450afe24472f839aa1,Rare
c34cc114732985d3186c5b593b360188,Rare
111b48370e5fcf5e05b867637c7d97d2,Rare
6ae268772af09eb4f075cf62536ce0bd,Rare
a160069073f46dc77d5f11bd852fe583,Rare
5a88b2b888413b2486f35c5a3cee9c02,Rare
3f64c974e138fa8843b3ec08f8461a3c,Rare
e91ee0f65a5cc2dc5b550c5478ccaf59,Rare
388927ba5b6aaac7ee658eb9e4ead473,Rare
37488af4106d44c2df6f61ea802610c0,Rare
8a378ac83909ad3023d441a71662b9eb,Rare
717cfa539d5c58431d21b82c11363193,Rare
1cba08c5e16ff99d9d4d721dea360cb4,Rare
7ac45fc916d6eb9511fffc776c810562,Rare
036822c443ac5064fdea1f5d54c328ff,Rare
179e54b79e9c950b5148ef0b547edb5a,Rare
c27ee5f085d29679b6f999cfe9bc0a59,Rare
36bb45866de1789578a3790273c456bd,Rare
90d7265855678d683d2582a5f1461101,Rare
54013db6f468f3a9a7197aeef80a460e,Rare
743f3221408539db192ddceaea64b2e6,Rare
bad9c302803031171440f6c1833c7d58,Rare
022abd64b76dc7dead115aca77b11314,Rare
821b8f02aaaf8425f3056490871487e8,Rare
6e57108b922d0e13888e48e5707ccba8,Rare
7326258f3b9d0e4eb8439d4f6f56e6a1,Rare
e9d69f9800c9f362c7c20e99c21470be,Rare
876b118f55c07eb6ec19e242fb55f498,Rare
230ab7e640539afeb50468e045f615b2,Rare
89677cf9dfd02d5174bcd3ab2803ac4a,Rare
cd88f51874b62145cef73465370cb2c5,Rare
39d6055a28bee17791549ba641e688c0,Rare
dd92e93982ca4e366c8521fd74752289,Rare
f1d6fe92903b0e08356e970a87e9ffde,Rare
5c1513729cfd69bfb379337336c2ca69,Rare
ec5d283963954b33a7adf4f6ee13a990,Rare
26cdd03f22c8a5c483c3abc71940af8b,Rare
330c1f17b01aaa8c87c84ee8e9278ecc,Rare
68caa53d011c2d93b05382f153289982,Rare
b15ab57203e3c477ebfa80b53ef62707,Rare
d8786b02b844ee4de1bab6adfea684f3,Rare
e7af62854b66495be7442473c22952c1,Rare
333f1f7f8b45f9880dcbcf8f307aa9cc,Rare
9efc6231f16bb588657670f4c9b1d05b,Rare
5613e1ca090ad98c030f4101600375e9,Rare
9334413fcc788ab21435f62980bbd51e,Rare
1e0937d633a5e8e7c70f4b8e01e0cbd1,Rare
84fd2bf890c509181cf323d6eb534d5c,Rare
63c2da874c982948f561ddbcf82c8775,Rare
6c505895f1579c60ac626f5ea2f7e26a,Rare
b14070d806c21231420c314bcce3becb,Rare
c8078242fd4add7ab5d2908b6c9be766,Rare
ceae7eb289e9bb574d6c850ac4592f95,Rare
96609cbbd35497492a511f7db611265c,Rare
f11149267851b6ef6358433b727903f3,Rare
29bace15c27be1d521ac7a309fb5b776,Rare
82e10818f423968af072812fa8cc05c5,Rare
a3c537853ecfc297a348d215c99aed8b,Rare
22c3236712cb8cb3449875ae8d84ca31,Rare
30880581b572cd6532dcaa54d2993e50,Rare
7b388fec21db16840092d0331383dc60,Rare
d0a4f2d6a9b881075c1476b82282161b,Rare
6a35567bb4ba238e3f7b5c56c767d2ab,Rare
8b3c6decf5a5c138d2910f52fca6687c,Rare
89a5d921cc37c030180889f0adedcde5,Rare
c1923f16d7c4ee487378385a1ee200e1,Rare
f51772d0adfbbb5699d423e99c7235ea,Rare
120c41115bad1c9f08b3ecc7a24f7d3f,Rare
d7e873a1d7ff908a280777dcc861c1fa,Rare
234bdd64ae2b79e970d9196ec342eda2,Rare
0a47cca1cddeb53fe9aebd06973a6c13,Rare
73b3d40222d76f3415ab29515f8e22b9,Rare
8381e359b3bafdd5ec15347517d5d997,Rare
8d5a3fdf643f94841eaccdbe2dddcdfa,Rare
7991cee2865038b4ba4718c77f1842d0,Rare
17140b2d2f8937f759f051bf24f6992b,Rare
34290d7293b866e77180968828e04e49,Rare
b4ef64ace6adc81cad82d5f10f616600,Rare
f443181c6524fe0a4a3506df4ff3f809,Rare
510d2be842cf0059ce0129edfa95e342,Rare
e8f031b61c7b8e334956f24ff8b346c5,Rare
4a2d6a222e4a1751efaeb2990d44886d,Rare
e3da0d9b744da8a94ecc81c6a66ef2a3,Rare
71da10a3fd8d7abc42b68a937f175228,Rare
38c7e5ca9f1c9ddf210d4a1b3cf0adfb,Rare
c53038c16c400d0f14e1e342d4345042,Rare
997b1d154e239c80261702d2478ad9d5,Rare
d3514e04b69622e51e3021c6e4d0cbc8,Rare
ae88105a9ef617ed6f0e135c960bf1d6,Rare
6292091e6af2c1e354603b524b931e7c,Rare
b7d9b0dabb883d1408e4d33115f0fef3,Rare
7066d05a8917c7ac18efbdd908780fce,Rare
7859b925a3d5b1522d82eb5c9fe6bfd4,Rare
a5b4d81611d0632b0397326f75754746,Rare
6c6888afcdd3de8a4c66252fd34c603d,Rare
3d338974590e3ad27f139c0e789cdef7,Rare
b03a4bbc71615841a72e2d5cd42e7b31,Rare
e4dd77d8b11ebe07fac3e49dabf90b70,Rare
5358c2c3a90574305ffb2a1be617e184,Rare
5c0b70c11043a92cfe7d5cc5e16d07b8,Rare
50df837140d055048d156a222fd03379,Rare
a310513c7beaca957fde564f696ee331,Rare
a33a536192fbdff0f6eaf4d3957be9c3,Rare
bce5a6d2612809bcc42a6bfb4d993fdf,Rare
2374d60b743eea98fcc39e520c373732,Rare
a0a113078220f8c8fe7365c323b2e831,Rare
5f8d7f62125f54054d180abf97a8c5af,Rare
8c5ae7b0ad9e564ab3b2fc6851730181,Rare
12c5ae4b46ef14b8f27582025502e786,Rare
cf92761706a1f49cc01b09e7781fac60,Rare
ac6771103dc6ecb92cc5200b66c64e24,Rare
91da39c1b0476798c6c7322fd808bfb9,Rare
2f43380bb5c6b492a83150676d40a911,Rare
7bc4da13d0dd5801e3971427cf465ace,Rare
b0a10ccd48ebd5ca1e2968e6d3247ec9,Rare
1bf3c6d66c31aca0d0510b2f775e9a1e,Rare
d0af7da6e93e9dc1be257deb4afe14e1,Rare
2752decfe55663f3f8edf812ce0d6c7a,Rare
ab040e41b0458129aa880ced9014f66b,Rare
3f75576847f0788e51594751cb8d21a2,Rare
547b9b990a9141db687c9c9c4006b142,Rare
354774a3dcaa33379e300431b139cb51,Rare
0992b0519735e656e5c33df37eeba962,Rare
3718777c0b25c86e8170b02a2bd79bb8,Rare
ff3def71d6fff38f244d6eefeb8a1db3,Rare
2e852b423687c195ba4ab7f4adc8de5f,Rare
893c27c75f28a61b3bcae679c76ad544,Rare
3908290f9ee76b45e8470fbb11175721,Rare
6f59400b94d85b206403c70dc62e1b61,Rare
41ea1c81d004d47dcb2b8eadaa69fa94,Rare
be9271e7dca1ee9d8bffd96a436e1c1a,Rare
46c8f7cdc298609571bf917e32851af7,Rare
6e499812fe7d9d991fe597d957478341,Rare
65dc5ab70fe9b354f6ab6e8d978ea22b,Rare
5ac3b8e691ef04cb679264425603576e,Rare
05f4c5703df34e205d02a72d51e03511,Rare
0ef14adf84614cfcaed26092c79b3ab0,Rare
834e8c8bff2508d751c8f02ea598c930,Rare
c65810daff58a1d8c7aebb78ea701df5,Rare
c93b13aa9bec1b6ddac0fcbb28b0241d,Rare
dac2998baa350152e17fd78949a0de73,Rare
075399d2a357c50807bf68ac2a479ee3,Rare
ebb193e52719c821186190e1da5ea4c2,Rare
071cfb6fe921eb4477a4fa5e6b2658f7,Rare
8ecd16ca62e1ed23062d1117342bf5d9,Rare
e550d4b44ba240e1730b35978076f060,Rare
3d8a1a21686eac6ca962f44d26f726a1,Rare
b9f15d596b395bd3a1e7b62a18d5c689,Rare
8ea81f342efb4b9e5b31439954284675,Rare
10bdd4c23a7419a04b860dfb767a1784,Rare
70334201e1ba9a5651f1dfb272c5c94d,Rare
24ee9559e551e1f772383fb9b5dfdbdf,Rare
4e73d413ad13d80ba76d609ba418035c,Rare
f9fdaad447d78da6e87776ed8b346ca5,Rare
5cf09d9f58147d1a7d6a98573b8d48f4,Rare
bd43c9f361957c7f1e29391121b42b6f,Rare
6f3cc397b89c6cd9d4c7a5b3865a7099,Rare
d7cc56954177dc8a6e0bfcfce7342379,Rare
781117e1716d089db9ab65e4fb0a904a,Rare
c3224fa05d2020c00dc90e7d4d16bf1f,Rare
65593b8968f98563a6bbe641cec2931b,Rare
003957f9ce094377c78f67c974e37045,Rare
4dfc402c543d9205c6f87d4c3cf3accd,Rare
e7280be1d649f339be9ca41787bb6e4b,Rare
5bc430094b8d8caa9b0939886be4785d,Rare
c2db952ded251fe31f8c17e0d7422b36,Rare
eb94ac47de0a8217ca8944439b6e79c9,Rare
76d3ee1ded5143f041470f14a39e6b0b,Rare
61931f820eca5cb6febe78fc574f32cb,Rare
5dbaa6fe0545e97041cc44000ed37e44,Rare
014b98351d174f757ccb4c6127977c43,Rare
86f6e207c8e8198095c2afb6aed9877a,Rare
5b14d07af6abbc042ba586a4c17bfb13,Rare
003ddd8acc98d448fb06cdac87caca4a,Rare
34fb1b4364be1ee3afb3daeb80168be5,Rare
9809e1e94936b936f40dde761ed81ac3,Rare
c45f6e4fa887b50b9ef0443c7e29e075,Rare
658a4c6753eb682394cc1e7b9ca69adf,Rare
a2c044b219319a9f959782ba3f985d5f,Rare
8d10b2154742cfd10933a2faad8a71d6,Rare
c1bb7c2d0358d247de3ff7247fdad436,Rare
d16385818582cfc72ec89e7420c2471f,Rare
3dc25b28bc116e5b4b25a0f7dd8f2a01,Rare
de4b88db982942cbdf8a9c9978d5a1de,Rare
a97a743ab92db03a86dfd0fa52345dbe,Rare
1404ea44f7b3610e98196949ded7b425,Rare
65877d4783f50a4410ca389489ce8353,Rare
d479cb40ed9bffd3834a33f9d9d3a8de,Rare
c36a236be264fc7788b609bd13ea6d0a,Rare
a36f766abe01e5cef948fd4ffdbeceda,Rare
003eebf24dd109f65a927ec3ef78e978,Rare
71ccef178d535ca10456096f9589ff5d,Rare
4d0e6e015cec9d1563c8d085819e45ed,Rare
d220841601dbfba63a0c27793a0641ee,Rare
db1d7f982e9cc7ae706a94a41b3eb0b9,Rare
8caef3e6376e67beac3a2bd09e58bc3e,Rare
cd3d25e9fafb5e0ccc895072c5fcefaf,Rare
a0ebb2946ebd646bec22fcb9633e6c55,Rare
a5b529bc58bc40f13b1faa7772a173fe,Rare
ae48f600135bca272de36aaecac16eb6,Rare
1dbb3c20680be351e19179608eaf53d1,Rare
71deb1d546e5a4f1f9bc186e5d653993,Rare
04db0b998bb59cc774e28bbc9fe7df9f,Rare
198e08f6c78653c9a3aa92c92631130a,Rare
13d68419b1fbf9e5401795c2b048cb88,Rare
45ad71a408aab3a83ebe985be0f78753,Rare
896d6f70940f9383cf9ed5857000cd04,Rare
27e3f7854e70467dab1c8c823cdc2415,Rare
5b977a020572894f4b5629b44f1465d1,Rare
2c840c610ab65de166713e6b335f2bb5,Rare
1bb93714e908304404596f05e3d7fd61,Rare
45cbe7c452fca51da9f6a7a492ab1fd4,Rare
c2c126bc21e90f42a5a19d2fc1a73afe,Rare
75da883d06fe923091a0768c9a7cfd21,Rare
c5e7d867582b58bc51b3568b25cf688c,Rare
6393c624f0e8b6b4e39f8cdeb8eebd7c,Rare
e7add575a0fb7eff9db9c5aa76432e46,Rare
fb68351d5a4c662690fa1a2631340459,Rare
28e682b1fdbf94bdb22a19809bed69be,Rare
0ee5d25a813ca6e82bfd5221bff4615e,Rare
cce18dac1c02d34399719ce4f403d39b,Rare
33133dda86cfb6f33bceb660f87d190d,Rare
ab27504f5dd47237ab3d568b23314a2c,Rare
087e0dbb978f9fca05249f6ddd366a75,Rare
64d037196ddfb052c6d807c5fb844a61,Rare
bab2f9404a13d8128bc96c9a59a73261,Rare
92f0cdbcb61b5fe77b2a3b7be3873de0,Rare
cfb42062175c95c28a62aad0e1dd0c6b,Rare
47c1277d1526c6a9ba073ddf4aa011d9,Rare
c2930d1a8f5683b972a77d87e36bbdc0,Rare
c0729b4767382f2b0fea84413cc1d599,Rare
d4899c1adcc4640930c25951be7d73cf,Rare
1f61dac12a0a5340d75600af4f61f1c9,Rare
926f806398877c0a42c75e8689efa76a,Rare
ec16e39f843cb107ed3911c6c5b173ed,Rare
6ab2f0bfdac32cef571df4fa6860c0f6,Rare
fb2baa62ceca8cb949f0d3cff4ffecdd,Rare
00dfd40310356fdc3579392b40271a9a,Rare
12d7dce3e902c44829322a9b7a7e9356,Rare
718c42d7ba31a38ab583855089bbe5f9,Rare
4b3f80ad0098d6f07b2274920187c490,Rare
2b4014d15de30848480c04fa68f3d563,Rare
9b64315a83a32bd9edf96a8cf9c09884,Rare
c31748f65a17b6541fed38bbc6613f93,Rare
9b0b63473005c7cb3f50000c258eb93c,Rare
540220986f72830a5b7305d518c60db9,Rare
26db1395ff17cd600fa4d460e7249298,Rare
dac7e3e638633ae66eae4e0a2a1d1ad1,Rare
bd6fe0bbb1a6303e24f9fce53da425fe,Rare
c52ee1e1d4c29b01238cc6907f234ba9,Rare
ee0eb1df1c407bf458a7c8b30fdb6c71,Rare
1895591840f1db9f9fe23a85f9b0c199,Rare
0a78658fac9b953512146eacd773950c,Rare
e6f142af550b2a4c0a884cc20e7dbcc5,Rare
4b9c0a9a029ea59d37a1c240256ca2bd,Rare
73f0d6d7fe9530acf2869a03942c2001,Rare
9aa777cda04a824b71481e0056487802,Rare
f5312129e4e513655a15bb7a6ee34980,Rare
0bc49fc770ac4c5a80256520a5548c47,Rare
4516e1c1c4f9d6cd717cab60f8b7ff20,Rare
0fcecc9e7c7699636b92c3de6dc76d25,Rare
068dc93c8ecf0039b1f0a1dcc7f4c2c9,Rare
73053a2d0abd148a00766c73223bacc3,Rare
84d826b116cd320b87fc2a0dfe36d1fe,Rare
dd63b03c88dc001e3e6f2b39beb8d8a8,Rare
bae58e9067e954138677db0017a6127c,Rare
6316fe5944eb22389e9954f5b289ca33,Rare
4b675f79b6b7b9c3baee5272533ca7da,Rare
3407e90953ccbdf2e85811d030e382d0,Rare
3f32874c07a2aa0c14ec289cb494439b,Rare
5512f5bc96ba576b472726215ef85f45,Rare
96eb37dd6f77d1e597bc801079cd6192,Rare
6938fc800ce1b5756a4a05742974d795,Rare
0838456fd32f8b62a6852dd7e276d0db,Rare
3e8d5491146edbac0c0dbac51971f9c1,Rare
c75c49d69d3d067dc6af8d9277ea395f,Rare
340be60891988ee6d85e6f1fdb189be4,Rare
d764e9e2985a9133f87c08b1d794cf2e,Rare
63b74565de652e5ca6bee6e104712273,Rare
27870de9aefc5a104f5be73138205ce9,Rare
e3b4b5563a6e8d5fa41377ff6cc8a39b,Rare
3fa67ef04d9ea20b30365eec2466170e,Rare
91d698c8a4471e804e83aa3f685520d6,Rare
53d56ab26108a02e38fd9ec7a64f4a35,Rare
d69b68b4d42afeea52c733fcfc667db2,Rare
822cf82a54eaecd46d8ed67f2d92e3cb,Rare
8e744c6c67c05d48e66a88290b2e3fc9,Rare
94d150774568834c47f431e03101d6ec,Rare
ff5c7f6ad01d3a6908e2906ac6e3d311,Rare
f31882bfd696b3ef071222a38877054d,Rare
5342d29fde32362b5e132039f91fe274,Rare
365a70071e7c5fad26ea0b5ff88825a9,Rare
603a86d05513ac612b6ea2c69caeb87e,Rare
b5f0836da76fe0cda96da1c5656f32ab,Rare
30a6dbeb57f9f59c15e2c5fa0685f179,Rare
7fc1d2e136f93ed2fd01d7f75953e022,Rare
929003dda31ff0bda9aa89a3b64b9946,Rare
2b49173c169aa5a91c57012755105148,Rare
a3314d0ec84d2a0ce63fd0d6b223bea3,Rare
3b2649773db9204c30747af8e8144b2a,Rare
56b931554c28186e1e519c6f8eb8ceb5,Rare
2b1a1c488f0f5685cb9901853a6f802d,Rare
bf16a427e598d7d75875759a3d2622f9,Rare
3e1393592beb99273c3f4d041448a7d5,Rare
ea3d91b655a2f02220d9d3bfe8cdd137,Rare
cf4de5ba94aab9da3602b23ab1917b82,Rare
1e95b4a4e1ecb6fa02e4fb225ad5a086,Rare
3af687ae726793f3344f4464b96391e3,Rare
c2c9e7f301446d2b45562dee6ba68133,Rare
2d13507928a52ebe0e2f43611ce777ba,Rare
397b57a826199f68f224b8282e695ca6,Rare
160cc01a729282e48b9ba6eccdad67c7,Rare
5b60e63bcdf4a717b7e66cc058c5a319,Rare
d10535ae2504217377ffe76f96413236,Rare
4c7de8e23cab6074f29cdd68ff432ef9,Rare
aa311aca788f762a696e04fc1532bf68,Rare
0b3c74112538e52c471cd65058cf6653,Rare
185a6653ca553dbcec9c31b861ddbadc,Rare
970eb932f3e62849e7a10819c6bbd20d,Rare
d137036d00e93194ba547db13e7cb8fd,Rare
c0e9d070d0a60d6ae88c53f57780d2bb,Rare
e7ead214b2347213add623130f4a759e,Rare
966670487fb06a38b961e9f099afed19,Rare
146de484e61108136ea5f81e35863c5a,Rare
a4f1ce534769cfdf5076c805d62efb76,Rare
34d49e6461a9762afc75462ba3136b01,Rare
fdfb2d0aef97896c029cfcd790d93b63,Rare
7a5c050b25b5389112e3bacda6b7226e,Rare
8f052ea40dc1a6547ee867f07c90902c,Rare
59ef0efe8860c24ee8e8ab32d12b5e0d,Rare
861d97721ff76abd3b0539daa42071c7,Rare
9b495775653dee4b7005307125c473bf,Rare
e009b8ffe3a75128c7ba4209c27f978b,Rare
99d34de59cdf43f738a2885a555c13e5,Rare
d3ac096c96b583e06d03a1301448cc8b,Rare
4c680f9ca3ae985e337f75dd0b700af9,Rare
e878a07af62dc80e6ea99d0f892ca691,Rare
834e01097d1d6fe4122e03bc467e71e5,Rare
0909032c78c2ede7eb81499d24380e0a,Rare
93f885e2adc22b8a6ded3debb9ac37d0,Rare
047c2388332568d432388f52ff6bb45a,Rare
c8df162f787a0d215e388f2c2b32b8cd,Rare
f3f1710e24cbe0a57590fecac321452e,Rare
44b5e0a0a88148cf9ed4f0bbef398fe5,Rare
b8954416d5179405a0015fdcf937a5f9,Rare
ce28a133a263aaf4c906b79c2682d9ec,Rare
c464cc07ec1dbb7b6866b95aecd2f8eb,Rare
e73331d647e67e30b0df5a5f506ea7d6,Rare
da85c7803794e7d60b6f3836a1b395b2,Rare
0c2dec9eaeb4bd9537f3befe56da735b,Rare
4c81a40338ef4c81fa308bf563511245,Rare
9454f8c03e0152fa4b2852aea0c6117a,Rare
947a4d4a0f99b70426ecd93cebcddad3,Rare
12df03ccfbd2246603f68d7689986062,Rare
2b0f690077f1878127f38bfc2c4d004f,Rare
60834896a2cdb540f2e3696639ba60c7,Rare
247f62d344f4e654eb3d67a1dfa39a6b,Rare
67c65500bf2f6ab28dcf0eb6adadd7e6,Rare
071d24182fd0c3841ab6b17c1ad0ac15,Rare
29f2a96a61dc8ed2b6fbbb5ebfc3c6aa,Rare
b494c8675314624000db707c09025e7b,Rare
a0328c91d2d6232bd96c9fd27549e4c9,Rare
9d689b5c0407acf368548a1d63d87b05,Rare
ca2a14fe3fe3fb8c0d824f3f90ebe631,Rare
4c1ef21240f99833391d52a42d248537,Rare
9a03b7a003c05d30c5d0c3027795c176,Rare
570fad1f8f87f5680028a03f4f591c51,Rare
dbd9e324dfd92ae06757875402b70401,Rare
55b6bfbb4b6c35c4e918cbc60ffab0cd,Rare
710aaec89cd9327c55fcb57b2b3a7fbf,Rare
c6ee572c89596e9f1a9eef3de8555448,Rare
6124d677ea46244c0648f9914797e615,Rare
b6777b3055d0ad4c104ba767a3f7ce29,Rare
5ebdd66d2cac31218c77543087cddcc3,Rare
5df7283e672e72d502a1b94faa746bb5,Rare
5807d08529098115a02082d84da580f4,Rare
2c3c5976368d3aa1f5414115a6a44ea8,Rare
0bdd7038ab2755bdec0fa29775987655,Rare
5bb4d32f600ada0f067b38fa180d00b7,Rare
bca522b4593a5aeab1bb7143520fdbe2,Rare
18a6b38e76edf0c638c20c63204b5737,Rare
613bacaf71dbbc88f05243a3db74d0c6,Rare
ec187373b02cd5f3660fc8d366e2e550,Rare
00bd8c87d9fd0d6d842f4952426294f5,Rare
4ca78e2d413f0024f2f02ce05b94ad15,Rare
7963b95d3d4ae400535a8a86ef6a97d9,Rare
7d58cb935851bbd7985856d17bfeeb88,Rare
c2a6cde49940b86aac7e0337e8fbb518,Rare
d12803018753a70ed05d37594f053578,Rare
ee133f46ba50c77d39f15a7cbe359fa3,Rare
9cbf59f45130364c1741bec80a27ae2b,Rare
8e2cd271e57aaaaf5d36d38d7c0f4245,Rare
ad5be4a03b800bf6b1de1778aeba02c1,Rare
b6da4d8180edf70878969a3a4741371e,Rare
fa0f20ead44d74a4257da3c6aa97d029,Rare
217ae8117f455a5b62a75b397c58e0e6,Rare
901b96d206489da1de78c1442bab8c16,Rare
a63f4e303c49a36b7f9b56dd0caf4380,Rare
a9c1cb92e3333bc78cd9afd9282fd8d7,Rare
191f5e7396ca86495ad0012be3076d51,Rare
33b07e48fbe4d9da78ba417fa8a9636f,Rare
3c602e199ddd9fe322762d5c71c6c479,Rare
8f1e1f56c1053a87f73417fef52c2d47,Rare
b75ac65ec09194eff0c73592063b4c08,Rare
f759a3e4e436f84e74f0947a5637bfe0,Rare
0dfa70a7ac415c6950b255f486c5e7cd,Rare
11c65dd665af6b5210b020f686fd93cb,Rare
340fb5b3bf307b0a86e71cc8e8ecf683,Rare
6840308037e5160149f11c5d199367e9,Rare
0bc9233202f1b91d88533b63abf75d07,Rare
1ea3da1e9780deb1ae630d2555b28e75,Rare
1fb14992a86eae7475fff0064114555a,Rare
b76c9474ad8490fa40b875649b583c0c,Rare
ea6a52a6f09332daeefb981dbe4c3fe9,Rare
b9d0381f4ea4a300aa06f7a4447a817c,Rare
24894c086ef5799c19188b5ec5990bad,Rare
ee87c020c82aa7eace4148eb3b729cee,Rare
d9c2fc93dc99a2e38be821264fb57fa0,Rare
bf49056009e7ebc981a60fab13b42c8f,Rare
49e93bde74a8693f27dff828c0ff56bc,Rare
96387d00d4c889e65b264f76f8616498,Rare
7c19f2ea0fecedeea9e232481cfc8225,Rare
171167bb6e330887f3170fe1960e4c07,Rare
2653ee5b50779d1ea48ad1b2519dc058,Rare
938ec3f9fc26dc46e227915d6ffc890a,Rare
97bbc1b9773ac025220892a81daa91cb,Rare
8de190160db8dd42a5692a682c1fe059,Rare
75c9c35d28e0bfc3a4879c634e00e9b0,Rare
bfa284f2008505c2ff8015a0442e0713,Rare
54b5884f3ef705f1553ad68cf564e74e,Rare
d29c66dc3a30537d53334c588665d1f9,Rare
64d7c5d2165b0926179737a66adf0e79,Rare
12813ad2a981dcf31232b545592daea7,Rare
572a12a1e9b29baf60a2d139b3b0d248,Rare
667a2c291f12f7cc1a23efb11c80d50b,Rare
d31ec8a0fad9d452716561348175a5bb,Rare
9093841ffa2745f3cb64564569e58d9d,Rare
20ce95c318b76b1529b2592388c8fbcd,Rare
9d1172f25f508ac76e8cf9f563a43363,Rare
7ad67a7235ce795c4ddee3d88e6edd1b,Rare
6a0b47b8a70376ad857557e1e906498e,Rare
047873519eee9f7dcd3defc42c1d414e,Rare
edc15cf9e5d48341e3a929b0723ab89c,Rare
d19b22d79862568e25db23d8420f5cb0,Rare
f7a726a57f1a5eccb7812943c55f53c5,Rare
c2c93d79f6e7cd7546e8ddb2191f1894,Rare
71ecf9440d27e8b42782664240ce06b1,Rare
d8591c1be741adb1893b4f75454a6730,Rare
56df7fecf3b3b1d3bfc46abd4abba3c9,Rare
0796d7f5d5d1fc1115249c96eda6d1a9,Rare
aadac1713d447a98b61d0b7c9c841d27,Rare
c64d67c6b1f3a2a2f344bed57e6cd05b,Rare
bb1ab99ba5f5bf620176fd671d04a3ff,Rare
fcba7e66d7673da32591661255b48521,Rare
2df1bdaa73392a9e8ecd08e4f90bd335,Rare
351624a5ac1b6ccf00552d605ed6fec1,Rare
29662c02e1addbcd6d3d768a1120fe69,Rare
f0755da5779d370319d08a4c38451840,Rare
53e22e9ad6a82f10efa959c37c1f735a,Rare
d398056487a2307da11793bac8bc9536,Rare
500ce7871a5db0137b067d4463fe19f7,Rare
11cdbae2a376c0744c5758d9f6a3c8dd,Rare
94ed2a034792bd67f61e7800f828958f,Rare
4566498e55d8619702975cc4ffff48b7,Rare
c65234cc5ea94850dac882d5899f1bd2,Rare
da4df1017b2200d7b9d9077ca73b0dd3,Rare
5cacf148cad2e65eddcb59b82c58477c,Rare
4232e1962a442d11ea62d4a46f83f7a8,Rare
206d43a883addebb87562493de99797b,Rare
a7be705126115a664e0688a40524cf70,Rare
cf2af788bf6178d2cf3f4e811742b2e9,Rare
1aa2d740feb12b773e811112f1d8aaad,Rare
5c7ba0faa3a74a8ef46c1e73a8b3e63a,Rare
d34edcc67b0a584379c52f860c8bd469,Rare
4834f0134aec5ae330182a3298f7b894,Rare
30430fc5ff874aebc8b98212e2770414,Rare
26a7160e9cbbecd111286dbfb85fed11,Rare
0600a1f4df7df1336c63bb07f3003483,Rare
9ef0d33e34058a9898edf34b72a311ca,Rare
6b7fc3518e98e969cc429a9614fdc11c,Rare
b39d7f993f210ae8441ba61f63b9baae,Rare
30d9b82a6a564f24aa81f6bd12205019,Rare
41667c915e3fd27970bf0d81d8454c45,Rare
13cf911d5eb54b859e4cff61a1520647,Rare
ad3a4d2fe0ada81a9be4506b64778e8d,Rare
0543366226bd09a075335c4aa71618a9,Rare
eed4a99ddf53e1c68e51bbc69e93e77d,Rare
d4a21962b2fe0eaf632cab94744fa06b,Rare
30c732a6bcf74ce931846aaff6293a21,Rare
0e9da8276e7bf6d3b3bb127cac3bc18c,Rare
a3bd8641e7d4fcd9b062e9878fe34054,Rare
a92bb5151aabf23e42653a24b8410786,Rare
abde1a4e5aafafdf87c3c4cab60f5279,Rare
8f0cc165402cf5c6da61445d4dae60cd,Rare
92246d09657eacdba0bfff9cb76f2986,Rare
a3d9b3cde000cbefd8b812b9c4b8c6ec,Rare
35af86457bf3e7380a361757948bf36f,Rare
3fa712f94157739c27595af1d45b362a,Rare
751ab7f9fb82f84090b56a21f3e87679,Rare
b6e34e6db39d7ff843296b2aefbe7d22,Rare
2247dfd06fc8e5cdc1c9eff4a4727783,Rare
550fdef221b0e226573535ddf5e17a3a,Rare
3c018dc340de04bd36ff688b5beb9ff0,Rare
a68ba7da838474d309713f7875730340,Rare
4be37ba4819583d1576ef397b63e3383,Rare
a69d01124433c20356e6c45080892752,Rare
21432d87e319ac866c74626ba56cba8e,Rare
e0f2a90be5aee48ca2d08051c6fe2d14,Rare
c2f86c5e71b818028dcea99c5c4d7c16,Rare
8e66cf1fc09fa21d2cbc614f92b03672,Rare
bdd956aa864b0cdfebfc1d0bea66584d,Rare
d32884630efa365c91f56b3c4133728f,Rare
ca39ba84e3f8b3e6b5247dfcc26677c9,Rare
4146bc4c0124cd7acdc8af895f01a01f,Rare
68d67e9594da07f56f5fe195dd2c4697,Rare
e484d5fcaa4d35a212094ed6fb015a68,Rare
5d9f88ebfeaf3fadd75e5a154cfb6b69,Rare
743544518ed83795e583d93933e24bbd,Rare
93375ccc788a833d81f2affc20bae9d7,Rare
bb99a66ae74d5e356ad15917d632c6c0,Rare
d3d4b742e4396a31dd8d62c2bf37339c,Rare
d95af79c9443599a74a95ad6760ef176,Rare
f608b684d17cb7d82ed8370bd63739ab,Rare
68f053a266bc02736a3acd923d16bdd5,Rare
b2729eb929b6a5ac1cdebb164a309a39,Rare
a6cdd19181da6908c6ada5f519e1731f,Rare
5d54fb3b61d14628d861eebd34409dfd,Rare
26cee85245bc70db4d4b2991bde0968f,Rare
aac409a95b77c66af486bd72607abaaa,Rare
f5d486d3c8cecd767befab134ccc80f2,Rare
1a39117a3bebf1e91e201c954798cbc4,Rare
0aadab25b486b4109eb7c7aa61a76172,Rare
c946116eb2e4313332353e8b256a3cec,Rare
0e7fecdf10c48e5ff6e05dbbb05ee8b2,Rare
5d5fe2fd7c643e61ebd63f672a1f1d0e,Rare
5f0777e6223fd4d5eb7d77a67039ecdb,Rare
7f82c01288d470bfa987c81ed20d685a,Rare
d38f12861a85494832156182e2a3b93a,Rare
1e4e944fc2026b2bd215a31239f9568f,Rare
65d2d46f09f893d6e27feee8e11b078b,Rare
7ebf44904549821f72c9f9301355c411,Rare
26e74af80396f8ea5a42226145077e30,Rare
4be9b6c508e1a3dbd16b33caad43d201,Rare
f143ca31c7c5b07e926c8bcb5f223994,Rare
caffebe8206b5a1ecf47121533690e75,Rare
c362b0675c7cc2cbbdce2a1ff809654f,Rare
56040e47cb094e238d1e21f76709c699,Rare
2f51e0113e6954433a6b5ae608ded98a,Rare
74fcacb47e524a9ca5dd7c5ce71016c3,Rare
5bed55d8bf8c94cbcf7b13982d8a0d33,Rare
e7012a5d42b5c52145abcebd9f0660ab,Rare
7b362fd5134f377ec999f36cafe2b27b,Rare
2f62516a7d54aa44cd73d980fd2744e1,Rare
340e626ee038d76b4a13ca6fe74e6d5b,Rare
3cd5b47c450fd53c90c8d34ed6a5b56d,Rare
b5b45e046a30e153ea7845602f1b26c4,Rare
bb75954e1f8ba53f88561d28a2394b31,Rare
c7acc3479569a2ba958fd4ddef31f9c0,Rare
adfddb544a69f5a7f3e62eaf780cb2d7,Rare
c477f207b4ff19bbb77a1c52e31d8443,Rare
4f934ddb488fd7e200f37433090be802,Rare
384a78334d0c079e210081701933c5c2,Rare
3b2c138b4a561e521836af806b9414c5,Rare
689ef2cd52e3acd06fca7d596eb51749,Rare
35a9c3381619947d5abc30bff1398528,Rare
60124d85099b1881132902c8846b9f9d,Rare
1c977b2a29efba2ef7f74a3c72293a60,Rare
c2f49461fba7f65a2f3025c5c0fb3925,Rare
bcb4734056cc236da6a3ee142ce07574,Rare
45c18356915288415f6f3a3d414691e1,Rare
e3e7c6b258dd8d14a6509f44c956543a,Rare
27fc0944484fc1c371cda41ee5202078,Rare
5a82370ba6888e6ac5590eadc8384a4c,Rare
eb4d436cc6faa8ca91a15277c95e5962,Rare
f5ccd2349d2286e9d775e6078498a274,Rare
f34832f809dfffd09ed7f42db060ba6e,Rare
7547577b230099179117dbd1d4418a3f,Rare
6e5aa8f28e01d7d5640fcbb90e9e5ba9,Rare
58f7be2a1cf4eed60702550a0872c99e,Rare
a89278902a60c77dfd14fe868f87b303,Rare
117dfb2b72530318fdd2397cf639614b,Rare
b68e92c3334b9be6cc293a800ff42f71,Rare
de29d8bc54251f834f40a592ed638a14,Rare
3919d244d90dc6e718512bf15106180d,Rare
f0f031ee260c824fa190d1b251c933a5,Rare
b2184806d4a2761b4f340922689da942,Rare
b568ec2fcd513670350cb1ce233cb233,Rare
93a543e88ee967b35bb1a0c1b0ddca07,Rare
63316cf6d003ff75e4a81c35f67c0520,Rare
16beacb660b6af32a9008a13343f4bdf,Rare
6546fa880c411caccf8e7f8fe3219f15,Rare
a887c1e358605a37959835324a6fc59b,Rare
fffe1800cd8852c31fad11bba35f3fab,Rare
7266f5002d5b46df6316d672cfd70ad9,Rare
44f2655c2e7fd1646e310ca7a28b56b3,Rare
1d9a53554140d932b3cf6973b3023392,Rare
9076dfd14c6b0657febd88c682bc8c86,Rare
42e732789899cbe232a790f5ac81f075,Rare
42627b98f15cb7f833e5a3983a50498f,Rare
669e8aa74c98a6a657e32a7bd022a405,Rare
e57efd8c9762e3782c0ab6976f598ee3,Rare
189adef93d5733e080b5ae7fe655b9c7,Rare
cfe92b5b5d607048fcdfa156e55959ad,Rare
c4f47b3db05b047a29d60457ac8b1e57,Rare
ac5e0940d2f942a3823fa783633a942a,Rare
5a5f24a069a08a358d1d206958e28d5b,Rare
9496edff789c212dddd39ee07d9915b1,Rare
ee559add45ffb8673abceb9826b72cb1,Rare
ddd58da40ca5a73a074cd922dcae30e2,Rare
c280aec09f4d1a708109b5dad27884fd,Rare
953e1c266aec45b96ea4d85ef000fdae,Rare
fab28e7980213d2b7fa0def593889188,Rare
f22228c59d675ec5baf4a3d876cc4e2b,Rare
189d27167355743375b8d77fd5af7199,Rare
44afe753bb108d618d94356e1b01c2d8,Rare
2e726607ea0b63a70581904906af407b,Rare
f214f3120fa46cad3f28a8ae7bbafd85,Rare
28f40d0999fb0f9930ef506e19184bec,Rare
f43f09403906d3adf1abfbed9b13f5d8,Rare
194069a08ccbc15365051514d0378911,Rare
ab45373b8174bc2381d72abcc9f790a5,Rare
802eff30d31bddaf042579edad3e6708,Rare
00207085a7661b116c7eea8f881729af,Rare
fd01f5f8d8cf035f1b0020564207bca6,Rare
b926698c2fe6b7d172cc1ffb4162d0ce,Rare
821cb56047f99fafe874705e872048ec,Rare
5fc1cf1aa2546910d4c9a3bf629fb9ee,Rare
e3deeb988953c4f07f2a6f4ef43d0ca9,Rare
8c89033ff5afaf6de8ef69d436b3f48e,Rare
f4965529315ddffa232eda0b1f32c0f5,Rare
80935be0615b28126f9def1da3be636f,Rare
bac3d90bcf3101986c42de3aa55f2412,Rare
35d60c509cd140128243786e37898240,Rare
9fee0d53ea71fed1b74fda3040f1827f,Rare
1ce9c6941f656e518ba58b404af8c8c1,Rare
8aede8c5f275573da3ffe893ce05ef19,Rare
9f72dcd7430415af2d8ad8ae46283bb9,Rare
c93b24c962ae3a374ae146253d258f86,Rare
af151f0b73371bfb6ad9e0aeb978ff8e,Rare
c1ac8be0f92c5ea4d7ff3d94a74b5c79,Rare
6ea53f578231ec147d5b10d4079ff351,Rare
b705f624bd222a6c924c482e78321a3f,Rare
4994a8f2dbdcbdb16e3c1a1d3da3e0f7,Rare
02febf4418a1afa810b08c01c188f440,Rare
c2d9b3a0d19b5d6d00974c02ec6d788b,Rare
44e681fe3ff0ad58066ac076418f0bb8,Rare
15a8e48375357f67c4ea13d25ae33273,Rare
94fa0d7c55e659b8fc03eb02a3176724,Rare
86daa09cf1f008278c1a91c7f91deaf2,Rare
081cfdf767d4b0f6e7c86589f32e4b2f,Rare
05859d3289dd6c018f7181da4334a30b,Rare
fed102b2a430bff316337c43b83e53c4,Rare
a36f3bfa4f8665698221174c64f9ce12,Rare
489cdde6ed8e36ceaf1737c4c1d172d9,Rare
5fbe6ffd482bae68b9d862efe012ad71,Rare
562e816fe02567ecbdbd1b04c39dd6a5,Rare
6449e1877eec3edee54f0c2139b77d96,Rare
83dc4f5b02d36d266c8a049f75a9f6bb,Rare
74cf1e5852cdb9b79b91a2c71883415b,Rare
cb8a23c6169a436df008e1e530269d05,Rare
b0b235839b54431a4b310fa1b1108aec,Rare
c5cc21e18ca9a6a95c37e6283282b094,Rare
e9dec43ffbae30ac63f90a43ea1d3aec,Rare
f0d5180a8591e012e1f465b6d91883f5,Rare
720c2b72be92a878a8e6eeb0d2bc3838,Rare
5582f2fe9c4e6b6353d8d93246cb4027,Rare
e0594870e4eb0e48677626c19530e4c0,Rare
bb34b67878f799acf76238780c56edd9,Rare
381b70bba9a30af2df9c390ec65ec002,Rare
a15928ec833ef70e1c72907466d7896f,Rare
1cd50d1ad5dea1b4c605236da34a2e64,Rare
68f8724dfe3dcb92a5c45729796e3fc1,Rare
2611ea26aedc109451f5206e16dbbfb3,Rare
1fd90df5f7b67d6b14431e59b7d76460,Rare
314d255a89409d08fd790414e6b2377d,Rare
8ccf585efaf0508e61e8171d1eeaaa85,Rare
149f6789ef0a87686b44e7847d1884ec,Rare
a5479f4e62396aec8661ddfbd0ec6c4d,Rare
e938ff4dfdfd56afcb002b1805ef00cb,Rare
fd46575b887538c56e456e750e175a84,Rare
8f756466ede5f2824b2f42fedc0ab3a0,Rare
4202b9b7d2334080c4df832df0cc3e33,Rare
7c47d47f09661eb30337e99871ba35b1,Rare
7954b98430fdf9554e6e69d929e20df8,Rare
85615656e7d27b8609a45c75ea4f018b,Rare
3bd8c582d20dcf578ff6950c18579765,Rare
6f275de3935619104d9c74e3217b223b,Rare
11c25ba4d2045b5e9490ed50ecfea464,Rare
bfeb9a40737cdc9a9ad24c2408f1ba6f,Rare
3b6bc6afe7f904ca054cee056d049d96,Rare
dee30acb7b11e214dfb55b5e43adf220,Rare
866f753bf9a90ff27cfcbbe907288b1c,Rare
96ceb1e1da9adcca68d9c81aff11e44e,Rare
800f184ba6fc584732024168e8edb015,Rare
1378f43dd83e5a6c2becedae39be9836,Rare
b4f07b8cf8cd867713bcbbc32e2994b7,Rare
a191e55d7a9822f1463f8a36c60fc2b1,Rare
c27ed7a5660ed1a0f477198d1d3295db,Rare
d60fff759f35060c71feda91c0aaf8c7,Rare
7ef222880859600a99b128dba819c0b8,Rare
433be4b129008f9b9312199302a0e0f4,Rare
5f2f066f6dc202dfdb8067fa3fb8a0d0,Rare
8a4234dab8850b8b7004866da5a0fbfe,Rare
d101fcbe982bbfa7eb0cb8702b8e3383,Rare
2f20dfd6a054d9fbccc3984a0252e6cf,Rare
42792b35e500bc70dc31492f7604eee9,Rare
85b78178be4747ec2d81c6d9e7f5540a,Rare
0900654a97941384fc62da873788b97b,Rare
b04471efc1fa58afd115a89bef3ce53b,Rare
e6d13bf835fb2a95fafdd4d139dba420,Rare
56e174e77e8981b7e8118fe61d16634d,Rare
1cad4ad7cc5796dfd49abe50a3d357cb,Rare
3e28486c8567d5c7c1477a688d224b0b,Rare
2096a2f3b595461c8972f4f53daf8389,Rare
c5015c1364b3598aca8fd48869d3587f,Rare
6bc6fcbc37ebf7afc6ff8dbdae7cf7d5,Rare
88c1bbd0ea10d1656195f0d546ed1d62,Rare
71e0ac73d74757bafb51db465311b98c,Rare
7ffd333eaa0253d47ea29ac8c71c7898,Rare
7ffa0be78540586ecf797da53212290f,Rare
d0d407850b0ee6cd66350484981fa88a,Rare
aef2fc2d05498e91bc227fc6772bdbcc,Rare
3e07836c5b01c2dcddd4c111e28d9d3a,Rare
930921c1a6ca1c91a3e3c808feb6041a,Rare
10bb98cdc34909cb4e03b041e6d962e6,Rare
c6c04c42aadeef78a2b2eadb53af076b,Rare
d6be165618f35bad960a0ea57a91630b,Rare
c6d061dc50d23526f8c8b1b1be8668a8,Rare
f57d893508a0839c249e4d1e851cc1cf,Rare
a4b8e2f1f72c8aa9e135937e37e174b8,Rare
3a482956dad0f471e75fd1fb65e96fcd,Rare
61383770c79dbc91a49b728c3cda060b,Rare
3c6d49fc06abd9f075eb077ce1425795,Rare
270e26c8f21d0cb94fa9d155879ef4c7,Rare
0ef01190633ce204780439faf870165d,Rare
41f4ce5fb872d9affbee4e90344a6a1d,Rare
6d0dd79d4eaa469c0d2e880ac7fcecc0,Rare
aa1063d69273f01d1332657e7e5ccd5f,Rare
232b0e81e74aeb1088f056b4993ad3f8,Rare
8fe2d8b0ffb8fedaf80a368bd918660f,Rare
6b43ef60012a7f21cd591f0c6f936212,Rare
b964d55ff7bfdae8122dc767f639ed85,Rare
f9296dd3be943fe320164199957fdc1a,Rare
41c81241c28a505681bb624557214eef,Rare
c9ec98b202ba8fb05d49894717c197e4,Rare
c561b72c1ddc79755ebf2b7837d0f2b5,Rare
8878878bd3998d34c649453903387a3e,Rare
fc78750c135e9ee31a7e122d959568d5,Rare
32ede5aab4cf8809075f2e1d34ec6256,Rare
f16420d322f66cc67240a19caa5b37a1,Rare
e05bc0bea648d10775df43287ac96b9f,Rare
28217f5bdcc5aea43bf98bf0fd7d9bea,Rare
1b5a6d0b4d00aa37d13310451401a9fa,Rare
ff01098effbdf0abf037bbc652e0af14,Rare
8aff1e20646fb0a87e3efce25d4aa935,Rare
6f102e643529aca450ecdbd1d389572f,Rare
ac53d2b5f1672a6b713edc45b4e2c485,Rare
0914463c197cb652c6093fa59bdcf443,Rare
6597c3f644913d7dfecba1299bef973e,Rare
ccd6690c85d9002843278be3c040617a,Rare
d55cbfe792c3f8ab5a215941223db5b8,Rare
102112646b00d3d34dd2218a77f305ce,Rare
ab721f043770e129a4b08266e7415056,Rare
23be3a0afa8810848f8ee9840b15efb6,Rare
fe41159322a2ba8eea2d06ec4ed29c4a,Rare
5bed26f9b3c6b812e4a3d908d02af3fd,Rare
babf116c64a1e90396c30b228610b30c,Rare
68fa836f8ed5e8f661b08473a552b843,Rare
170c8221022ec98b044f00956bc81095,Rare
58aa73aa712eb07f331ee52369e3e2a1,Rare
6f1d57b42ca6c09eb298c85672f39c82,Rare
a57bf400633feea865267cfe2989bc93,Rare
fb6e7e2757f89069cdc1d1122786cc61,Rare
d7b18c4886928cc6ff2521b51a80e75f,Rare
c99660c55a1fa7fb89e8abfaa514c108,Rare
8bd197771e5656a6b34d38f6fee83c6e,Rare
ab8cafcdc6c48a72e629c9381f213528,Rare
591586fc3fa64c79afe5fc78fa1b018d,Rare
d32767690f984e20a8dc79848a655e0d,Rare
f418fc290528d0f89fb047680184cb1a,Rare
2697ef4c6c4da1e2e783c4d067ca8d16,Rare
ce26d47d52d5aa74e0214915b70b3e33,Rare
7b430370779387dd2efffa7adc60f034,Rare
09ad1784557ce21ec087b281c11ac60f,Rare
6173cf5a86cff4c46ad2d63d43914819,Rare
07dc36c93cb7d469249eb9f115f62dc4,Rare
14acc43eb08eed40fbc693c388a02052,Rare
ff15b3223a8a10516daf67b51b689f51,Rare
f293201a2541268dc4e324d720667fdc,Rare
cf1c1e1badb7af4ff4b972fda73a0503,Rare
b11c7cae6a32a9f015686d6412e5ed8e,Rare
b3c5536cb7b9875bf8b6001fe148cd8e,Rare
6e37da6005b01a6a8f44cc474e55c564,Rare
3677cc881f2338f6f26a8109cda9e732,Rare
6afddc450ffc2fd1308adb8b2c47047c,Rare
556c89c26f5567f97a1a51162c8fddda,Rare
8b4214e54964c5864191ea83d2d66f9c,Rare
8ff483f9986ec8f2e9424c9612f8f7ef,Rare
23e057ef7076e3d2596b18155be70b62,Rare
9e495ba4ab021687ef32d2432294be9b,Rare
d302c3e495da83411e3d081cd3a18c3a,Rare
625b5a8b2ecc24efa5d4b10b1f4b4d4b,Rare
a5ec61b6942724304590ea53f81124f4,Rare
11b1e861672568c91a9114c672af78a5,Rare
d7f4815ca86cce5265c89aadfa3117e6,Rare
38626b2bee5e2c8365bd6ccd66d79e72,Rare
0d1720d23b5397065672387e8a97b609,Rare
4c12fe74ad5964ccd41ca0afba6d9760,Rare
f9dc48d015bcf4863a639bed73224bac,Rare
3110efbbc318f0f9b133156297c44c79,Rare
e33431afd4118ef61a0a017d203b3c93,Rare
78f7cfd237c8898562889bc77d3a9cb2,Rare
1d3b54e629fba7aaa5a90b41c36dbe34,Rare
5ff73ce78e81db7cc4024f27ff9c840e,Rare
7dad0b5be733e755c004ecd14af959e9,Rare
8a309c1377fb5d7b6656cad1edf716a3,Rare
e53447573d1b91d4872624250294b5ed,Rare
70d424e3e8d9563790392b412f934dc1,Rare
c7b7c7459429048cab036c6895bbf73f,Rare
97e0216c14eb5031203548a811f3d9d8,Rare
8cec2a2bade5d0100b2e4a184ec15ad1,Rare
9209f12bf9ae1c20c84bad0af42f9ab4,Rare
7646c0ce9393975ae5ad766f393dd394,Rare
7f7b24f92b842350ddbb7c2721558d82,Rare
c1cd0e25d6977af8cac58c76dd148fdc,Rare
152a9b999fa92b4c152048397c8d2b9a,Rare
7f16e3e1c2ecbe776cea1f0241ed10da,Rare
3de1203a14690f6a194b632c7a760cc6,Rare
567ea161a1d7bdab24f0db0bf93c48b0,Rare
60f9067c3173922f3d1353b06b4f39e6,Rare
7ad555265a0bf74bb7e06121c70b15be,Rare
86249972efb8d73de12123a79ab598c0,Rare
974f9efbd16d20cb1d2ecea679e9ce81,Rare
5c911124c7b7cdf00a3a98ed0d8e6b41,Rare
4ce40eb656fd13a5256c89a750ba6ef5,Rare
3ee3442fcce6ccb19883c76580ae0746,Rare
5ee5e3387370506c3caae96ba7c89ca7,Rare
418460a75eb927f64a94325d5b865131,Rare
37c881f6bbd6e835386ef314156ec2bc,Rare
fc822676db6a0657e9e3762cacdbe92f,Rare
4561da1a9c6ae586313d5919aab2e47a,Rare
34425ca171bf9b1630489e491a15c48b,Rare
0857c7ca5c449377d30f7b451db7f2fe,Rare
3f1b684f75d6d31fcbeeaa9c0ea6e2eb,Rare
c0d0e74d5a2e537264ef9efe33af3958,Rare
349b666f120492433eeaf67154cabc19,Rare
a29b185a7664a92f76f102fe6007c286,Rare
7d442a16e24a5ee7995d9f15383b6207,Rare
ae036c96567f16ecbfd4a1108c379554,Rare
e0cb666fab918a8d623249291e927a95,Rare
8a0d7db52959727b703a415228feddd2,Rare
8a81a0c306648e83a803774c700f68c4,Rare
ae84518c09596884f8d34127c3c72999,Rare
3a09dd76f81dc2a3dcf4c0322fc434ba,Rare
faed6ed2ce35bc98ac812ba942e4ec0a,Rare
e3385589c4015f629549740e7420db7f,Rare
8df409852d01c4dc7a26746ca99b2a18,Rare
f96f810e0ca13be9812294933a6c7c13,Rare
e0627312fb4b274a6cdbfbceebb8bf41,Rare
deff2d12b382c4e315808bb48e8aafdc,Rare
3908a2d9f53f1a30c182ba70c491c760,Rare
1a803f1b7b2f2e6d69fc4ea6b704a227,Rare
880ca2e3db770084cf4abd11dda83c24,Rare
9044492d275f8dc475983abd6a8844e3,Rare
f601809f6ae1319f907437f232afae84,Rare
cb0a0c0bfd508df531a50c0ccbdc0578,Rare
75a48e6f363fc034916868f8d5fab60d,Rare
880e660c51d1b3cc25436bc006f67380,Rare
0091f10da2c46a5a4d02af2c3400d521,Rare
b0b77023dafdc252fb42b067c2a36e85,Rare
d44e9801ef41961903b6f5c548bd9263,Rare
5fcb23ca43d69c2036cf9a6a36a48d2c,Rare
f5ebd60386d43f0310d0239616fc3045,Rare
c0b1fd23e22e7bfce2992c460d5298d9,Rare
23a7569a6f4692ea48fb10ece28aba8e,Rare
1d9e7602b62be78dccb7ab6bc43a0ee2,Rare
d2825a7c3a6ed6ddbf02e561a830c75b,Rare
e5244062d0ee1c495e6f89da34c34ebe,Rare
78209792898c81843ac65f1fd79479eb,Rare
1434cbf2ab47a99b98fc64ba4a62c886,Rare
4fa763073cde49a07ffe869d09a01eb3,Rare
6ae57ff5d6f8d4ff4b500e03b8ad974b,Rare
2863eedcb92b5e5fe9b611f912b29bce,Rare
a1ea9d513bb4f96a44404ba2cb52cf46,Rare
81880e9147d05eafe961960b7344bc61,Rare
730ca19c529edb72445e6a3e39e425e2,Rare
0ad1aca819cd7d40386e430bf0452318,Rare
eb3706df9f3e81dee0b9597c2f24da4a,Rare
c48c054b29f2f30599478b8a66db6b7a,Rare
a544835063ccef544f40a9c63bebfc25,Rare
5d09bac97181fa258bb45e916f89e3d8,Rare
4333deee677a352c3cda342a0f1792d5,Rare
0eafd29697e260b6f8e1aafef4650290,Rare
81aedc1dbeb8186711a06761ad739b8c,Rare
683d81e25dcba85eefb793b895516c2c,Rare
7dba6c5dcd9d0d0d8de9fc36338b7ea6,Rare
739c996930df752750148cddc5deb6ea,Rare
0396758272e75a0c6d3b8c683173e163,Rare
95d512426534daf3bf37bd9c634eff03,Rare
425f7a28210951d982d093a8817e0eec,Rare
a2c8914f6393e3a5e9c30924633bec83,Rare
ada1382ecda32171f06c261d07e2c9e8,Rare
576586ff55b2f06383d74436e9c3bc16,Rare
fd3eb5315476c8271ca9292debdddd03,Rare
ee2538b46e42ab8133fc5830e626c994,Rare
b012a5eae972d592170bdc3ec0d32ffa,Rare
dd3e9947552fd541bc90262362354d98,Rare
7ca03d0071333671629310d94675820d,Rare
252a291df8e29ad3729507d86ddfc77b,Rare
d591a1f2842a7deff407beb71b1e0a7e,Rare
f9f1fa995729c89d09165e5a9f45b7b4,Rare
2d1f9bfea6cd977c22c0aa96a587aaff,Rare
8f5439facfe2dbdf28851170890622a7,Rare
925a42c839fa0bf7865e89e61e38354d,Rare
9ac200122feedff2a7e8a2c9ce7f0308,Rare
c0a3e5e410bf6671b4a5089f4e540f34,Rare
70ac5b41be596bc63b3f93fa39b21e5a,Rare
69125de132436b8b11779fe1dfbf1f2d,Rare
4cf8510683e98065ada937f507d558ea,Rare
cf66293e2939c575aaee273b3b4c38e0,Rare
83fd848fc4f44069daa3f83e45365e9c,Rare
fc8d844016acee387db52c85dd03784e,Rare
bde19caae4c7890b32ab7cc0f28e5a32,Rare
f11f277657552faefb7eccff18d631b4,Rare
30c4d8b0c1205a376fdcb4b17d5daa02,Rare
574e3e274554713bf286c79e3220e6a8,Rare
51c6ed882b602ce91f41db16d81a3c49,Rare
dffe2942bc9ebd7170422e7068e5006c,Rare
ab81147f4e6f79b6f426c41c7e8aaf13,Rare
c4b30c6ff651fe3e8cbfb399d82c818b,Rare
a520812c594ac412f3a32e0ce7f3a192,Rare
3d8c1ad7fce606656b8d4dc6c0859fc8,Rare
cd91bfc00ed698b1a4a4b9c30c0c1267,Rare
a7e37363f05e9764f7b43cb5f852a0a3,Rare
972b8fed30ab63fb560710e1dc68d549,Rare
3723ce64ab384b8786c144e24560f75c,Rare
68da04a432b5a27e309618f31a593916,Rare
7f2b6031ee9104492c59b2047ea87701,Rare
42a8e57e0c742d81153d8f1bcb6f7620,Rare
561d7bc9e9b864611a67dd7aa618f669,Rare
acd0abc31578434aa335ef729976e9c9,Rare
f933c208b66fe8adb5462ec545ec45fc,Rare
87e6ce6fac0dfa415c4dd7ba40c060b1,Rare
0d35973e52a8fe5fc816fb6e110b172b,Rare
9ff27f3b42763ac8f71a3377c344e66b,Rare
df2e315d99940e33d9f2875c030d6d0c,Rare
d3b765fc4bee671199869fe2ca9335ce,Rare
b3b456489adea8981ad8ab021236de89,Rare
8391582fd8b141e3c984e189194fe289,Rare
10d0c5d749bbfa0a359eedf1e86015af,Rare
4a533ac01f1e3bcc977bb252cc2924d9,Rare
e0640bb7b5593980a448692ebae5420a,Rare
19497a85670f1445732cd5d94ee4efb2,Rare
231dee61505400eeca733e72c67c8d3d,Rare
aa77aaa908a471fb6ff59e668b0b3eff,Rare
59d131d3a6fdf653d604c927cfda21b3,Rare
0b2cbe36bd238762a888f37e23d9e24d,Rare
323599fa40f3062d3a57be93cf3afb51,Rare
ddf140f36dcc3d1b86891dde9ec7d416,Rare
69f8b4896f41cfe15daa55582d06181a,Rare
681ddc0e0eaa5ae129b48cbc7944aa47,Rare
e079ddee31121c301914e1c7c0551f9b,Rare
e357195ce28df677d9ea00fc466785f1,Rare
bf0bedc33632812fc0d09c3659b46a22,Rare
9f3ca59b54300682fb694d494e505bac,Rare
db62e581b893764803f34a0e4b62ef08,Rare
97aee433c3d0382ce5cc82a783b3bc20,Rare
0359e91fb22f1aedc3fe7a2e11c5069f,Rare
bc572a769f14dfc6201ee5dd808a68a9,Rare
3dc64f2d2db1102c4e21c8fb9b03d882,Rare
17464b0c6f4bcfcc34e1a28ebc394da1,Rare
2c3853fc2d937c938d424820481a4658,Rare
5a2a208f72671d7685eebfc8c7880861,Rare
722e4c09ada4e1df2ca6082a7ab36035,Rare
46557afcc802598f65587edf09b84d40,Rare
1a33b1c1415a6fa155eb83fcdf0ee970,Rare
197840e08e1958b2f477bac6de6030f3,Rare
ff0cd86dd289565c12d22724d4e94fef,Rare
d622875270e8f667f39a96908c924104,Rare
a9380bee40115d622a7971c2bae683c9,Rare
6e3c1c052e8a676ba091812cbed87e74,Rare
c864aac05f251ca53975b228a0ba8b17,Rare
9826e175d685db92eb9e619e151277c1,Rare
a0dfd6cf737fbd67f731e4eee32a869b,Rare
d323d06860ab62f89fe3294cf156a25a,Rare
952914f9edd756552114a0f23c53fc41,Rare
4ce4d6abade739185f2b86153bde3e91,Rare
2fa4ff32ca6099dae90b66054f229d76,Rare
118f77b404672551f654e422f391065d,Rare
a7b96e70bef8c06e74bcb1136ed14256,Rare
2333de4dc77280849dc012546e13eb34,Rare
121a421bef4122d73a05bc814b865fb1,Rare
66c62f5fe6155e27c2bcc7511c058ac5,Rare
cfe561d9a609958a1179ba89ed4e0a12,Rare
15f0f6e786614b0e04cd7282a41f75c0,Rare
74a5f9af89ae8ae5a0d0f9b4e2c08aa3,Rare
e8a54063e9392d71fb05b6e896de029e,Rare
8e9bfefe3d1806f6372f1aede4c33c4b,Rare
e4ea9b10bc35a0d2b653b185ebd43db6,Rare
b3b3432d5fa255fe929778397050b97a,Rare
ad0622ec253b26590586cf98b5ff8e50,Rare
e1c7dbfea9abe0036996c8a67ee760b4,Rare
4803829d786b5a420841707e341b65e2,Rare
835ead6648f3aad0680965a67b861f92,Rare
dac227162304ff87367378c4d8b50975,Rare
1decf9593a47cd2c064df6d5959cb145,Rare
db04975aa69d9e2acc54a104996b52a5,Rare
5ae2857ec4ed423c38efac80d4318bbc,Rare
590ff714d72fd23e4fd9fe1c53b9ed6c,Rare
70d6eaa7fc9a79ce7a3c089555d43202,Rare
7840c631717f877f60c85bbe57c7a718,Rare
245b8a1e835b78b76f174ccd6d3c9470,Rare
125f8b7e8b6a2d098c60d3e7fc2accbf,Rare
04450d417858271eed739f0625af1a6e,Rare
002b04bf7dad6c354bc60332e187a4ac,Rare
95942765ca532c0e94af7ac3d4f63a28,Rare
418adf35f94a9744164d4072b7bc2d5a,Rare
95088b1d9b6807c6516aa6b3e2c482bb,Rare
a7685b46550d77630378684a02e5c232,Rare
a39feb541df4b58c42924876e56114b9,Rare
6bd0ec0a359e3b3a80d87ab244b6afac,Rare
9440dd16ff9a297690a354d74a2df5fe,Rare
801c1734b37d0a8d753ea98b20316f6c,Rare
73f5f9a09fbf25250718a2a0b35057cd,Rare
ee57c10266177b897121e3ef3412ab13,Rare
ca1cdef97d86a564df6a567a5bb10c92,Rare
da23d97d851b4eeba58f6fc6b48dc112,Rare
7d3d1ce6c74be58beeebf180cb9ad807,Rare
b3624667de861f74974a8e80f3f17bad,Rare
b0ad3b9e579d35d6b5bb372a378cffc0,Rare
365b1510b4ada17a4080e019be0d6e06,Rare
d72b80b6413e17ae29e7551cde1bf6c8,Rare
0302feb1f697a8c183d8094466d69118,Rare
681ae44d92e339d8a716e2f5a1838158,Rare
9c3259912e41249c33aee6ced9410271,Rare
f0b35ff89ef65b508284aabd251a7ade,Rare
9bf5c076f360c109c30476aed83452d5,Rare
5e93f43e6bf22b7859529b5569ffedf6,Rare
8068e5b4f359a1d3447ac1bb66af3e9f,Rare
11ef291389657404acc57fbc150a881c,Rare
6f5ff611fb6ce12f4d71fccf9ae4731e,Rare
aae62d98a19555ee004541d2002d262c,Rare
23d85dfc1c6fc781b0b9d4b2ccdf504d,Rare
2a5dc2b04948cdbc4684d203ffbcf978,Rare
1866d6eba11a3d60a166f2127f89641a,Rare
841d0e1d1bb75a6c130d58f397a0ccac,Rare
3669b5d3e836bf6b95abd6812605f9c9,Rare
aa2804718bfad37f8d6afa7f9d44e372,Rare
c10bfb0fd24fae7376154eb78ec7a9af,Rare
40892064b73a14012a6daaa7c89ab397,Rare
e51cae577e14b88d0505797bf5c2cb43,Rare
f889da47e5b6cc51df546f22a25b780d,Rare
03c0f69ab2443bc5d8a40417c349fc80,Rare
05dbb402e7afe1f6ea04dea22c3c5328,Rare
61d8f4c41ebbe0d4262178ccc44cc2c6,Rare
b80526f415eb1022f7ef0c345bbf26eb,Rare
d215c117fd5814968e8d2f8ac9880279,Rare
bc0054487b4d68533b8c3aeac62e06f4,Rare
28ee4861b97314f82660531f3a5527da,Rare
f7e8431be538e310d08b5f7d11c03100,Rare
a0dc67cc486a1b791286a98e4684fec8,Rare
4372fb766bbf2aa01d73e85f560f0550,Rare
7e66b43eb9887d0140204f006b72c7a7,Rare
b836a14491d50fbd4ccf6adaabc681a1,Rare
2943dee484ef061a1034ff505cdc4e82,Rare
abe847641e7fc2e0fa487b1c04067530,Rare
d63550e1474d7cfcde800b48309c60fd,Rare
355d75344826dd7ae0b6769df0dd5b9f,Rare
36a19acbbfabbedc8e4c7f8d3c9eea56,Rare
ec4a3f3921a505246999c20841ca2f05,Rare
e2b8bc1ac6bafcb7d636b24163ddf75b,Rare
b346dfd0c37e31e7d77ba49b7a51af24,Rare
3ca1a3f86f2dcd9b27f8adfc3a84e20f,Rare
46ea5352ae04c124262f04da19781e2d,Rare
ff0aaab570ce2b80bfdb3fd882b7dac9,Rare
71309a8550718f97f034cd35f46c8f50,Rare
d14157fec50fdacedcf2486b688a8645,Rare
d62dabbbf4d3411b46a44925062183d5,Rare
7b342e59582aae2f6bf4b175ca40d342,Rare
cffbeec4703461ac6553ade8a14bc5fe,Rare
bf4ca373dc7d00052d465f58f6cdb765,Rare
3f6244f82bfc79c1dcadbd1bc27d931b,Rare
d464e284b50b88f30488b8a05c25fc29,Rare
b34a25dfb5b18fc0ca3fa7ba8e0a53a7,Rare
a580e1c50f551d3a75ea0d9138ce8a12,Rare
9d23b0b54f198dc084468d17105c2680,Rare
539703a7afc8d512928816ec723d3cc8,Rare
195dd5cfdd5a818e034b6e16cce95f45,Rare
7d0c64afa11c620348c1f492caa0bc2c,Rare
6474f03f0d2b9e2435f8decd01e7fb59,Rare
370bba47cd71ce696c9e033ff8673669,Rare
28552feccac25f3d06128c00c210fc17,Rare
5a6790ca1efb88094e1be5307e4db06a,Rare
66b9f4bf2d2a91235bd357a263720522,Rare
f220488bf8b4afe8e3d49f113bc5c859,Rare
16ef1ad0a2e671eab7ea382de504e67b,Rare
63b3f5ec870d62905ce75b6cff4f1b30,Rare
cf8c9afed4be5700936809346b2d4c12,Rare
1456ed6a318f5a0d46125629b259c5ea,Rare
4c4e0b901cbba9473e9b1cae679f9a5b,Rare
a94e76a8823bae33bee1300c6f5441e3,Rare
00cec1648c4f4a149facbff0e2e73cc0,Rare
641ad2bc41848b204f47b43f95ad5fde,Rare
9f54d45229d13269043b58851a4e97e7,Rare
bd4d363d8ffee416235cf2afa7e8f3fb,Rare
3f19fd6bf7d6ee687265bdcecef9e828,Rare
c8c9739d22965281665248584dc6f393,Rare
67cde50c7c5822f9d23ac9acc9d4ab8f,Rare
d1caf7cae32778bd66d19165eb2ff348,Rare
c1e8be8776aeb8f8e803ec4c5b002155,Rare
ca4e15920778d409917a8602c97dcd6b,Rare
8d86e4619f80b31dfd32420fe6053238,Rare
91e97f9c7fa16d195646df6fe12dae1b,Rare
2ea13cb110f409f95394f953550eabc5,Rare
8ac1f0aca8fa52844ac871f199281f87,Rare
9f4f90b2ce0089a90f14a4d0d2dc8744,Rare
6110ea68aadae832d7dd51bec1485a6e,Rare
374774ed0907c22c31bef3bd22065b1e,Rare
9e7482b96573a705ed7f1afc541a2394,Rare
d9feb7215242cc048a13902be3af8358,Rare
0e6e3c2c431d83c09643bdf27249da9c,Rare
d73cb01e03871502ed6ce4a9d62c0e99,Rare
c42bba68b57370a6d4d7d13cec86106f,Rare
0ef41c12ca7cb7905590a8f14aa011a1,Rare
f73a267580dcb0cf3638c32feb67e3ad,Rare
10dd6bdad762e385a3ff28472cd96d0c,Rare
7360009c240a3391b4d2cd474a063073,Rare
5decfae8bfc4c112b87c985af5841c94,Rare
813df8d58e16f27af2fffc1f8f89af56,Rare
16297e676aafc3e03bd330a7b82d507a,Rare
ee617a878e2aab11ee3973b3169c7112,Rare
77fbbac95602313ca5b15044edc14c83,Rare
4fa8723e65afa1f26447793b1ed8c848,Rare
1606eff7324761e9e0241f1129545386,Rare
52c7f1621eb7051a59840ca415d10959,Rare
ff7e7c4a5eacf69f7a94b9de37c5b5d3,Rare
f9afa3d91c97437decae3d40d1deb285,Rare
d4794f133abc6468f5cd6541ebe265e4,Rare
3b612e0c6e78ff60a56d931db87c832a,Rare
993657376b6d0f32a03ba505a8c9b25d,Rare
3c414eaafb4d1aad86bba4a72591a74c,Rare
2e1e845da15e7d4cd14bcffa80bad6ed,Rare
ebabe0cb9a9f1d7ea2032ba48cd84c9c,Rare
c7c924a9ef2aa66e683cf82ae9f68dd0,Rare
252468dbe6c5988bc6ff8e976772124a,Rare
7662ff7a840c5ec96f8816feeb4eb9e3,Rare
9e8414dbdfeb3209c095242c603ef6c1,Rare
a25d65887a28059dc19d0723b1ac217a,Rare
b66405d7a9dd7a07d3b6c7f48fcec1ea,Rare
22c19fb673f1a0f64dadce1d4e6f1cc8,Rare
5d17cc3691a33da7d9abd1bace746402,Rare
d3eb6b0b08089900502ed32e63fe8bd7,Rare
e5b1b449ed01f4de94e119e3e259bb78,Rare
a2999e319845baf825ae6f997aa47e03,Rare
f907098df6a2016aaf0140e4c4c22f02,Rare
6ddac44c875950431522e2a662642996,Rare
b2e024561c8041a08c0793e6836cdef6,Rare
6c2475d827ce621a157b948b5285d1d9,Rare
9255363da41216808e83d50c8fbf2b82,Rare
edc56e808a4978b06c5aa94b88ac3046,Rare
ad57549552563bef5131c7baee671d49,Rare
3494694ff203755408b1b14eed707a9f,Rare
056c1bdb86ccf1d912ab45dc600f1aa4,Rare
23d0fc047eea877dbcbb1d7812769db2,Rare
d11bb4977234f9a8c17f8d61b4c00859,Rare
4f5d064eb41145d1066d76dc7f5be5e4,Rare
ea7650c140090d7ec3b55f607e9cb80f,Rare
bb62f62387c8f04d08c9cc7098c256e7,Rare
b6e5ca583d3ac580d3b943a05eadeca5,Rare
173e88aad453dd4e09c2ff05e06cefa7,Rare
7a0e8cdf9d8ee6cbba2b867088b73946,Rare
aa7085474d7f65fc80d1fdfd0b1069c8,Rare
fb4a157e261a4288d38e1534fa1dda4a,Rare
0788bf3a6588bb9fcb4601fa877f87f2,Rare
c47d436943633dcfc29c74b57bf886e9,Rare
53e187653605dc7f8e38289cb2c2bef7,Rare
9ca8f3818efba316ba3ed02460ad691c,Rare
7a7a71cfc21b46cdc0789232ea6929ea,Rare
805c7bc62afc3f1b7137bd40538f2028,Rare
1005a58a54d4cc6ba3d66c807b4dfb3c,Rare
1a53c2d5935e22ea50dc91b93798f3c6,Rare
d6b4f5198fdd535c1c9d284f262803d7,Rare
4b4ce2a42991ba95d6857d3558c74650,Rare
03613f0f7d10c8d84bfbcbe125ac83c5,Rare
7a6fac6678122e99854eece1cb3212c5,Rare
f3e03b64aae815645a5e31d0605d27fc,Rare
b20105c00a2d3505d521bdf8849c5777,Rare
861f992780815d8ca953ff65877ae860,Rare
16099dc7bfd01678a315857ec4bb2caf,Rare
048930c4ee8357f570806a9c2b6f75c4,Rare
c693b35eea0d4fc6920d90f3d21c8fd5,Rare
60e34c556a566b6231ee9dee78cb30bd,Rare
7c74057f886022caaa8f60a720377f16,Rare
5f8e8afc58aa2d1f3079ecb7a868862c,Rare
982ceda11b955ea5259a60408b73e14a,Rare
f3cc134f6c778f899b9470e1d6c5da8f,Rare
7b60eb122cb1e88bec2fe689039879a2,Rare
3be92732d00678107362f70e761ba4d1,Rare
ebc271ff00800e2fd465f1ef8245641a,Rare
cb627e1c1dfa55c906b4e6202f94eb4a,Rare
23177d2e1506dab85acbcd51f0f674a9,Rare
6547ae855a66310983dfebf7b3859eca,Rare
d465083475b0bbe34042f1cb567d3655,Rare
53479824d4aaf544e8ea9f1cb659ede3,Rare
d61c28c8d56c000771e951d71261f6d3,Rare
da13a12fbdf0edcc4811a5b52d583ebe,Rare
47f608da0018956531d4fc86cc9dcb06,Rare
54b1c5eefa38a4083973dc51a7fa4d75,Rare
009a252a8abed90a95108ee68d58b89f,Rare
0440ca219d99be4313dd1e5c6ce23bda,Rare
6bed8b301b8707e5251f19ac8ab1079e,Rare
509802702783d4680b228a38e97c9005,Rare
58079cd28ed84a5e1b8c77826dd0c3ae,Rare
d06cd9c010c27bd66c8b4f4a3d51baf9,Rare
955216938ef47d72c7721789df3e359d,Rare
d3ce2b5bed4bcd4a8e90171139b5bb2e,Rare
6031d533a0a62778fba73891cc0e5537,Rare
93c9ffbbb3cc4bc63245fbc8f5d95c80,Rare
3e030465fd363bc9719574b60a2ae659,Rare
1dfcd96920ab9942f8e2de0bb47c5b83,Rare
08a5eae3e2f6e02191814fca614a2e47,Rare
03802b886a66ac9f08bae9ea959a17f1,Rare
e2e26b151dfb8a0766fd4337bc6aee53,Rare
6e2c0c9fcfece1d88b1f8bdb28be0cc1,Rare
1cc7bddfc35ac1006333719c6bf77f87,Rare
6315a6f119670630ad396f2df49d7469,Rare
53c79e023edbd911388c9b4d9ad13565,Rare
39c1749e1c23bcde0c3afb3474cf8eb4,Rare
ad650226ab88f8dd00f980d518ec2bbb,Rare
70f2609776c510357cfa2a1bd0f6e0ea,Rare
6c66be54c2e438984578a5142eb6d836,Rare
2671922c54217c862c8c07dc27ec245e,Rare
03272f402646bd6a4ea693265139593a,Rare
6d3ea4bce1450a8c0311f7751d70cc7a,Rare
6390199ed6d7da57cb662f3ea884278a,Rare
5034d315959caab28cfa459fb9c8d183,Rare
586798300443a84eb4ec981732090230,Rare
20238f6b5bc41f860e02bba352ff8912,Rare
8b4d1ec6017977cd29b2f6ecbcf092f4,Rare
9cdb5d63cff7cfa23f9a9a90d22dfc6b,Rare
c2c1a61305619f7c35a9c73b9acec1bf,Rare
113e1b305d5878f116367e0d2bc06a1a,Rare
59eccea7e929fe3c7d0edfac4fd1af9a,Rare
229982bd84bb9e47b76284ffe32f3ab1,Rare
a62df151980f5e8427087ddd3a5dce74,Rare
38f7d1da144b3f6e2429ce86769459ee,Rare
9aba6d3b2fb88b9668eeb0f63eac2e9b,Rare
e927cb984395bb6091b2865cf1c65273,Rare
dee6a31335fc451bb76fed53c62bf706,Rare
d798ea876c344a2405929183639a518b,Rare
beadf06baa17f1cfd6802a9793a7d74d,Rare
3cc5d781bc7bf140cde4b32d9dceaafe,Rare
50e9b16f2a7e444c78d520e28b1a4808,Rare
192ee9937c1e566e9bf969a9064742d4,Rare
abb74761d645b7cd53d48032c9b339cd,Rare
debcc6b1e48e482eab5f21b71d2c5ff7,Rare
bb52cbb1cd1ed2b5cb7943d896e6a258,Rare
fdd34b85e1191fac9cd71d5625b8d69f,Rare
a00f904b3f6301762722373af8f73a42,Rare
dae4a60c03ae5520f26534100a8a3186,Rare
869bf169563d24ef3c83afb6fd39a328,Rare
aba99e2f9e3b0344e50f8a7730862639,Rare
f271ad47744943a96c0e452ea4398ced,Rare
aeb4f4cb8a0146460b6b65323423a90e,Rare
359a33623169dea789faef650606ce4b,Rare
983e205e865352ce2bb0f690deea3958,Rare
c755e534b5e73f95419a2345667422c5,Rare
f62c8c06bb1bc2eb75653109b2d42077,Rare
b97b5b0062f94324c7c03aefe304344a,Rare
f5909191cd76972226f8df8e63a09218,Rare
b3a52e819f4f8626bfa41f41e95a36fa,Rare
5d1c2cf7b62e50d4e05f39e8925e0aa4,Rare
1d21dadac59f9142fa1d044e5ec0a44b,Rare
d07e32b119bb71b358bee68c16de8d10,Rare
3f7d383fa1455b23a43ad1dd2ba2d8f6,Rare
e1f6c0646f28cd31fd0dacf6f8834d15,Rare
81ed31c6f342733cb1fea1a49a405218,Rare
62662913ebdcfbe577b0cfda27f4d64c,Rare
024273bfbec4fe15146cd62ec11f7a7e,Rare
7ac1e1c128bc14fb3a0cbf167c387453,Rare
a8c4d2c946d300575917cd54aa7772e4,Rare
450034874c13f639bbb657c24e2bf3c4,Rare
c6855fd790d9178590fc64fa2e283169,Rare
2eb534e58d70f252411ab5e1b766ec83,Rare
1d2c1c576e88c177256db7a6967c3480,Rare
92bb335a51ad63cd8e980e95a9902a21,Rare
04b755c7f2949502f36acd7024e7d494,Rare
6769abbd881c3a3b444f00b959df4828,Rare
9adb695a044aa49f5842473b6591dd25,Rare
d1648dca72e0f501a0c5b2467b11a2de,Rare
d32a9362604eec50035d35251b6f7138,Rare
24dcb05c3ee8b25dd102f7797da4dd86,Rare
2fda59832c67a605804177af2130273c,Rare
deadbf7d16500a720e3feef8d2077e7e,Rare
f26863f71c4b4bde2e128222394701f7,Rare
2e9623946f2f193955856aa17995e4fc,Rare
cfbc1a8d740d66b36425535143032f25,Rare
bce0700c2148a1e8bc3e0be1cf9dbeec,Rare
65048f162c13e2bdfb7dd64f2f9f1557,Rare
345cb37248eec0777eb389f9826e7537,Rare
fbf5a78a5b67f59d9aab46751fe6ec81,Rare
eeee11b7f1662894f2a4f736f0fe229b,Rare
9cd1833870de204df2379e8a699d2909,Rare
97cfa857c464f5148384dd194a4021b3,Rare
121d9b46ea8791a89b07318f9ae4bcb5,Rare
7b62410dfa19b56661486b49bcdd47f1,Rare
8e614a247e45a14fb1710b00ffed8e25,Rare
040c262c4906b11fc0b6a344848b01a1,Rare
4cad843bddd4401fb9c585afccb23745,Rare
2cb744a0c99b1120ee82ebf9ac2d482c,Rare
5f774b3eb589de9d94a9179ce8468d13,Rare
55d5192097b87c10e414befe5384be02,Rare
9f7037ff7780ef1b42aa40a55d18a6e9,Rare
17f48aeb96795094c4d2311cdfa44d8d,Rare
7fbfc5da94380c12c040644ee9bdcf9f,Rare
3ce5338a33806da0a7d9fd2be6e44443,Rare
a50c4135bfbf5915f955d5dd23011d17,Rare
8619bfaa10f5645cd47bb910e3ad6ca3,Rare
37b586e43581d25647776eca8dabd656,Rare
47187cd848f8ab3645f1ecffbbc1b7c1,Rare
3c9d6187f163974e5c09f38b5b10169f,Rare
dd484c1dcd717945e159cd0993bb5ca7,Rare
33b44e0ea15a3c80ce791749d8b8a94d,Rare
8b594b9ddb93933445b364e06947ce13,Rare
3755614c4627586a971fd7fe0b8e1c18,Rare
76923526d254097315b2cc768fd95c1e,Rare
cd907cc508625cc9b83c3a3e714c1451,Rare
21e77189f82af1e9ea6a71b8050eda3a,Rare
b16077c1622ed8bc8b793c048e05b628,Rare
f918dcb88a78256fa81c47ea3c15b350,Rare
0a77ce53c98d94cf4bf7b59be3cdb5a4,Rare
452aae79693b4a18409cd925a71d8479,Rare
237a17b1196eb1f756442cedf008705c,Rare
dbc9765d6a802d5d51684130e4b1a5f7,Rare
7e7e830be7c09e586a29bab49f94cc71,Rare
6052276464eb279b112f814f4e24a259,Rare
32b12dad00a39ab51e7ad7ac55b20ff3,Rare
bd4f535477c8e4e3b8d65f695d7d8608,Rare
d8d45831a048a2dfa0adbb1cc5a6fb9a,Rare
2b849dcb31b4b0aec08a061f2e7e9c8f,Rare
aaa162e177ed93db1dc24d731c44df22,Rare
d3007b05f2e828425806bdb3f1bab9e2,Rare
bb9628f6ddae9b279c637836e1d89784,Rare
352a0ef11cda91368e6c855f89f143f5,Rare
71a0e17b46aa6933bd41ab49cb91b404,Rare
caa5a8536856c8f77ac074b50cdf84c1,Rare
51dbde9f18fb618e6cf7bd214d8969f3,Rare
c7182198fbb40d80d6b33466d78d4cb6,Rare
fa5d0cbea7a740109ad3a248f5fb2191,Rare
7b3f1c46e921c2c630faa6076eba81dc,Rare
113ae11526a86cceb4430c08298bfcb5,Rare
e32f6850e062be8031714708dbb89595,Rare
5373a9ea13b40014c418657e356f5923,Rare
3452cc317c9abefb000b0a223666735a,Rare
40bde4428794ffcb3ba0c02c898e69ce,Rare
83d1260668a1428ef779d85f3a22fe1c,Rare
066d25d6dfed8ea64bf043e0d2270775,Rare
2361553bf47b6da9dd5710d10861ff0c,Rare
fab9320c26ae6dd3c21222606e50ae9f,Rare
9dcbe9c316bedcc4aaf099dcbfcddbce,Rare
053e37d802f5b6f88da9c996ff0eee0c,Rare
210e25ded10ab2aa75d138bca9ec45fb,Rare
c4f55358b4c25e7b70676d344c979c40,Rare
92333f83c748afc7d84b2d28d08bcedb,Rare
bc72d2bc28bf5de5180ce64e33f72101,Rare
f9071481fe547c674f4a7bbdf914f862,Rare
47c892aad6053b2d32c6caacfa02dac0,Rare
33f23cc0940449ea81c08b8793cf3646,Rare
7f1f0e0465db081c7777c744dec20bde,Rare
61bd7b965731e496382238c24839b070,Rare
5800768f62f2e3783b5d1c63ebb4ed0e,Rare
f36a8812265f2547f4169897d3e986bc,Rare
27d706d315596d6d3a0b01d9c37c510d,Rare
f53df6bc0a850651033bf48b7e41c74c,Rare
f0bdae2f75e593781fcfc39915afb343,Rare
5c814bb86699ed0eda494195932cf291,Rare
63856d7a8b2bb1ca303e8957525ed47a,Rare
3583384046f7ae5107a9089abcad5794,Rare
d928a9eb1fd5e1548489c35f7dfea3c9,Rare
47ed4bf52ac2ab1704540dc644c22323,Rare
c1d9131c8d8a7a384fead73c2cbd5af1,Rare
e4be7dce6a9d4ca2d35fcb867c7c134b,Rare
ac56ce43f6c109ac8e7a807c429b004f,Rare
cd24142b2529febf2eedb10750299398,Rare
65bc4bac977e34f37783cc8b288f17fd,Rare
579009f826c8bdb119de0a560dd4bb32,Rare
03ef04ef20de405345eaee60390f2840,Rare
bc94764982f0e04dbde542602bfa7c8e,Rare
371172bef2d1558aa13bf5cebe5f0172,Rare
cee3ebeebb7e84594a3a8872a6820998,Rare
97334b72e23c252aaeb6557fa87e2de7,Rare
80170762e4d2f12b1498937b97d7b9c4,Rare
afdc282d018f5af7418f680cdd94b549,Rare
1d6ecccfde9e79676132055f6e605c8a,Rare
7c2f7190ddf715aa3e3498a333ed2c50,Rare
ffc8e836b5299e67e853c77f25b593be,Rare
dc812f5e22ee43897d82f6dca4544a8f,Rare
8dc23899cbe087eadbf39398d207ae63,Rare
f4972f7a2426d1498509cf06dc591c2f,Rare
f3ddc9f2d9ac650b79912635656cf61b,Rare
a4821c72f18c3debb4a83880a88767e8,Rare
df533ef4fbe947ca033a6077f414162c,Rare
664dbde0016c1b5c2dbf42d3bdf5bfaa,Rare
a5f9d891c29a06898cc0b50afecc081e,Rare
ee91b765a91ae4b2828fc31b0c786389,Rare
1817a0c764f8d7bc725af7d5a30a8250,Rare
551a12c7a26c2c610f46e2edd3ac3f17,Rare
61fc85991f9e866d4d018da36a368486,Rare
ce4f540fd6b917b2a3ab996fac28a21e,Rare
f562d5db167f8fb277b5d42290e1522f,Rare
79c7b6229dfddba828e92d7b42a0bfc0,Rare
6a0865eacd00f2d1b11855f7d6b763c5,Rare
5733fd207f51fd6a0a93231be569a59c,Rare
2395f7fba5fe2d67150aa303d0d9f15d,Rare
87a9c9c0fc0a56e6e6c3842b2c8b9a2a,Rare
f6f7e0241bc183bf8b08b4d9cfbcb29c,Rare
a14702a72c6d421cb25c449b2011a77f,Rare
81424aff790346bd15dd8bb853dd5ada,Rare
14a67e368d4d1b449df14f0068dd5149,Rare
6d68d216fba7e9c2a0eaec59d55aa32a,Rare
b789d34628ed55f281af543953e6409f,Rare
993b6766087f828e1af7f9cc7f83e296,Rare
20a6fff98b947549a24623d9125308ab,Rare
3cbcc8a2cc8bd951900cffe562a66b99,Rare
9bfaeec075767a6bea11fd975525fe79,Rare
410d2411b201f47b92253f254952ee53,Rare
5c18c24bd0ab06ecb8a8ec42090ee341,Rare
a3fd5ea3da4ea236afc596aa0fb71db0,Rare
07cea71254b41af9103271fb9e83845e,Rare
eba72d5bde2355f4e9501e2bc5c4bb1a,Rare
be0294275356176fea69c8f0477e42e4,Rare
add2edf2601db34dff02dd3cd040ea8e,Rare
675f6d856418183b1f6e208d198241d1,Rare
15771a0d82cdec2d5f1d68eb9ef68959,Rare
9fd3eae119f1372294e54a4549304d05,Rare
292e93b244adbf13effb3dbfb5578070,Rare
7df22ab7ed82096a9fca66a508f6ddb0,Rare
41cd1960b8311ecfd1e22c251ed544a2,Rare
fe612446deb8fb12e81e663390a4fde3,Rare
cc015eed51b7239afe406c6a7b8717c3,Rare
ff387d50c83ca900e7545aa5edcdf775,Rare
10678245e529ea3457cd369be8144b4a,Rare
de3c444b70d3dbc5296a7384288cf2f6,Rare
261a7be923d1107aca8a3f1c58e0f5b4,Rare
96df8d89048ec7f2a8ab7bf50d972fdb,Rare
5fb05ef247095f060e5e4583ff4c132d,Rare
d436b27904fc87cc737c0c9c2fcf21c5,Rare
137d5c21d8f4af6b273c780972368cf0,Rare
d4a05f5863381ae285b0f8b15dd05e28,Rare
b78b764d1c773d38941b6948a9694d9a,Rare
c3d0130d1cce5977ca980f0764db0c49,Rare
064360fd2db7be35de8f5e072a72f3f0,Rare
881a06f753b6c4a03e00361d146cc35b,Rare
bdb0a922b2d550dedc17c3e8b7df355c,Rare
17e467aba4bd6dcd98bd9a1554ef8c3a,Rare
c10f7ee162198c54bd6b02b03d5cad9d,Rare
204ab845a73a030b57c2203d70092e55,Rare
489fbe3e05f158c007148e36f1c925ed,Rare
515bbc38afc8a291fb4696f15509941f,Rare
f0d37e214a118123aca00d123bc9a543,Rare
5f0fa8ae785c2f159a4562ef610ac5e2,Rare
12061a046d112a095d9641c02551ecc2,Rare
04864c0c5534e0287769d8f7cd305beb,Rare
ac44c69565abe94f6fb854db3b5c8bf6,Rare
fa9ed851255cd302eb0c4d665e45319b,Rare
27211a5b570e54c9b81f86b3dd680139,Rare
975c6663743b7f27c4d96b1fe086e309,Rare
90eb8efe7c136cca74453d5e9dcf9c84,Rare
09385a77198a487b53855cc83ba634f9,Rare
1b253d967d109d468c252fd884db5852,Rare
a27fa18e5755fbac4cc6a85bc157fc98,Rare
5117959a1074b14ae4756d5f7624548e,Rare
af53b30dfc4c5771abeb9555878d3e15,Rare
84aebfa01937640995d6644d158bdac7,Rare
83534edd7512a96a5b0db49068fcb9be,Rare
93c4f3e75dd957e3e42d98f10c930817,Rare
2ab7c5a9a9b42ffd45b02525083d726b,Rare
5cb323ba1f4990ef452ee49988086bd3,Rare
5fbad72a3561e02588e06eb170dc1fad,Rare
1859f1f7843f1095cf019aafee3ad5d4,Rare
74e4bb3aa5802246e63278f90f943340,Rare
e1da776c57f123351466ecc04793e353,Rare
521a7bdaca39c8d98f8cb84ac7092637,Rare
24abeb0cbb39874b9c2b96469c4156dc,Rare
29f17d872ee3361dd5b6e568b91d4d1e,Rare
c32697bd12e6156fd1fcc12b95ece59a,Rare
635d79996dbb6e12ce0b4cd3da6e7e1c,Rare
cd0e2353165ee28635f3e8ef1ea75979,Rare
1d534ad89531d922c8af13724520ecb5,Rare
452bfd137ac92b58d1db53400bfaf28f,Rare
fb0093599acc0d570b85e4db0b757ffb,Rare
d621953768969fbe3ffd6cb7880e5a74,Rare
886bd328bbe5b9bbcc169fc5a42472b8,Rare
789c615d20a8a7a0f1226569c837a535,Rare
10e70965ba2aed63f6f4d56ddce93c95,Rare
303ab6660fc3c04d6fc545aeecadb061,Rare
774439125096ba280b0fd71877d9f859,Rare
5f37ae889bb1db72fa491453b901b676,Rare
9b62cdd7e22e296c1e12872522977c23,Rare
aca997f871df46915684a89f4a8ee2f4,Rare
a259e9c3fd13935241476853a44f84fa,Rare
6014c6727dc6a7951d6be5be016bfe13,Rare
81fcf5caeaa38b454afe0fef06abc19a,Rare
12fe448e50734814c1cdccf09cd0d4be,Rare
8f9a6a50cd85bcc3e8e3723eb29f0806,Rare
28570351be814ead185bbadff3a5881c,Rare
09f342cb56b449fcbe769ee8a874c150,Rare
1a5c6cb4c58245c81a21b111a4a5389f,Rare
df96291da6189218d434a6f55f27c081,Rare
c007405c2ba96d4a9b809814b2c2f30b,Rare
906916d3bd6a4c8c885c886990fc9f8f,Rare
6fef2b57eb28855262cd95442c5cd0fd,Rare
ebd6a99fdc16efb6c0091e7c8878b240,Rare
ea1ec890446a1c07a6bc3e5b5d31e2b7,Rare
da2560d23cbfc7cbfcad92d5a45a6b65,Rare
16d3e8e51f1fde522ef3a06ed7b97a7a,Rare
a1979006e90d8cdff35b7201bfdf27d5,Rare
fa600e33cd146b42cf9145fe5cc9a773,Rare
0a32668f9a275d62fcc2561ccd696e91,Rare
30745605d7be23c1f67ceae844f5fbb5,Rare
f6e7952b4953d4824e352497bab98c2d,Rare
86b2647d35f6e960c9e2ced14170db99,Rare
fef401726593ba846d31627bc5d3d2e0,Rare
ffaeb3e7c8181666c6bc2c836800d369,Rare
d09230e692c1880c5ca08ce60df1a2f4,Rare
a0688978330772bc05de3cacc3cf5518,Rare
fce281570a77a3f7d02fa7a9db9f6927,Rare
49b7af8bc0feac06a4aa8248a4b4f91e,Rare
c7a5bd5eb6279bb2ae3fe7876686f3d7,Rare
2231f6fb062230b1d0004ff14740a0f8,Rare
df75f837cf97f87e526a5c96a18020bf,Rare
442ae67d3201d24ed32ecccfdacd8d59,Rare
afc58759b4235a7d257d15d685698754,Rare
3981970fc938175ca218534d8b1586e7,Rare
3479fe75d58454d12eb14b7fe27cc92d,Rare
79d358d73b2aa2d5bfda1877969a23e2,Rare
9612c3da87ce69218cc35c5a38c4640a,Rare
81780e4b3c4fc80a9d57852065c1baf2,Rare
21f5c942beae321a712b7fab9e763a03,Rare
0b590849e23c88229c6077ad131c6fd8,Rare
4b7137ac175c10b1190f2ed2974ad36d,Rare
c408fa6beb4a04674f5a45cb630e60c4,Rare
9de3497187c6fb263e407591ebc8467e,Rare
007075655193a3b618b74e9639b542be,Rare
6024fc8eaa65ed66d63bf018e5984c93,Rare
0d73d8f738af0fd4f88b3ac4fb21c79f,Rare
589cfaa733efb34bfff3ad66334f25a4,Rare
1e45090214922976d3735f1593f8cf1e,Rare
65a485dc06b178e699145764cdba3bcf,Rare
e932cc5e93137ce9fff563cc54b99db1,Rare
6e6f273debf08919f381cfbcf8efda47,Rare
85923506a8f5128496bbc41e12f8db67,Rare
21fbe1c0ebfad64a1c8411eec6c2d40c,Rare
be15c8896b497b1b128ec32a2893bd44,Rare
166b34e0077877796576ee7a9e1ad377,Rare
9d08c4d44a03d20e5d2b1b634539e33b,Rare
3abb94c8dda26e10a3fbace009323e49,Rare
cc04533a52491d053927a7628c25bfa0,Rare
b8829e124403b762ed691cb9ef0a6115,Rare
964ae4fd6cd1a45d746cfb653d6173c6,Rare
550a4a915bda70232ac3c761b4ecf49f,Rare
9f715dcc392d9b4c2f010cf559a6486a,Rare
700b8cb9921a01e2d4fa85b54cd3e5dd,Rare
256ffabe13b564fd462fdd9e1955b4c6,Rare
a0d1de0a1097b36991800472a5e91974,Rare
32dcdb70ac56b76b1aad9d9e7f6e57ad,Rare
5d3968ab698d9fe23730d686d2738a08,Rare
772660bc5d9cf04c80536028a2a56804,Rare
ee1806d155cd4b9e2114154e64e10f88,Rare
b5ceb9a4165646b666439b6f5361c1ce,Rare
a8c4a6029fe79973122d9e2915a23627,Rare
fdc4070bc0d396bc5443f203b6d5976f,Rare
7def4ec3dbf9ad288269db99b7ba99b8,Rare
f3bceab8548a483130ae98be2c17b2b7,Rare
1a5b050fee8580f49f807c9c1775b07d,Rare
dec5f0daebc80da7d8a5ca1db79b6f22,Rare
03762ac441ab9735f8165205b323cf69,Rare
1061c99a807fd1cc7ea72d12228553d9,Rare
42e70f9c3be1d8e91458f978c50a2295,Rare
aa8409f384b8d9a75cb7b5259161f009,Rare
2e481ed8daeaa26147ab01f1a2926f3f,Rare
a1a31812aed913a58b043bc5aff16d0d,Rare
83af15d549ba7e677c6b4c09b3cd2e00,Rare
a241d46e7bfeb480e2d6515feb341860,Rare
b8c23dbeeedc1529a5263200afdb8c63,Rare
a1b0f691ba3d873b73de9566a85bf3c6,Rare
bf336dbf01c5ddf91238b1c85bfa5d8b,Rare
0343d4bc1f21f0fd09f607f8ccb8e0d8,Rare
7e752c163b0d049964974069d4c7de01,Rare
f5433faf12f111b24bdbbf12088d0124,Rare
3bc701ec60ecf6ff2fb1cd2aa3c803c9,Rare
18067e4ab4df937137e25d4bc9b63d90,Rare
00496d9bc6b30a8fb6e89d4b9fd5c65f,Rare
ac6a5b4b160c60d9daf4138a6591ebcb,Rare
d72e40ecfa6b40d222769a9d7c4f225b,Rare
b5583d49390a2155ee0d334891b78fd6,Rare
16b0722ddb4d22792df6fce6a8d4414c,Rare
79f8cdf541b89422ffa8e1da1f394643,Rare
eabee72566a192e0a71313cee6b9577b,Rare
136dc6d525062d19f196a40968ad3ce2,Rare
94fe1d03b91963d4a1231c28ff1d5657,Rare
77911ab3ffc3b089555351add5162518,Rare
d4d222d7bd7d6b717832783c6785f119,Rare
e7dd66137a7d148b78843aa92be0063b,Rare
4f9ceb94b7021184f70eae684c10c2e2,Rare
4db2922217c802333fcfa0fc58959f36,Rare
b64f4897f11815e5a0107e129b2861bc,Rare
76a990f1472f1a52da4abcbec58bcc93,Rare
5989e7662a502e754d2db30a945589d1,Rare
c3464d612680b66edec806bbc534d67d,Rare
7575913aef8c9ad96b499da1ef34734a,Rare
d450ab32923954adfa7ef359495dec25,Rare
7480a21e9be7253368b8ced3b2c7c705,Rare
bff631f471459bf64bd18aa813e76d24,Rare
06d273587315383b95bd8ecc2a24c48a,Rare
890b56ca7888deb929a5aa731ca395f7,Rare
aa7315f9da6ce4e78dbd00f36bbd0eb6,Rare
8198cb99ae9fd7514611fcca0c807ac4,Rare
9ec9732917ade2c02b2686ff7df0f4be,Rare
6cb69d2f613bc4f50f1c3b42fcd1b158,Rare
5dc5391e3cfc4c6ddf0194b5cf4de37b,Rare
4d7643078df9b094a6f8edcd9503e5f0,Rare
36542323445d5a04a7d2d7705879c755,Rare
432911e77937eb43c13860f6bac7e617,Rare
d1a94d248c797f74765a72c6042bd580,Rare
7b3b2eb5e8844f14c3478b1a56ee1efe,Rare
5b88eb2b80a5dc6196682a11ab5dd553,Rare
8b2fb277c41d42f258be7e5d363928f6,Rare
4a2b6a77614b255c45dd0c601fe7a042,Rare
d445926efa50b5e0bf32ddab4dd50ff3,Rare
2fdae1582aaae20629bd93d7bccb74a9,Rare
44f11cbbfa13872db81726b37861b467,Rare
1af57ea8c6474bab9384f5a8d9796c74,Rare
35c95ea42625fce0ded0b65116a19f9d,Rare
08c14a8a5f7aee1aa2326a8776c79494,Rare
8d1a09d1f5079f601ac02d2a5c0b5805,Rare
2d1d71b0de834e5fd6d12fa14485b00d,Rare
54110b7dd92486939758b1f92a981173,Rare
bcbf2f9da5c5e4aaaca5b81102f97863,Rare
53a31d89a7ce97645f83acad6a3b5d0f,Rare
dcdfe1d51b57d2eedb4a8b6e4ed9553c,Rare
d2103b5fcc23cff8b37fe552c7b76fdf,Rare
57bcd86b570e98668e32d02e3e005ad2,Rare
908a0f09cf144e8a107cdfb18913ed19,Rare
bdd8a7c3926aef99d99c23cbf378b6e7,Rare
2ebbeb181fd67b422cf2f93f6f16fee7,Rare
865f76435eb0fa0dee6281a7a0045f26,Rare
0d97befb3fe93a0ecd4d6a4885cf821a,Rare
f8daf5676dcfa5c14aac3fb6be8a2006,Rare
0e426acfd27e3831b72f14872e176b98,Rare
5b38ae5b3d548f0ffcc0f106ce95ff43,Rare
17f8789592950ee832cf646e7dbc96e4,Rare
5b81907eefa607aead81eddd2dbbf041,Rare
1b6eb3db4c9aa528518fa66687084d63,Rare
bfb6c2cfc7bfb62eaac1def4b96466a6,Rare
edd6ef73be68b92da890148ad8982a66,Rare
15c40000d8e996e6c22b471aef8f75ba,Rare
68f2d28933e6ed3ca86815e51ddde6a7,Rare
718fbbc7b062ced581725e713fa864b7,Rare
fc8c9a0fefae3260b707867823433f0f,Rare
8e2f3e2eb5b6e81dbbfc7f0d88fb7b35,Rare
1194b870812180fd3951c63069e04cbe,Rare
f34b6d88393f978450366a1a87f91705,Rare
6a11e98d1dd860b59c92ed3612192329,Rare
d4f67709c8b91cdfd9db9805fb831314,Rare
33d1ec3d85a555183495984a891b8ab0,Rare
901c7cde3f95c1c6122bfb04e8491858,Rare
b121b8231abdcd48c6bfaa09f70db91e,Rare
d1f8988cde559069da1ec6233f604494,Rare
0b09bad550b11662fdfdc12080bf623e,Rare
0dcc760997748402d6fb6a85bfe01721,Rare
8ac2b9f3944f5e47a8f009694d3f6409,Rare
71a03099429173ba673629256cc57235,Rare
3f96c0c42bd7c8ea2db8e305e18ddb02,Rare
b90ecec01ab19323d7c52475d976c7c1,Rare
ce173d88541076decce3971f902f98ae,Rare
46d82ecc008e6385f7ec9850697971a4,Rare
898e21a9300bcfa85971f7d04b36ae32,Rare
5e443ff7d75f306c2c5d0439fe1676a8,Rare
c1400d7c206bbe52e06362bef53d390d,Rare
cccac7ce261d9fd816a885a70ca1a5c9,Rare
4e7b2ac0861f4645addd37d97a88090b,Rare
94d3da2f8b641f5d0117d4a7bd415d68,Rare
5cef24ceeb816afaf8dd5af136e34f99,Rare
57f21afb82341863843a38c090113d34,Rare
53701b3d5cd94b974348990310a5a7d4,Rare
4c4982665af6da6ab581435f311acf8b,Rare
5a21038cce5345c5edf9ed88cd789a8c,Rare
faa135bc8636157179bd35111cbaa2d2,Rare
1dcea030eeb0cf947588a1438a99a4a6,Rare
048fcf7785a3362d90f85a8470fde618,Rare
409e0d2cf2769d3613491d2cbc993ae9,Rare
786382af1022cb887cbf8e2da3c52a52,Rare
64fb5e21e4c99dfc185834929da28bb9,Rare
4c27fead009d217582de6646303f15af,Rare
8b0e35ba15a3d0790dcf72bb3861891c,Rare
eb13b7e28ddac8ca2287eae0d55b78a0,Rare
1ff9df729472e065fd1128ec4209a8bd,Rare
bbeba34f9058803be97d65dd1d879357,Rare
c90ebb39c2affb949cbf29817496e567,Rare
0d12e5730dd6a1933060b5aed25f76a4,Rare
a10b8f78d97f840b4508a6d465a0bc9f,Rare
0933c0aa8310a698c0ade9bff9c94442,Rare
1db3c013dfde6c2638e62b312390a40d,Rare
bd815ae68a9c978bcef1e06dacd29483,Rare
4c3686e6d9c7a5084cd31b94bbcc08cd,Rare
cf4210eb2ac5c40dd69f1be2d9c7c31f,Rare
b7b7a2485230cd1e0ef78ad0519c80dd,Rare
25ec6760212f4bec5a4f40804adb0108,Rare
fe3f93b1a96bf297c90e8e045b0a59ae,Rare
2a43e956b2eaa5b874ce4cfa2b4ffda6,Rare
3a6f4c56953bdf913f1d3ee9fb61a189,Rare
c97bb50550ee791e7c88487d4a30e1b2,Rare
4f65fbc3856157a3af6b595913ee2edc,Rare
d64f77dfaea2c82f0f68c7bb52858b5e,Rare
f49d282cf634f52e43c2043e00f875ca,Rare
90810c17d4968d628fb626f4ef0af0c0,Rare
488d523f5018fc141c6e071ebc328b90,Rare
4298421ca717d26c3110a9d52f1779c1,Rare
aeab842e79c480f2a9525273b1db510e,Rare
4b14fa437e528be0bc956eb22481ef39,Rare
dfc5b24f56268f7c842be151b39c903d,Rare
86a6b4d12cb79e630cbbc7fddb2c6b82,Rare
34de1f62b472da8d1e80b5ca6c3270b4,Rare
a9b2a9b62027bb19e6ff642cc315bd00,Rare
f64b387b583868202beb48c42d7968c3,Rare
6891145850c779085f25d21296cc538e,Rare
89680b9d41cab302ebeb03475cf76f1a,Rare
280fdc1aeb1b4152a00a2934477d13f3,Rare
7c5ee8a9bdc7ec375db125f53bafe505,Rare
156b108255c5d3b5ab263eaf87a662e8,Rare
7d040aab3158931ad280cf95c7c21916,Rare
b561cadf51a64f50b0723f64b2a06e17,Rare
17c031a1800b2a13620b760dc8e5a942,Rare
b35adf3384ba247c6db357e06f3d10f3,Rare
94eae08de0e57124e8dfe7fbf3b0a78f,Rare
9d547dcf3e3f53c463010cb264a63c2d,Rare
08f91e60efcb2598770d37ce2abc839d,Rare
14be0c4a3bdd20ca96c7ef866481a27f,Rare
49fdb425148a841a75b7e1390468e3b2,Rare
2170bfd3395474f3f84f49efa890f843,Rare
94208bffec72362e19cf0c3b94349dcb,Rare
686405edf00c3dcba57cb3e6b7f2e08f,Rare
97fba8cd9af1f8cb9bef33cc14ae91ae,Rare
478741ce3b9723fbd3ae83a731b174eb,Rare
5317543f22a4c6c68b0b9b6d76ea925e,Rare
bdb4633c54fdd9e1af735d8ee3fb9442,Rare
3e0394b8d5ac499bb19c634db7ea43a6,Rare
2575e3fb4d284a9b481b7799eba90dcd,Rare
88ab41a842d09a2c02ad495a7b36d654,Rare
1a6bd1469175ce5675a7aff289b0216b,Rare
3632a500edb102a5301175fdc763bda0,Rare
9849054e02ef8fd159e57382c955832d,Rare
efff0dfcac763af5ceabd51dfc0c33cf,Rare
a68ec7521fd9d9fe533a974bc3375a6f,Rare
c379ed226e6bf8b88fc933a55700a1fa,Rare
02ee33ea6c0e20d8bb15b3e76c970ec8,Rare
8f536e27f7481c9f426176670738c89c,Rare
397e816e4f7684ffee1f371659757914,Rare
e95341a6c611aca26113baf9d93c317c,Rare
0f8cc755a61dbf4c7b570d01fe5ea7a8,Rare
6319d41d8f2c4026f59c9d672826c072,Rare
3ae335fb2b94a685c0b9a039fc4e3f76,Rare
3219b180bd2b326d7501757d554a1328,Rare
9aea0523d34bec7b5d4e4ffcbdf03b00,Rare
5f3482e9f0d576c11cb44a862a52afa8,Rare
0d822f4d3d2527481252292ade89423b,Rare
e19d45b7eb2d3802eca578dadb42e0d6,Rare
c8fd6b9fcd3e36161c8c4e6971f0ec98,Rare
b93888af0d45014ccb7e04869470f5b3,Rare
f997883da751e65c7d8545b78f2864c4,Rare
d46e7747cfbb43e38fce95211dd2d464,Rare
1ddbf79273c0eab8add7290450ae594b,Rare
5053b4e95107d7dacbb2b31511ca9d25,Rare
ce6501f8eb7d6d2e6a2c019bc2084b97,Rare
2190c9585d04f23a5b46b77d67198893,Rare
76bfccfdc65827b44fafedb67e9cff5d,Rare
6973c1e61766fea359aa194db3251380,Rare
4c8884c514b5d16c32eda689074432a9,Rare
dfea6dfe89652b3cacd13f87649400e3,Rare
883a0343583b471d800059159e3621f8,Rare
248f5a218d8e3ae3f907e287a4b9d6b6,Rare
b176d822f6f265dd353e1049a28cf9f0,Rare
e0464701f853988b64de7b0395c8f014,Rare
12e5424c198d2623fa646005de9999a9,Rare
ce15308a83881a29f5b23e651abed031,Rare
15e538a3da297ba0d865bef0df2b7bd5,Rare
db3a741ba036092e5654ab7a7c00fd63,Rare
7a639c48616b3bdf6809cad7c6bf146a,Rare
136eb6fca542ac455c199fcb8ec84eae,Rare
d0203b08b83fd0eef27b419eb3c30e2e,Rare
aad5cb2ea853b6dfb98c5c734019b0a3,Rare
debbfa0611cccb3a5e8ce0adf6fa2139,Rare
e10eba40a1bd26faff17ab9eaf1a4959,Rare
e37364e44b4db0129bbe01b8bfe4c0d4,Rare
154cb3ab328974eb8e0fae28f55b018c,Rare
d6482bb2d19bb86b0b65edcca8f3a977,Rare
875009a7fa509de06ab3359f6ad65684,Rare
8e784be74e07502f96b051596ae0e822,Rare
424be19d4c7f322fc41dc0ce6cf8de82,Rare
60816dfcee6a525f366e088ae180b655,Rare
62bbf58684e8d02db4b0c29927478415,Rare
9478ca0d07d7dd78fcdb4bbcbf7d6d89,Rare
71c9b7a47ef62bd2ba517a162b093f33,Rare
a78f281525b31e5b0806dbe4fa68cdd6,Rare
1d95b14f29e503e2c9ae320716cd0864,Rare
4ed64cc44ca3c5e22dca3ddd80500132,Rare
16531367942af0e41eb3d08abc1bb8ac,Rare
dc3aa1b5ae6cb3fe54192fce333f094e,Rare
90b6e7a99c0becf2a7c506eb2cda52de,Rare
b4ee46754a9be6c8da1fa227019292bf,Rare
951671dce2156b0ff2e7c7c08e11f7e9,Rare
b52242cdebd142d72035a6d2f627cfb5,Rare
18dd798a45ac09a2a58c273e3b37694a,Rare
7670d1c4cb0790f34f7d2e8ba62cd60b,Rare
caf5a35992161be9d6ce08212c5fa9d2,Rare
0d1190287dc8343cf26b6b1e8d468051,Rare
b86c9d94c555062c4056a8b0e46d5e0a,Rare
26cba04cf7cdc196dd86d56859d85caa,Rare
935f625b57bd9698fac55f1dd6472c0c,Rare
7706f34a9ae3e07c79f508dc131ead16,Rare
8bc1ad5ee982526c503f4d97283f41a6,Rare
b58f98dd234b2ff1d2eedd7fdc309791,Rare
8ae3803cc30924e0da06d82d52831392,Rare
635362d1985c991032d4e3abe10ec00a,Rare
d3fabd2505dab6c7b1f9e79ec5f8b5c6,Rare
6fdadef1496dd3122158a9ae166dccac,Rare
e3bdffa568a835817f3687d6adc50ded,Rare
0e25e148a450ab58ed798f7f5cf467e9,Rare
f2a63ca41a911352887e50648617950f,Rare
b9ffb3a53f42fd7aa10440ef4b63cfc2,Rare
26466dc6b5aa14d2595a76642d3d774d,Rare
ba8c78d66d6b3bd98aec773418524485,Rare
60c44c53a1aa6f3e92753d9ad4c9eace,Rare
54cf9a2cc176d73f951d190006870f13,Rare
7c9fe7c1539815b874041b79515baec6,Rare
33b9290e51e2b174aeb41bc7819a171d,Rare
46750a05dcc01c11504632794d8d484e,Rare
36e4f78854347cccc954a7645b1f4cf0,Rare
156f8b80d4eb220f6d3123dea1270e10,Rare
a07e83d05f26a1a33789dfb7cb58a4ea,Rare
7cd804b8b079e590e0d9a21bfc63426c,Rare
983789ebbf15ba74956a3116b012d1b9,Rare
17eea3f7d45dcf8cbd0e705e564598c2,Rare
f518668fa4baba272b6329d378e5c9ac,Rare
a1d1149812a8f7ad91ec73f4c1ec7e86,Rare
681c587bee2f85e1d245289b5cdad73d,Rare
2b72bed256519588aa30b9e39fe05833,Rare
51ecf63ccbff9838cd110e66b9ce38cd,Rare
9d5524e7d03415261e4a0e00b6c25e91,Rare
d39bd8b3a0bb3194b9ee63fa60633bae,Rare
30853c38950f79a210ae8060749ae0c1,Rare
b31148ced0b12e500d698a46142950f9,Rare
9d2bb673a9153a463c75119a6176c031,Rare
690f87bdaf1970e823bf939cb64cec44,Rare
b05c11eb5277b42f428959a6cd8dfd25,Rare
e36182be3685accb1df348dbc559cd06,Rare
2e860a51a5364527197614fc2a009999,Rare
ffd1ce19f71d87bbbd4e77b87a395f1b,Rare
27c578607a222bc5012869c50f85aea3,Rare
d6305b1d84259886c80b0d7ac16e979a,Rare
c5e88b94c5a101c0f7ec90bed971821e,Rare
b8da7b7bfa706007e0e5094c79daa361,Rare
885427b1ecc353ed0f096c9510d3dcb9,Rare
7c20964ff9701b8dd4e5682e6ac77bc9,Rare
8bd082073a51fd421cf32516d4501825,Rare
8499fb5b6cb85e795973b6122270fa28,Rare
dd7f12b6de49af9147bbcbd8f130f3f1,Rare
9f6f1a2b5cd699700f54983d6cdcd5ad,Rare
d854b2514170d6e1b6553d2c54fcf3c3,Rare
1e7b1b142a2c667cec3c2db5101908e5,Rare
4aaf8e9705bff3390e82e970786bf2c8,Rare
4a0353d43473443338219850f9ec2f4c,Rare
cc5bfd7b0e36be83a1e8d91d3957ab81,Rare
25ed274267648b1b8c50c2f446d7ae6a,Rare
359e435801fc1a05f271cd16cb322c9c,Rare
69908cd6b41bf5f300e5f5a16810e832,Rare
5d543e668229efb849f4cfa9bd32f74f,Rare
5d78d4d8462ea4ed1894391b408ac0ed,Rare
af7885db2c38ff973d709797816d1bb9,Rare
863798896a7f33192fad625cf3fcc58d,Rare
e7cc650fdc50ed62e8a56ce594dcbfc3,Rare
4cbe5eea0cdfacbdad81fd117d051bc3,Rare
600d905de647c8169106345e221de463,Rare
7865f95b8065e1b70cfd365190e6a0be,Rare
d49020785db2fa26ba0ab47164b876ab,Rare
8165e6ee9aa7936324f54d635afcba2b,Rare
9ad99f5fffdd6dbac664d54714920ade,Rare
450b2fbb7e80a6ff7e19aaf680a73f7d,Rare
b1abdd70d1bc5f24dd2926892f18bb2c,Rare
c62c5138d6de4d7a2c08e66b27ee7f5a,Rare
aa587d5c8a8d48cab3bc8600d934d83e,Rare
aad32d1b2ecbbfb84248f391b550d904,Rare
1e7631b1cdb70a49635b732b9f3a99e6,Rare
6ce514397621a9c4537beb2bfe260496,Rare
d748fad5a4f9bd11c57ffcc8c7c7481a,Rare
18fb13fa1e71612359697fc9c45cf9af,Rare
b336172a4c0014d38f8664e70620d282,Rare
85d1a18349948f91fae45feaf5c0708e,Rare
43ae4f90a53dcecb946486e28c8cf464,Rare
4b8e0bd7c9e44fe21c40d1cc3ee94026,Rare
a68e39ad9a4ddca1df6df079cbcc2891,Rare
c5c056fe796f25f8be8473907602d353,Rare
01c5ce263cfa17a9c9fd7360fb035062,Rare
da459d5d5f6511324af408717a7beab0,Rare
c548e3215c884dee1e344ddde6675201,Rare
34514f6b806aaab583373a81f0b7546f,Rare
4363e44e8111d8b09b897ea2609c984e,Rare
39b0971bb36c2ad7dc6b3c6bd1434887,Rare
3c69a13cd37bcc92305ecf4a657a1059,Rare
82a012289c8068b45f77a58ac21044c3,Rare
7001f2d3f44e3d8bef6e3e5573bb2a3d,Rare
950c8a648a4d54308a19538cb8aac9c5,Rare
87f744be71ddf8b06ebe30c7ed9391b3,Rare
de17be34e6e9d1ae5b72065c7c859e16,Rare
65b96aeed5ef0cc5d04d9a2d54c3cca7,Rare
9cca46163c9ba1b8e048b26e6c24b178,Rare
e9eb68d780b4b260e7f69a1bc1f105f0,Rare
cae2c8105b4daa9c9f24eec2e4d779a0,Rare
61c9382294ebdebab86966dc74e8e08c,Rare
0360672b4880ba4f3cf8dc2df0e5c748,Rare
71f79c18860817ae1996d64bcdbfbb9c,Rare
6d8ff0cee5a99b91f29bc84f191801aa,Rare
1b27db360a89394860cf942f6e51d1d0,Rare
a106a3518fd443c0b803383d547278c8,Rare
1e7772bf2cea1eb7f644bab0d9b726a9,Rare
22db26e9f7b4f0a5102b8043049ecaff,Rare
a562a1f3958204c4cfe40dbfe9b08651,Rare
f77bddfa4aaa8edde9b61b286f204bf3,Rare
62a06f2e2e49742a0b637f1bc446f74c,Rare
974ebe2a8f7c38d9090cc65480c0cecc,Rare
70b525bb087d80864b8a37d6d96110a3,Rare
8de4cc8610eff5bf159ce515dfbbe3ca,Rare
c86c7353af172f39600aa47b9fdda65c,Rare
651d276164e83c7f62747eaa7795dcfd,Rare
e888626017928a739bc2b3ae7babf7ff,Rare
7705ad5d7a05ef11696c02a9a9819e5e,Rare
c9f97fd0459ab186b21adf3effb43b78,Rare
9428ee2c9f2b81aa2989a8b7fbe0a5b8,Rare
3ed819ae9bf6c29c0e6fddd87b10d477,Rare
c39a3320156dc33bce6b084c578fca4c,Rare
fef971c32ff7e141a91908775bbe2bde,Rare
000f3da1eb6182ca39b68199c73f6612,Rare
a971d8e8bf087def7d6721b89594450f,Rare
490cc638a90b3443d83b9412b55bab95,Rare
0cb4d27fa95acb2b3bee26d5b5387cca,Rare
ad3f7af0f77bbb9e4976a80eb8919764,Rare
e4ba2ae7d4255bcfe9dcb8107858c191,Rare
0b235420bace463ddfafb9827324d5f0,Rare
a9c3d3230b16e621fffecad7ff377879,Rare
63bb74edcb54eebf3b9d63f75dc4df78,Rare
25e9db060f7ddb3889dec3eac9696e35,Rare
0b5cadacf9d447c1af761d32e26f983e,Rare
ff947b98645d3577127cce4b135cb4a9,Rare
c5d13c2c43a4a270b9d263f08765506e,Rare
4075219b50540aa71a79dd167ca1861e,Rare
9a43716f727aaa787dc75c9c80a634cc,Rare
0fcf77e439134821eb2250340a46d133,Rare
716c3a183f379b15574c04adcbac8b0e,Rare
8b1e7e09c432df1a61ebd62cd1097a74,Rare
bd24a4566b710060396e346180d4b8d2,Rare
8bbac84e076ed08a059bf267472cedf6,Rare
9ddf59e4c2a51905443cdeab6edfd44d,Rare
c076f9b5af64680f133d9fb76fdc2d8b,Rare
87df3c3b49e7589232504a468ff27a73,Rare
17af0250be8ac7f3b4c2343ae6837531,Rare
64def61d56821415bc05289c7d12f497,Rare
d1d434a8343affb4ba7876abe38b85fe,Rare
7963c84a37667b0727f8db9c87913cb6,Rare
25b316bea09c8e954d78154543c700d0,Rare
baeb965fddcae7083daa30fd32f04df0,Rare
77c3dda4f19c59ca448b965a562975a9,Rare
c5dad48882cbdcef65c12641df8dc8e7,Rare
19dd8dc3e1a3219527ae49ca17837528,Rare
79262455953613ca145153fd66d3cefb,Rare
744e39d7ab0dda153e6215d8ec455219,Rare
96967c939b79ba77e393d0df6c9cd0e9,Rare
8b75c3ba6fa801c1039098e24dbbd8ff,Rare
f0dc449bc3bdc6f16a517a30f7570ea7,Rare
f356c205d8440b9ac23ca32395f4095f,Rare
2cad1bb3144e5a618a55a090f3006dd9,Rare
f0fe2da765f1e81c5480d7fc965d40d7,Rare
8692413a4e659940f588161b4386d9a6,Rare
c72b549ac9526fb3f8bc63afa875391f,Rare
35f1579a17c920589b537e971eab7426,Rare
857605c660b3b8dc181d238b6bf2c996,Rare
a4aee4d0db841bb681e1f21a7ae5c64a,Rare
462082ffa5a9ecbdb232bac50b7cccb8,Rare
92fa062c3e93e62afbfb017e53229c97,Rare
d9eafa1a93916944dab43c1830043562,Rare
e55e29ad027f8c3349d4f0de2ac9f231,Rare
eed9b3dadf2495f330e7d7dd9d1c4e4b,Rare
7c7be0dc7778c3c690a64a8047665c20,Rare
930211e894083203d002b3e64e0ed7d9,Rare
bd4ee4567455ad2f74a5d5386bbdd669,Rare
026971f5c046b2b041d4c67f85bef22c,Rare
76baee6b2c03f31269e96b43568ad922,Rare
093fba8ff9130be9a3ce305317fa6bf9,Rare
6b5069e376224f78d45e25483cdbe4fe,Rare
6fafb62980cf00334d0d78a1e57c90f8,Rare
e814d90e4b1c834d8ececbae4d5e054f,Rare
bdf474a4126b3314105e83e7d2434bd8,Rare
9af01afcdf76ec2bc0dc5d2295a0196d,Rare
33d7ef7f3682d51ae68996b8b9553a0e,Rare
d1fc2a9e3c6de607dfce424fff1047b5,Rare
3d2f125a168d6c4e095aa3543f7c523b,Rare
a8e5d01f59cedaf7f064eedf318c39a8,Rare
47568df3e4a70d40ab5b2a73042c4ba0,Rare
f7f49e7d700e079c59dc68586ace4668,Rare
e95dafa32a0f833153b1717efd07d22f,Rare
6e38bc1295fa5477ac800b5c13b619a7,Rare
20387b022240eaa22349277ff3fa50bd,Rare
0f0a366a22b325536c2670f16f5db0aa,Rare
56ce600d01741062a35e925e8ec252f2,Rare
1185e7d64610affd013f85eac25da9e2,Rare
67954844b31ddd387299a9c721d29e58,Rare
95c340b4298c8ef65dbdd3ac10085454,Rare
a6a9466aa376ea483be9e8a49f5dcfcb,Rare
73fe1791b1e05c89365015935acd0ac6,Rare
e18f56a565eb24e37cfdcbdeb035cfe0,Rare
20af81e2fdca4b964c6cb71454021010,Rare
200f59987cca94359b56c0cfd2b46029,Rare
2f21839bdf9bac8e5cb4e1ba7cd52bc3,Rare
752940fbd0641467d66d0edf2bc43a78,Rare
8bc779c1ca0fa4825643c43589e0cfb4,Rare
c26d927e4934234c243c7d495beecc3d,Rare
e39153f9ddc1c1220728577922b63539,Rare
a091c522946d1576c29e4e7f1736d8d9,Rare
71116ec0814bcd9c3a5bc6207575516d,Rare
b7f33a2632807f3d122d98027ed73014,Rare
142874ea2848c15f24c4fc6bcaeeb98d,Rare
2473768c2c51a008141b50780da9c009,Rare
64bedbf1427325662c6f497d80445e5c,Rare
4cf0661aca2d3496fd7d39a20f560ddc,Rare
348b0085045f38777ae41b5f3d04621f,Rare
f2518edacc115347b8265cc5b1b50615,Rare
bc042f46161ace1a74c5082e312801b8,Rare
b3f0262ddf6f31f16fb63feb85fc98ec,Rare
189826763b534d02472764ef2688329b,Rare
7d28f47793f356041f1633c3f2ef4d4d,Rare
243ef922030f1898ca9afe4f60b74da8,Rare
b3fe09f911a773bb0c3bd83176fd8400,Rare
fc47f7d37e1e278925cf3bd929ba99ce,Rare
63910116286641b1e0266c07c5bf4af1,Rare
8bea7b3d318cb187d887e7f9b57a38c3,Rare
3ff6913309bb1b535054fd2794de809a,Rare
545789b0a39a87d08dc7053da555c99d,Rare
2b0de9bd078745489fe0e75afa8e07be,Rare
f4a10bce21b0e6c4bab989615d602ebf,Rare
e2e06aaf7f77ab538a1451c3cb85d6e1,Rare
204e965a49a513635df6dc7c4fce4360,Rare
e53a6030aeda0b95043d74102717cf14,Rare
d15c45e8b93fd45c66fabdbe4f0c7b9c,Rare
acaded8829b46d7429f08564f86ffaf7,Rare
8788ae4e4ae08af73f3935dc8d115875,Rare
d05a72fbf1b9980ec4d4087b213e0594,Rare
3c50babcd98c85ace52aeedf9b4f8816,Rare
f8753a5f9582b2600905248354ffc781,Rare
cafaec20fb5af6e4dd2cfa4a5ef2f5db,Rare
b81ca9d9176f175c9cb4caf947f28c70,Rare
fa84985ab76b533d0b6ad068004a2820,Rare
0c4f5fcc5e56cf9f86ff896d67c9ed8c,Rare
e8f3586c1164bc4977d92c851ef9bb79,Rare
b1e89f83d3588f77417311462ae25bf9,Rare
1d554166e1ccb8e985e10ba31fed186f,Rare
836955dd46adb61c96315648c61bce81,Rare
3b187a20f4021248761c714ae94093eb,Rare
745e3b03270cdf5b0dcbfc82873f78a3,Rare
49a547f1fe3a2604e796bdd141db4174,Rare
624aa5c16ee326ba163775cb843d34a6,Rare
81621d5501d88b4f8ab418dab1b79ca6,Rare
fc8edb9df368736620748f8a0da0d810,Rare
98cc30b1496c45b5056199a26370cf7f,Rare
e66f5b9b9600f3ac0833938bed3e54ac,Rare
86af5e7822bc62b1a8943a8552f2f69c,Rare
85351445a991502338e6134eaad60329,Rare
525ddcd17d03dc7e1c1eb0a3f4772bc0,Rare
1691cccbe7dbaca1af275e17772f503e,Rare
e49610de5962600d3201a5dd02b6382a,Rare
311cdb34fa6a3ffd82ba695659d19495,Rare
f6a99e527378bd824feebeece7fd0aad,Rare
c4506014bfcc3062db69fc63b5037227,Rare
b663870ba7d6504c07f24e17dc23728f,Rare
55ffd1ad2a736545e10d81325ef7ace3,Rare
99bdc33e959ee0dd70e18efc1db74084,Rare
66cedc0166ae1ca9a5d22622854ce786,Rare
29cfa8e7266f165c200049d1b4aebdbd,Rare
f9c62b02b3cb290c13ce46fb5dc9e31e,Rare
4a66ecb2fc44ac694f1b998292301550,Rare
ef8671320dc3fd1d6f8fe3a6d30c5995,Rare
f74a1fe53560a6b40756d5d28d07ea25,Rare
cd55964cc360700adc2efec084d634b2,Rare
8bd1f4848f5d9838b1096feda8c14c2a,Rare
14d478813c737ac23a760b985a0b0f14,Rare
7a55b00ed74dafd0a05f48d3bb3006a4,Rare
03f50915eddcba434a3f1e21b4b8c078,Rare
4da07a994b3e1b64c4a9e14218924d1c,Rare
5620ddacd093976bcc7a00c0151dfbcd,Rare
0c69f6a117600bbedd61814657873792,Rare
cd7317105839bda4f1b16540728eddd2,Rare
087969039b2cec062f317931ccda49a8,Rare
2f7078ba9d0d48d73705b44ac34dbb96,Rare
fb30b5c9cf9638eeeff34c47228194c7,Rare
935970087fa0959b9d0cbe383d3140dd,Rare
2a384aa634df67704ab77d39904cbc5b,Rare
b3150da0f51ad7d46bfd927e5e90a42c,Rare
853d2ae2e7d791ceb565ca2b4731e56e,Rare
f002ac449f70e036af833c317d73cf85,Rare
77ca970e6a2277289b6c9653d21d8b8d,Rare
e7314a0bfb6250cbbca10e0325ff32df,Rare
05acf8d1e6f730dc535bcb2d809b9a99,Rare
dab12ce507bc1949d82e0550ccbe98e0,Rare
68f327e56a43028fa5e01fcda3ac5a36,Rare
4312771ee3c6b687cfcf8b04afdc11bb,Rare
e71e704fe3421f44d0c95fe65253cc05,Rare
230d3b94e294a797786d161d6187891a,Rare
6645b7930f0945b19f5ddc61e8d545b7,Rare
8b4bc7fe9e1e93445c3675289eeece08,Rare
51c21bcd1799426a076894b1f9b69127,Rare
59fe7b585ad24134ad52c70626e0ea7f,Rare
f662b5cc4f9afe93f0e9c206baaa785b,Rare
013f326ff55535a82defa3934fa5e9e3,Rare
24ff9bc8a3ab581d788e5115f857ed1a,Rare
fd2bbe7daecc6029274dce9da4b9af61,Rare
d79df20800dbb9928ff154c6d6d49281,Rare
0815e1c4b2dde72b4854d4aa514cec13,Rare
32cabc7e692f3de46ed9948fcabf598c,Rare
6dbe3d0767f4a739521d1ca7593aabc1,Rare
2a593a1d06b60c3ef1da58867e864642,Rare
a2ad7cdf866f3c7f7aad0265a0cc7ae3,Rare
2e53e85e195a997da80deff006ebfb26,Rare
1c0b1218ba32e56e1ddeba3e1295ad12,Rare
c0f236253af3c143cf23ac0eaf3f77b4,Rare
9cb9e7538a115fa18605199112b5d75a,Rare
40e70db7fe8a9ed8ec18d05bff4da7a1,Rare
dcf044c60b2e68acd2fd12236eb148f6,Rare
03a317c5b46f1fa67ba9c7e566e9ee19,Rare
897a93129d3bf5bc0919e2759ec2a382,Rare
abd9eb2a95aaf63f5510160c086bc8ef,Rare
4edd0074013d308a0475bd8c1e3e0b1d,Rare
3c58aec9d5b8897575a07bef6de66135,Rare
c34c156bee1d495c2cdb3ffaed65fc59,Rare
bb7353463b9e0e7b1b937701a7b488a8,Rare
2414ce8ed0d05ddc39ab58c6a5f4fced,Rare
d8de880805c1bd30c66ba7bd485b698d,Rare
17ec1db8cf90be3454dcc80496181145,Rare
75fe5c3e7320ab9801b9f13db8449bba,Rare
3a1084db4763a3466593d90b8e9ccb9a,Rare
78bf577ebe608d3a7e6c1022beed2a6b,Rare
a498f195c7ebb8ad56698330c11855d0,Rare
70964e528dda5bed0af19bdd67d7d786,Rare
7a4175b93769deceb5bcfaa83dcbe543,Rare
b55c163b123b32c0315b8e0de7ce50f1,Rare
fd4aa04b64024070b2820e16539983ad,Rare
69ec05cef2e260937be881fd907cf3d4,Rare
474f404aff4dc3cde30aafdb2f3e14f4,Rare
39da671814d2892040eb712f9dd3defd,Rare
1570218fcbd2e4401b693fdf84d4c8b8,Rare
248d537f853351883c75a78b995568dd,Rare
1d7282da4adc8b76301eb98db568057d,Rare
a6547cc282dc0b91ea13f593eb1ef034,Rare
baf22208e82b453a48c7c939947fee64,Rare
6f2db7fc57d6eb377de67b74164501fe,Rare
0f86c81ffaf6622fe5b140ce2bb3ccb6,Rare
2845bd9060523ff817852fc55891214d,Rare
ceea433e18e8f2d2fa5ad16ad79dbed5,Rare
df021bce595f68a75e8e0eb643efbe0c,Rare
0586bbc552109d90100bdcc7414476be,Rare
b6679531c59bd6ac990cfeb7b33877db,Rare
cdc215489700689b869e971f3db87137,Rare
be49fd208df94a8c2b16d5a7f167ee81,Rare
449132ca388634f4e481b22dc292c50f,Rare
ff3031200d6c91f0deeddb94236758dd,Rare
7a70a7ab5b3934bd5b0e3adaf346e6d4,Rare
4395553a664162f1d3cc68e0dede736b,Rare
651ba96a608c83ee991389acf0e52aa2,Rare
089fc97931ba38921e5b75a32329ba32,Rare
8751d52c8fd3c767fe9ee47379ebc3c6,Rare
e6543295276ca1ff8ae19eb087606508,Rare
a58bfa064230987e6b28663c5f5e1c8b,Rare
ad485ba85816273a4a2ac02696fb3e08,Rare
8a8b607cce7bb7bc7988dfa5212e6c7c,Rare
e0b26ed704ea6688b14366c8888ff248,Rare
60ac727d1388c7ed0dfebd77b0544d95,Rare
397d08528bb829b9dfecee9105e98118,Rare
d4918a4a21f2711f7a9e4968907cbf5e,Rare
fa998584a10e9f35165d29ff81323140,Rare
d1a8109a5ef314c0451f88dd558ce085,Rare
e1add7bb5978c77797737a0b74813df7,Rare
25c46f916a31805477bf4f5954e726dc,Rare
78ea4c1ec71499ddca2f95b078556de6,Rare
157ad02f75f978a8a3e544608f20c0e5,Rare
3bd8e178672134c70c7084474e77c977,Rare
4a597583c4e4932455c9f691955b5404,Rare
632cdc6244a3d6b6f01aa2e6369e05aa,Rare
e7dfa27fe535307613d17755b110fa4a,Rare
b7fe5ef5506110005c6f6c57b0e08780,Rare
2a4541ce5113cb2f1e7f2bdfcb4a8778,Rare
4739465b19b29a5d3db00ac73a019d0b,Rare
00dda1d4feee53a88fec77f8a3ce681d,Rare
bf223a53e47a67153833e462fbd295f7,Rare
e705c6fed4820d30b5f1d8adf6ce7a09,Rare
832088b8c2d8251a1c490151f41c3855,Rare
f49276f1706f4f66ac4c56a81a00d109,Rare
12de9d22c2517c8a36cc79978eeb4491,Rare
13c5b25b7bc254644271bab82d5f6186,Rare
4b75c8d785e0d2c981d594b72c11febc,Rare
50e9a10bedbca1885e4f7978e5536e67,Rare
4b34b3952c114ce8d9e77ea9fc30cb7b,Rare
e73208c47f03dd095bfd5d76a15d15f9,Rare
6f9f41cdfe3600ab74ba98013efdffeb,Rare
d8d67d2f7b3b5b300b7f06799b891507,Rare
a9c45809e77cbc77422b999a29a40f43,Rare
ac02ddc0242a09d4b673bfcfe5775952,Rare
fc9075f5884ef67f94ba8c4de0a610b2,Rare
c41460c45ed0c279de3d279980c2f22e,Rare
3edd760b1e01d84cf78c3d43cddf8e25,Rare
a91fbc9215a98d65f000476278348ab8,Rare
798fb14c673e5814f637e4556bf6a4be,Rare
28992daef97f35448e450afca905999d,Rare
602211b37db1f48088ede8ce33ad9abb,Rare
2dc5862187502255d6ba32321255330d,Rare
d652adc06f64bf7e62c947685afeac46,Rare
afb028285197338f3d6b485a20489194,Rare
9afce27b9fcdba58594a3247ea571098,Rare
b02da968ee05b4be4855956041ba92f4,Rare
2b369cd183b7f6aa4fc52690182e9169,Rare
e0a9c35ab9a2adfe76dcb9e9640c3347,Rare
c1f79fdb002fdb0b8fe4c3d34bfe183d,Rare
6c505a4d447833402872e5d661e7407b,Rare
a66b2f48a0486cd08441382a20bf2299,Rare
3e7a56d6762fc9b6a724476b24412010,Rare
8f0251a980230bd13b30febfad22d189,Rare
9db779b79d0efea6b20f321209caec67,Rare
567c474b156c55425aeb28b12498ef47,Rare
d2d27bcb26f0a865e0db593ac9f65ec1,Rare
75ac3da6b9876f54c6567a6ebd518310,Rare
d3307a21be80fe5dadb395bcb881c0bd,Rare
36644086a3b40f0fa22e8edc086e6c56,Rare
9753b4d9eb2949d88f7359b147af68b2,Rare
fffedaea7d4fa76a5ac73ba8873c71cc,Rare
b9ad57b3c8df6fdc5a23ccbb9875fe22,Rare
b4aaa1635b2773286d2aa9016dbadb6b,Rare
539801bc025f4256817c197c72814cb6,Rare
3c144d2868869bc22b664e0df07e7311,Rare
b340a4830e7785a1de0972d0f6b4322a,Rare
50ac974310bfd2ec5ab60379e73c1f50,Rare
cdaaa7a302f28ceee5f48f4ecca69b71,Rare
9e3b181a0c33409068b325f2093c3290,Rare
bd4de57cc75760280996f6e12fc22e02,Rare
844318ee3d3ecfb15a57cccd4f3ea935,Rare
c3ba7de42b552e36571ac5436303a0e2,Rare
d0bba51f24574e6877e73976ca1d5670,Rare
8ebe2a7289a180c8d85a97835836da7f,Rare
b86fabe28a680ddc29669408df43b6a9,Rare
ed3388192c09466d809f7ac8097b64d1,Rare
5e755cc3d96d174e3fd10254d8ff2eff,Rare
e0f7ca04cd07d9a61238ed9b53bcd01e,Rare
29533e8d6222bd1dcab96a29bb59b4b7,Rare
94c9f67836eedeed4c7c0bf6f0547247,Rare
60f021e512f4da00ec8b9ce8644f584b,Rare
c055c1b582920706be9cdb55ba7d00c9,Rare
cd5a63c16dbd5804c98c69a4e71ff161,Rare
c442205d7b6eec2ece43fd53b9672c46,Rare
8dcbca539284713a3ea3bbef5dcda043,Rare
aba90783b06007e8ae79b83ba64d9ce2,Rare
4a5df3003f6de972653b710d2d01c5cc,Rare
7224f37c5ffa95a7694ba1b0989513b1,Rare
3da38a23407d0019976c0b40df9d5c8c,Rare
8d1be9c74aee561433fa55ce91bc7247,Rare
fd4fb1026c93cfbf1a2a165507914152,Rare
1789aedf466b6aa2891898953eac7777,Rare
94d6c82652ba5c30dfe8da35f6afa3a9,Rare
a28307bae1ee48dba8223c44ca8feb8e,Rare
bce12e52502151cc116d5097da268870,Rare
4d15b677bb6306e52f8fb3a545d7f442,Rare
993677a9cd3e334775fd09bb63f48f6f,Rare
f827fdbb6a1b51a1c73cda039e60eafb,Rare
c6f44a80b148d83a7572fbec1d5bddec,Rare
d9706c14c4929964f4a220688c9abe7f,Rare
14dbf8706a26f394c91ecb9d3b437439,Rare
5eeb032b462487563bf1ce1f0e49a984,Rare
1f0a35543f385c8d3fef84cb0ea7e78f,Rare
aed8e434d664cce1654f7db0798d3b48,Rare
d8726df5fbb245b80f79fbab1db5238d,Rare
f18708227d948c507fa7f00c30ebdc70,Rare
aaf923204cc176c3be36954d60fbf9c9,Rare
99bf4546436baaf4fe4d4814f26ba9cd,Rare
f562a33909f0110cad11ebcbaece4ae3,Rare
d75c9671fb3636438883227b2a6eef3d,Rare
cd4a09f83fe71dea31718e88dd5499e4,Rare
59281da3dfe40840e2b9082b090e5438,Rare
5e19c447827e39ecf8c0008e5244bb56,Rare
35877f4d7f294e38ebb26346a74f034b,Rare
a43d626da77ce5b6c781d839714477d7,Rare
ccfc46808cf0b7b366e918e47c0004eb,Rare
36632c39b4bdea9c3ca832bcec658fda,Rare
d9047732422630e73fb302051db31bc1,Rare
4e06a798cafdaa8a99eb59bd87240a80,Rare
eed57759ebdfb647f0068aeed4aaa235,Rare
01f31267899cd5bc2d21735c5d52db3e,Rare
90126c77570321bfdb696591c273eba9,Rare
4b4c554584ffa2b816848a74337ec2cc,Rare
9da17ac13ab99645de9b025e8d0060fb,Rare
fd41396727b8e03d86247c9031cff7c8,Rare
207c46fdbfd2000d99738911eb63a735,Rare
07bb88220bce8ac526de21555abb3810,Rare
771992e63a40d589212971145031c9ce,Rare
fbb44a4251fbffcc4e0acfb055ab3f1c,Rare
def9de77d82ea193a35bad373d8fa531,Rare
637e830900c2e8fd35bba0b9d90d715a,Rare
bb13bfeb6c5b9131a59f23a3d251f5eb,Rare
13c732aa803aff22479d0abcc2591d61,Rare
0058ca606c698a55aa9103b56523e100,Rare
9975b6ae94f07ab79f28a0f53a202f44,Rare
c2647641d53f6e8bd8476f985c77c67f,Rare
54ec246ef457ab28395b02a624d6a3a0,Rare
0b36c3efe654e0a898b528725de3ffdb,Rare
0ca7afbfc5cd3600bc164ab7644c12e2,Rare
c1f0018f823da2ba72b875b5e7ed1ae2,Rare
4b24a47b745652b68e899453f18d0740,Rare
16003871e62ae8e7a68128c9b9caed84,Rare
2087963d1c23f95acefd8d83d87aa290,Rare
e4c5c599298b4f2875cac48cb879f433,Rare
b974f729f94f8dc7aa5044ea17a23b6b,Rare
713d81deea6cd586560965a5fa8bbbb9,Rare
ed930d7076a7de8954d4faee699eb2ff,Rare
20759650751e7983c2d9f661fb19707e,Rare
792a803f4fbcffa467345e8a9f68d484,Rare
770957d9c3ceb41f64b0c39b1aaf67ef,Rare
428b25d2307a15c803a6991da5f3bb0b,Rare
fb79f29df133655f6e354c37c6ffc586,Rare
8706605c4cd881978c1c89d7d72be0ed,Rare
aeb250b1aea5d6c56b12476a9ceb7127,Rare
2b6f2349f58e29231c51120b48905c7c,Rare
48514159983b86b6ad8e1efbf0ff779e,Rare
d2a20f68802f0e270eef38a541cdd644,Rare
cdda8177956a4ba22e898f7d1b256b1b,Rare
b2fd8f7544f6644e396a8ffb771d29a6,Rare
2d1da9adb7722facf6aa21a4995b54bd,Rare
8efd4c0cd92bf154fec98d8ba390820b,Rare
839918a7ebc29e75ee3b14acfd66fd83,Rare
9a2c866fbc665962bea3b1e542e7c377,Rare
85c85cbe3da6eba4755b352fa4f0f852,Rare
979f718b87e843d3f6edc84e1492fe1e,Rare
743cefb4faee5ce7026cd23e37d7c65d,Rare
fec8949b22b530bd7cbce1c599667349,Rare
ee3fbc4ea59bd983c00aa9fffe45e2ed,Rare
68d595ea9d46f4a5287d29b9ce76095d,Rare
9499dedbd6a183a1a2c5a164651991ca,Rare
d64348747c22dad830d6a6bb91bed77f,Rare
e3625e396811531ae224ad8281aeb985,Rare
0261146373703345d6cd41a0770c2cae,Rare
12f3f24bc54215575bc7b6c34c97200b,Rare
6fa1f7e46b936f619f5d432e1059e76a,Rare
50a3bf3aeed0fb53fe92f46d27be14c8,Rare
e7d1c6be3f736f2cd2b2c0b5cee8a25d,Rare
1a399074d14ba6fbfa1db2e20b1640f5,Rare
d58618e2af679557c3c586e0df303cfe,Rare
10e1da0559d2e25c34daaa95d98bf2ae,Rare
5092d7d6bfb2df2fe1f0ba8c11e5317a,Rare
de27e25438824f025c44bd485f58a499,Rare
ebcfe38e0366412998061bdfd1f40932,Rare
a286f3c97296c00ec6c0b5c3a0f7334a,Rare
ad41a9c6c570267e2dfda27ee0d1d6dc,Rare
974a15161df3eb99d0cf474b02f3b3f0,Rare
dfcade6ce0be322982f77385deae4635,Rare
15f48e8e1f99662001df7d036765f0d8,Rare
e209f499e9b2ae272730662b6c3621ee,Rare
2b444105cc80d6e4652b5a8b53c188aa,Rare
e34e81f5b11c81590619846eb67bc7d0,Rare
dca7bf33dac9b165e104118652caeba3,Rare
3c9a3ea87a9068b40dafe7c8bef53c6f,Rare
9fd924b068ded52cbae7586927ce355d,Rare
a83713a2d34fed987e3e4c18585bd885,Rare
38a5ac3f1adb4a8e8175f68bd5b9104b,Rare
72734736af73164e77c06205b201bccf,Rare
d9a67409f3b3a9279b6a4d8a8491277e,Rare
b2104efa68af69e442b7a2b4bd5990f9,Rare
d45d8044fa19076bf3661c82d66b11c0,Rare
cca9a81b9399c45d1710b1b212fb5edc,Rare
e92860b8c8a1194a2de433782e01e780,Rare
afd591eae3c7d2ad6c706bfa14f53280,Rare
07713e4a7cfcf776bbdce03558a5303d,Rare
4d0003bf335bc312fa2243c9ffb03a82,Rare
23c0f80edf5e4bd15ee9ae90c7c3c675,Rare
47b150a6f52d953c5f02df62beb214e0,Rare
70fb9f5b2c4767d0b8fa6333859f5a39,Rare
2dc0265e0dfaa0e47a2c5501c5781cf5,Rare
c04d250c0d30c4486e399054a1640fbc,Rare
bcf3c94570218b4caf278208233a868d,Rare
e1683e6cc36b6e4017c7ce354fc1a08e,Rare
337af0ebe1af12baf005dc90b13d2b79,Rare
34299e0e8ade67f7e4a882eaf9acedf6,Rare
86b2ea2351be63baa965dde1af88753b,Rare
d77d9f6537906af7501608f15c642989,Rare
d1ab77f6f894250261cd5b3dc7392858,Rare
8769a50653259b306bbe5dc8eb91148a,Rare
068f2ca9887dc7aad1c7a0503bd1855e,Rare
43d55aab5b363bf59afeb0d1d7e39bb1,Rare
17872b38a3741d808037655808d02f6b,Rare
def68aaf99aa0e1a3a9f7cdd308717ca,Rare
52819883046b1f8990c0e8447b884be5,Rare
6b55b6d3099063664927e10062991d4a,Rare
bba6480404f981be729cd2afbce54b84,Rare
f6b574a8a794e75cbb78f82ef141cad5,Rare
80cbb52f3e16e2e9a15be7c44a7d9058,Rare
50c20812d79c7de06808a9ad8a9f803f,Rare
a221fae563e94956d212d5bd0d68bda3,Rare
b25d3faa0df07fe5829683e84471d4db,Rare
b778b5bd835d2feaf91aa811e6f58930,Rare
80d1152e1b44c574e4e2692234060256,Rare
a528907cebec37d836c60596e292ae42,Rare
fe38754aa0689b7e25d060c8eb9ef9cf,Rare
83a08ae31144f10d63aa8a2df21d09ca,Rare
04de3709b37f290bc4dc759bbccd7f42,Rare
63681c9b6e97229d94e972e570e78407,Rare
9d076f7dd9f5fde9622b67f1c0dc69c5,Rare
8ecb76ca513fcf4fee79e95ff36410d2,Rare
fd870b317f8769d664ce6c118c5e1d1e,Rare
fb6547e5412dc08916e6fa0f341007eb,Rare
8c7c09f0b43c2bf5e35fe8ed4949c4e9,Rare
41375bf427f50648c8861dfed292bd30,Rare
34cb51d9934f78b85cb5e2f6f221c3fb,Rare
e9aeac4565708e00449e41a89eda05c4,Rare
fea8475f895a0fe3b4b4f6e5f57dee7a,Rare
d1af9867d23b55b5116d20f6248128d2,Rare
3c226de8a771a28b2cc348c325203ae4,Rare
7035c02903c1a9fc9c0c29b3b8643666,Rare
d5a7dd8c380de25c79e8fe66d6367190,Rare
b06c6318c69cd5898e851a5b41089e6d,Rare
546f7ad2cab2ae11332e4d37cc7f6242,Rare
4f402c664a02af10766649d65c83b5e4,Rare
c69fb2adb5ea93d1bc043600f6b445d1,Rare
86ab3d58ecf525c64f8da5abe9842b57,Rare
8e232a37a89782d2850763f6b156cd2f,Rare
c683e3037c1d363821b71cff1e339a5d,Rare
e35a49523e2a93ea8e19b2f0368aacde,Rare
2da8b1d368200b070fbf7180132e7dad,Rare
fbacc01cd11aa1fc144af39abb9d6baa,Rare
46499f983d7d8afd96127c0913a990fd,Rare
bc6aa2f17e8026c17b6538764a82d277,Rare
08e25b8821db80e23512b25ab409d897,Rare
7f0e49f24c7be21f3b8de80dd5182d3c,Rare
dd7f2dc2a4490d036561a6a48ec69732,Rare
c8ae8dc92d8bdad2f322d81ce67cde02,Rare
3ac749d2bdbdf0bcdfab6ace1c27f4b2,Rare
2729b05cf103f2c782e92ed60a465529,Rare
8d1822b4c9ada0b54864b42e4c009f6d,Rare
0922511e602252ff3068037ae7b22c95,Rare
10f9b3626b29763b06ad7f12a0b513b8,Rare
9245fe1c8b7427c5f2d8d01e7fdaf050,Rare
11cddc489db9190feb005464d8f393a5,Rare
adbd9ab0ff2b2faba11801f6065ffee2,Rare
37303541523260061c32d4b50ec959e0,Rare
71889f6273b969f09728197968acbaa3,Rare
5a561cd1e59b1a2f59ef18752cb409fe,Rare
93af19b5f6f289c60539d7dda55fc68c,Rare
d07846421c4b08da8aa9b4002b7f8be4,Rare
0e97056beb5cf7eb4bcb18b4f64042bd,Rare
afdc3ab15544c01cb076002475ea78c0,Rare
3af60390db0d94e5c38ced7b340b63e3,Rare
aa1933c457dc6de3de48245237f19c1a,Rare
6d54582541c009898f0cb18fea5ee83e,Rare
48b316e767f80327d3675697fc664abe,Rare
7070207058d4d07147e30a3afe4fdad5,Rare
0353d2dda98e0471cfd98bdf8217dd8c,Rare
c52cd309b700cc20a7afe43c1413758b,Rare
df797ca62e8da81a89115ed6c1df0ed2,Rare
93084172ee71264afa4a19a5f78bd958,Rare
456f4b107dad74d801457f58d3239e68,Rare
b57bb148ca7c7499865a479a90a17af1,Rare
aebc7db073d3195d447295654f264cd8,Rare
dcab304666d7474a535a87b03f280ad8,Rare
3e71f07616b2288226555f27f2aee7f1,Rare
b8eca9079bd4e7ce68de744e192a6d6a,Rare
1a5bbc2f7cd096bed583572a0161a41e,Rare
c4d360d053a7b24f3225ca65173741f5,Rare
d835c1447e1dcb648c0ce13ee3311d89,Rare
0dd25a35e2ef3fcd8aa9080b38dbfaf2,Rare
6edd5284f229d95f9b46e3fb1dc80bc5,Rare
8a63fd4b638390881c9d7768707fb3aa,Rare
5ce3a045752484b35403f19291bdf310,Rare
f49b1c7b93bc0e3975118b0ef9b3f194,Rare
9df4aa5f9ad7557655667a034f036df2,Rare
475885f9a61c2ae1f9ff24ff3d777a54,Rare
32c4252bef973216311deb17c2bad10a,Rare
e39ab0959d3a3ffc517444f0a1240bcb,Rare
fb2ec793faf4a90152e6ed56e3d014f2,Rare
b2f1787c47a4ec12d06a249709d9f832,Rare
226e00bfa50f624dee7c3e911e96f4a7,Rare
d2f7edf8dbb3fab535c966c26c55b6ff,Rare
7ebc454f87b99dbf832a7bb33745ecd7,Rare
528267f926603e484c9f57c686fd9f53,Rare
945c40740ab460dcf30f4188c3e6d80a,Rare
4f754e2c30bad4791a425c346dd44891,Rare
d79cf613ed3181ed8c7a548b7712ff92,Rare
240e17a2c920da7152e6d94ee1c7d5b5,Rare
c502a9f998d731f23df9a135b29d4020,Rare
8743008e5323c64fbed0fa84a83e4327,Rare
92fe90efc84c702dee7dab00515d80e9,Rare
915ed3bcf4fa814d486efd4f42e84faf,Rare
89bbdbedb5435e6a19d3cb36dea1e80a,Rare
19dbd8ec141975bde26fcd2441d1d44a,Rare
a4af03017a1adfb09f88bb82ce88375d,Rare
7c2639e1d8fa715f100e594b9d90509f,Rare
a7e3b805ac39d5aaa7ce6fc43e69d8f9,Rare
6c90c68e1dfba8a2cd407054ae54c394,Rare
