ASV_ID,B1_ITS_apple,B2_ITS_apple,B3_ITS_apple,B4_ITS_apple,C1_ITS_apple,C2_ITS_apple,C3_ITS_apple,C4_ITS_apple,D1_ITS_apple,D2_ITS_apple,D3_ITS_apple,E3_ITS_apple,E4_ITS_apple,G3_ITS_apple,G4_ITS_apple,H3_ITS_apple,H4_ITS_apple,I1_ITS_apple,I3_ITS_apple,I4_ITS_apple,J1_ITS_apple,J2_ITS_apple,J3_ITS_apple,J4_ITS_apple,K1_ITS_apple,K3_ITS_apple,K4_ITS_apple,L1_ITS_apple,L2_ITS_apple,L3_ITS_apple,L4_ITS_apple,M1_ITS_apple,M2_ITS_apple,M3_ITS_apple,M4_ITS_apple,N1_ITS_apple,N4_ITS_apple
c31f9d3f8f6959fc85934923b3bc697c,0,0,0,0,0,0,0,0,0,0,0,0,0,0,1,0,0,0,0,0,0,0,0,0,0,0,0,0,0,0,0,0,0,0,0,0,0
c31f1eeb92a186e0e25b79270319d438,0,7,0,0,0,0,0,0,0,0,0,0,0,0,0,0,0,0,0,0,0,0,0,0,0,0,0,0,0,0,0,0,0,0,0,0,0
46b3ad45e836567e089551cf8135e6d5,0,0,0,0,0,0,0,0,0,0,0,1,0,0,0,0,0,0,0,0,0,0,0,0,0,0,0,0,0,0,0,0,0,0,0,0,0
53b8cc75d73eedd0ab0d2783f280f8a3,0,0,0,0,0,0,0,0,0,0,0,0,6,0,0,0,0,0,0,0,0,0,0,0,0,0,0,0,0,0,0,0,0,0,0,0,0
b206a7ee90550890cc07e5f36164f893,0,0,0,0,0,0,1,0,0,0,0,0,0,0,0,0,0,0,0,0,0,0,0,0,0,0,0,0,0,0,0,0,0,0,0,0,0
8eb0092ad5477f4a8adfd57a6bab10f9,0,0,0,0,0,0,0,0,0,0,0,0,0,4,0,0,0,0,0,0,0,0,0,0,0,0,0,0,0,0,0,0,0,0,0,0,0
9900da9f5429edfb964befdc3904c027,0,0,0,0,0,0,0,0,0,0,0,3,0,0,0,0,0,0,0,0,0,0,0,0,0,0,0,0,0,0,0,0,0,0,0,0,0
646d17097f763ff29c3908046163cc35,0,0,0,0,0,0,0,0,0,0,0,0,0,2,0,0,0,0,0,0,0,0,0,0,0,0,0,0,0,0,0,0,0,0,0,0,0
f5bcb8f8ab7bf0d7294656c0313fbcf4,0,6,0,0,0,0,0,0,0,0,0,0,0,0,0,0,0,0,0,0,0,0,0,0,0,0,0,0,0,0,0,0,0,0,0,0,0
4be1032b7f9ab6500802bb662b625fe0,0,0,0,0,0,0,0,0,0,4,0,0,0,0,0,0,0,0,0,0,0,0,0,0,0,0,0,0,0,0,0,0,0,0,0,0,0
545822a6264dac23e00ff813c1043aab,0,0,0,0,0,0,0,0,0,2,0,0,0,0,0,0,0,0,0,0,0,0,0,0,0,0,0,0,0,0,0,0,0,0,0,0,0
83616b09650fb97f82ded74e51c74c4f,0,0,0,0,0,0,0,0,0,0,0,0,0,7,0,0,0,0,0,0,0,0,0,0,0,0,0,0,0,0,0,0,0,0,0,0,0
586fa67751946d364956150227fa91b3,0,0,0,0,0,0,0,0,0,0,0,0,0,0,0,0,0,0,0,0,0,0,0,0,0,0,0,2,0,0,0,0,0,0,0,0,0
2bb9c8964f55e5c5bb40cd124244fefd,0,0,0,0,0,0,0,0,0,0,0,0,0,0,0,0,0,0,0,0,0,0,0,0,0,2,0,0,0,0,0,0,0,0,0,0,0
7c4f58507b2c8d848adaf02636abce83,0,0,0,0,0,0,0,0,0,0,0,0,0,0,0,0,0,0,0,0,0,0,0,1,0,0,0,0,0,0,0,0,0,0,0,0,0
28e5376993e9df4b0643e9e08cd12456,0,0,0,0,0,0,0,0,0,0,0,0,0,0,0,0,0,0,0,0,0,0,0,0,0,0,0,1,0,0,0,0,0,0,0,0,0
5149e6a9dfd7192b7c0f43f4ba0d7842,0,0,0,0,5,0,0,0,0,0,0,0,0,0,0,0,0,0,0,0,0,0,0,0,0,0,0,0,0,0,0,0,0,0,0,0,0
a4c60b1ada6f6d57222b9206eee009e9,0,0,0,0,0,0,0,0,0,0,0,0,4,0,0,0,0,0,0,0,0,0,0,0,0,0,0,0,0,0,0,0,0,0,0,0,0
b633cc4299346bfe3f5f3a7e5ea889d3,7,0,0,0,0,0,7,0,0,0,0,0,0,0,0,0,0,0,0,0,0,0,3,9,6,6,3,0,6,0,0,6,7,5,0,2,0
17cd680284d5e83cdf2365bc11336598,0,0,0,0,0,0,0,0,0,0,0,0,0,0,0,0,0,0,0,0,0,0,0,0,0,4,0,0,1,0,0,0,0,0,0,0,0
52922a4ec3b3649b7e52fad65f6e0f21,2,10,0,2,14,0,4,0,0,1,1,6,0,0,1,0,0,0,3,0,1,0,41,7,0,61,7,7,14,8,0,1,11,0,35,0,0
f156a8bac83e0bcf4e908122d8e5c9c3,0,0,2,0,7,0,0,0,0,0,0,0,0,0,0,0,0,0,0,0,0,0,23,0,0,34,0,0,3,8,0,0,0,0,19,0,0
2ebe89045c825023848f6e8fdf7316e9,0,0,0,0,0,0,0,0,0,0,0,0,0,5,5,25,0,39,13,10,19,0,0,0,0,0,0,0,0,0,0,0,0,0,0,0,0
750f99e5d464407ae65bb6007b07a7e7,0,0,0,0,0,0,0,0,0,0,0,1,0,0,3,26,0,0,18,6,27,0,0,0,0,0,2,0,0,0,0,0,0,0,0,0,6
5c79c23683a214a2073703c1339b00ad,0,0,0,0,0,0,0,0,0,0,0,0,0,0,0,0,0,0,0,2,0,0,0,0,0,0,0,0,0,0,0,0,0,0,0,0,0
beed880bc03d7f808b890fa9e7224a56,0,0,0,0,0,0,0,0,0,0,0,1,0,0,0,0,0,0,0,0,0,0,0,0,0,0,0,0,0,0,0,0,0,0,0,0,0
d0224e3a8d1db2bc6b9344b4a77cf37c,0,0,0,0,0,0,0,0,0,0,0,0,0,0,0,0,3,0,0,0,0,5,2,0,0,0,0,0,0,0,0,0,0,0,0,0,0
ba3a78f12eeb1bc4087f470b186aaf48,0,0,0,0,0,0,0,0,0,0,0,0,0,0,0,0,0,0,0,0,0,0,0,0,0,0,0,0,4,0,0,0,0,0,0,0,0
a3eb7eda15132e62e12821372d0cfa2e,0,0,0,0,0,0,0,0,0,0,2,0,0,0,0,0,0,0,0,0,0,0,0,0,0,0,0,0,0,0,0,0,0,0,0,0,0
f437dc58e5b7081995e87076a7d083ef,3,0,0,0,0,0,0,0,0,0,0,0,0,0,0,0,0,0,0,0,0,0,0,0,0,0,0,0,0,0,0,0,0,0,0,0,0
fd0c4dd6eb595ea2d154049cf4dc4e2d,23,23,77,26,24,18,37,12,3,74,0,852,203,105,70,54,46,48,53,129,165,52,179,27,2,0,5,0,10,0,13,36,11,28,57,20,13
bb094b69115746ca4e4de51edae585af,0,0,0,0,0,0,0,0,0,0,0,173,0,0,13,0,15,0,0,17,59,0,0,0,0,0,3,0,0,0,0,0,0,4,0,0,0
51d58bc3604a3188b5ec7f71dfee1354,2,0,0,0,0,0,0,0,0,0,0,0,0,0,0,0,0,0,0,0,0,0,0,0,0,0,0,0,0,0,0,0,0,0,0,0,0
cc0189c624cdb1ae06e37757ed21a0e9,14,14,39,7,10,0,23,0,0,12,0,209,75,17,18,27,11,12,8,23,29,6,63,421,29,48,12,1,15,32,20,62,62,85,36,16,8
950ee68b262e164aca16bc18ee75cc03,0,0,0,0,0,0,0,0,0,0,0,0,0,0,0,0,0,0,0,0,0,0,0,0,0,0,0,0,0,0,0,0,3,0,0,0,0
cd7695b57b5dc3b0194441356a401259,0,0,0,0,0,0,0,0,0,0,0,0,1,0,0,0,0,0,0,0,0,0,1,0,0,0,0,0,0,0,0,0,0,0,0,0,0
4b83b46b646932293d98a403d00c9539,0,0,0,0,0,0,0,0,0,0,0,0,8,0,0,0,0,0,0,0,0,0,7,0,0,0,0,0,0,0,0,0,0,0,0,0,0
71003d9e48e63aef7d08efc412713f02,0,0,10,0,0,0,0,0,0,17,0,0,9,0,13,7,13,12,4,6,5,6,3,0,0,0,10,0,0,0,0,0,0,6,0,0,10
10f1983bf46847b7cd68a4f44f9da1df,0,0,0,3,0,0,0,0,0,0,0,0,0,8,0,0,0,0,0,0,0,0,1,0,0,0,0,0,0,0,0,0,0,0,0,0,0
d0e5bc06af783be55aaca2017fca5d8b,0,0,0,0,0,0,0,0,0,0,0,0,0,0,7,0,4,0,0,3,0,0,6,0,0,0,0,0,0,0,0,0,0,0,0,0,0
3e3eba4f9b316d723994cb9a4db8d651,0,0,0,0,0,0,0,0,0,0,0,0,0,0,0,0,0,0,7,1,0,0,0,0,0,0,0,0,0,0,0,0,0,0,0,0,0
8ab4986ac8f1e6ebd34697ebc3fdeae5,0,0,0,0,0,0,0,0,0,0,0,0,0,0,0,0,1,0,0,0,0,0,0,0,0,0,0,0,0,0,0,0,0,0,0,0,0
22a8cf3c9dec01598e6af8e226ce208d,0,0,0,0,0,0,0,0,0,0,0,0,0,0,0,0,0,0,0,0,0,0,0,0,0,0,0,0,0,0,0,0,0,0,5,0,0
e5bc9bbc924d8c00f53d2737741826a3,0,0,0,0,0,0,0,5,0,0,0,0,0,0,0,0,0,0,0,0,0,0,0,0,0,0,0,0,0,0,0,0,0,0,0,0,0
6107675d65eac4e6267b7d7cde896d43,0,0,0,0,0,0,0,2,0,0,0,0,0,0,0,0,0,0,0,0,0,0,0,0,0,0,0,0,0,0,0,0,0,0,0,0,0
6cedee7ea1e0f780f24521a3c716c8e1,0,0,0,0,0,0,0,0,0,0,0,0,0,0,0,0,0,0,0,0,0,0,0,0,0,0,0,0,1,0,0,0,0,0,0,0,0
c88266669125a4e3762e7381a2082a1e,0,0,0,0,0,0,1,0,0,3,0,0,16,3,4,2,1,0,1,0,11,0,4,0,0,0,0,0,0,0,0,0,0,0,0,0,0
de000177e1d04f9fdfe690ee265a837b,0,0,0,0,0,0,0,0,0,0,0,0,0,0,0,0,0,0,0,0,8,0,0,0,0,0,0,0,0,0,0,0,0,0,0,0,0
a787550532327635d2bcda05511f2fb0,0,0,0,0,0,0,0,0,0,0,0,0,0,0,0,0,0,0,0,0,1,0,0,0,0,0,0,0,0,0,0,0,0,0,0,0,0
36b93367830822df5b3efff00d5f12a7,0,0,0,0,0,0,0,0,0,6,0,0,0,0,0,0,0,0,0,0,0,0,2,0,0,0,0,0,0,0,0,0,0,3,0,0,0
dbdd8c677caab9a0bef1ccae0d6fc7e1,0,0,0,0,0,0,0,0,0,0,1,0,7,0,0,0,0,0,0,0,0,0,0,0,0,0,0,0,0,0,0,0,0,0,0,0,0
bb6adf32417d969707e226c093aed3f3,0,4,0,0,0,0,0,0,0,0,0,0,0,0,0,0,0,0,0,0,0,0,0,0,0,0,0,0,0,0,0,0,0,0,0,0,0
3226f3533673351408e1af1ec74f097e,0,0,0,0,0,0,0,0,0,0,0,0,1,0,0,0,0,0,0,4,0,0,0,0,0,0,0,0,0,2,0,0,0,0,0,0,0
942591e13b0f356e61b16f1a9ce3f359,0,7,0,7,2,0,1,0,0,0,0,0,0,20,2,0,0,0,0,0,0,0,9,0,5,0,0,0,0,0,3,5,0,0,16,8,0
9bab3e4f9df5e8d9942cf9672a779b1b,0,0,1,0,0,0,0,0,0,0,0,0,0,0,0,0,0,0,0,0,0,0,0,0,0,0,0,0,0,0,0,0,0,0,0,0,0
093a0a387e1b8824ebc4721a9177c680,0,0,0,0,0,0,0,0,0,0,0,0,1,0,0,0,0,0,0,0,0,0,0,0,0,0,0,0,0,0,0,0,0,0,0,0,0
b51a85a4ec54c312e60d0600323d6a32,0,0,0,0,0,0,0,0,0,0,0,0,0,0,0,0,0,0,0,0,0,0,0,0,0,3,0,0,0,0,0,0,0,0,0,1,1
d818c452db89de256a7d11aae3f800d9,0,0,0,0,0,0,0,0,0,0,0,0,1,0,0,0,0,0,0,0,0,0,0,0,0,0,0,0,0,0,0,0,0,0,0,0,0
0f9f59584ff87f49fd600e347b029dff,0,0,0,0,0,0,0,0,0,0,0,0,7,0,0,0,0,0,0,0,0,0,0,0,0,0,0,0,0,0,0,0,0,0,0,0,0
1a17274c66eb1807c015684b1baa497c,2,0,0,0,0,0,0,0,0,0,0,0,0,0,0,0,0,0,0,0,0,0,0,0,0,0,0,0,0,0,0,0,0,0,0,0,0
ff47e5f4af6d7bbb3e90c852ccbfb639,0,0,0,0,0,2,0,0,0,0,0,0,0,0,0,0,0,0,0,0,0,0,0,0,0,0,0,0,0,0,0,0,0,0,0,0,0
6ab3c9d9e7ce7415012943c27e8328fc,0,3,0,0,0,0,0,0,0,0,0,31,0,0,0,0,0,0,0,0,0,0,0,0,0,0,0,0,0,0,0,0,0,0,0,0,0
337f98894e0026f62aadbf4a12cae870,0,0,0,0,0,0,0,0,0,0,0,0,0,0,0,0,0,0,0,0,15,0,0,0,0,0,0,0,0,0,0,0,0,0,0,0,0
d5150733c89642915e34fc3de373fe4d,8,0,3,0,0,0,2,0,0,5,0,64,24,43,13,9,7,0,10,5,17,11,0,0,0,0,0,0,0,0,0,0,0,0,0,0,0
8220f63dcc7f126d5ef4439c08d9e6b7,0,0,0,0,0,0,0,0,0,0,0,0,23,0,0,0,0,0,0,0,0,0,0,0,0,0,0,0,0,0,0,0,0,0,0,0,0
fe467923d738c9407f195c2351a043ff,0,0,0,0,0,0,0,0,0,0,0,14,0,0,0,0,0,10,0,0,0,0,0,0,0,0,0,0,0,0,0,0,0,0,0,0,0
39a57114e71c6007429b9cafbe29b8a7,0,0,0,0,0,0,0,0,0,0,0,0,0,0,0,0,0,0,0,0,0,0,0,0,0,0,0,0,0,0,0,0,1,0,0,0,0
cc098b3fc42c28d3eaa6ee82a4a5741b,0,0,0,0,0,0,0,0,0,0,0,0,0,0,0,0,0,0,0,0,1,0,0,0,0,0,0,0,0,0,0,0,0,0,0,0,0
4be75232dc1cf30f27e6a34d58c2cc8c,0,0,0,0,0,0,0,0,0,0,0,0,0,0,0,0,0,0,0,0,0,0,0,0,0,0,0,0,0,0,0,0,1,0,0,0,0
c016513ce0646b9fa34ce7a0c0c3593b,0,0,0,12,0,0,0,0,0,0,0,5,0,0,0,0,0,0,0,0,0,0,0,0,0,0,0,0,0,0,0,0,0,0,0,0,0
e1f0f52a0058a9704d2f6d5af0f26cbf,5,2,28,0,0,6,10,0,0,9,0,0,0,13,0,0,0,0,0,1,0,0,0,0,0,0,0,84,1,0,264,136,0,0,7,0,0
00479e2c1c21052b9323f52bf1c229da,2,0,13,0,0,0,0,0,0,0,0,0,0,0,0,0,0,0,0,3,0,0,0,0,0,0,0,62,0,0,138,46,2,0,0,0,0
f426e831a69ae60fa3fe0331835e2031,0,0,0,0,0,0,0,0,0,0,0,0,0,0,0,0,0,0,0,0,0,0,0,0,0,0,0,0,0,0,0,3,0,0,0,0,0
6068ebd82ad133a76d5b54482e243ba2,0,0,0,0,0,0,0,0,0,0,0,0,0,0,0,0,0,0,0,0,0,0,0,0,0,0,0,4,0,0,0,0,0,0,0,0,0
bcc96ba77366bf62b47328e7bc729a7f,0,0,0,0,0,0,0,0,0,0,0,21,0,37,0,0,0,0,0,0,0,0,1,0,0,0,0,0,0,0,0,3,0,0,0,0,0
5bf70f748fb6fc629382c7f88ba511db,0,0,6,0,0,0,0,0,0,0,0,0,0,0,0,0,0,0,0,0,0,0,0,0,0,0,0,0,0,0,0,0,0,0,0,0,0
6d78774e15be71be49d22bed1b2a306f,0,0,0,0,0,0,0,0,0,0,0,0,0,1,0,0,0,0,0,0,0,0,0,0,0,0,0,0,0,0,0,0,0,0,0,0,0
f61abf745fc760e803b22b575640dffb,0,0,0,0,0,0,0,0,0,0,0,0,0,0,0,0,0,0,0,0,0,0,0,0,0,0,0,0,0,0,0,0,0,1,0,0,0
766fc4b73578c490f3cbf6761a095c49,0,0,0,0,0,0,0,0,0,0,0,0,0,0,0,0,0,0,0,0,0,0,0,4,0,0,0,0,0,0,0,0,0,0,0,0,0
f9154d3cdf3287cbd5937002812e7ffa,0,0,0,0,0,0,0,0,0,0,0,0,0,0,0,0,0,0,0,0,0,0,0,0,0,0,0,0,1,0,0,0,0,0,0,0,0
d45590310da8aae4e1e7796a6b995058,0,0,0,0,0,0,0,0,0,0,3,0,0,0,0,0,0,0,0,0,0,0,0,0,0,0,0,0,0,0,0,0,0,0,0,0,0
a31724c5f786ac5d9bf401132478711b,0,0,0,10,0,0,0,7,0,0,0,0,0,0,0,0,0,0,0,0,0,0,0,0,0,0,0,0,0,0,0,0,0,0,0,0,0
ef8eb27a7393292c3e760be3a6f81118,0,0,0,0,0,0,0,0,0,0,0,0,0,0,0,0,0,0,0,0,0,0,0,0,0,0,0,0,0,0,0,0,4,0,0,0,0
6977cc43bf2eb982bb09b872cf9ea739,0,0,1,66,0,0,1,0,0,0,0,0,0,0,0,0,0,0,0,0,0,0,0,0,0,0,0,0,0,0,0,0,0,0,0,1,0
0a54dcb191d8b47421db52a5cd3142bf,0,0,0,0,0,0,0,0,0,0,0,0,0,0,0,0,0,0,0,0,0,0,0,0,0,8,0,0,0,0,0,0,0,0,0,0,0
e6dc189d12928828c9da81253e787ad1,0,0,0,0,0,0,0,0,0,0,0,0,0,0,0,0,0,0,0,0,0,0,0,0,2,0,0,0,0,0,0,0,0,0,0,0,0
321fa2cfc734f5d94eeaded839653fb1,0,0,0,0,0,0,0,0,0,0,0,0,0,0,0,0,0,0,0,0,0,0,0,0,0,0,0,0,0,0,0,3,0,0,0,0,0
c1417844baa5f3165a940d1c1645d5c9,0,0,0,0,0,0,21,0,0,0,0,0,0,0,0,0,0,0,0,0,0,0,0,0,0,0,0,0,0,0,0,0,0,0,0,0,0
5093494f9107347116b73dd84a08045f,0,0,0,0,0,0,0,0,0,0,0,0,0,0,0,0,0,0,0,0,0,0,0,0,0,0,0,0,0,0,0,0,0,0,0,0,1
ab3052987d3c82f9ee0a4d9ddce985a1,0,0,0,0,0,0,0,0,0,0,0,0,0,0,0,0,0,0,0,0,0,0,0,0,0,1,0,0,0,0,0,0,0,0,0,0,0
f5c70fc2d64db8e4353f0735a2677d76,0,0,0,0,4,0,1,0,0,0,0,0,0,0,0,0,0,0,0,0,0,0,0,0,0,0,0,0,0,0,0,0,0,0,0,0,0
dc23d87babfe0b04c53d87a1befda76e,0,0,0,0,0,0,0,0,0,0,21,0,0,0,0,0,0,0,0,0,0,0,0,0,0,0,0,0,0,0,0,0,0,0,0,0,0
8b3982e9ed1af2459d9ec3c25d03af84,1825,335,163,3501,4357,7149,358,7905,10761,630,6653,21,8,11,2,0,3,0,0,10,0,1,0,0,0,2,0,0,0,0,4,3,1,5,123,7,1
abec7d84a1b316e7580d660e788f38b8,0,0,0,0,0,0,0,22,18,0,0,0,0,0,0,0,0,0,0,0,0,0,0,0,0,0,0,0,0,0,0,0,0,0,0,0,0
06249b169a9f96b065a21fc066b1ee4e,5,0,0,0,0,0,0,0,0,0,0,0,0,0,0,0,0,0,0,0,0,0,0,0,0,396,0,0,0,0,0,0,0,0,6,0,0
f41e18ba58690e7faeab299a085a2597,0,0,0,0,0,0,2,0,0,0,0,0,0,0,0,0,0,0,0,0,0,0,0,0,0,0,0,0,0,0,0,0,0,0,0,0,0
dc6dfe606b8b7bf6bcc4d31638d9870f,0,0,0,0,0,0,0,0,0,0,0,0,0,0,0,0,0,0,0,0,0,0,0,0,0,0,0,0,0,0,0,0,1,0,0,0,0
17ed190ae29da1e91ee793b3ce89c375,0,0,0,0,0,0,0,0,0,0,0,0,0,0,0,0,0,0,0,0,0,0,0,0,0,0,0,0,0,0,0,0,0,0,2,0,0
11459e1f61720f2d3de553d509ccf85f,0,0,0,0,0,0,0,0,0,0,0,0,0,0,0,0,0,0,0,0,0,0,0,0,0,0,0,0,0,0,2,0,0,0,0,0,0
42b91ce15e368272564efb992aa7441f,0,0,0,0,0,0,0,0,0,0,0,0,0,0,0,0,0,0,0,2,0,0,0,0,0,0,0,0,0,0,0,0,0,0,0,0,0
9de1264d49d8950e708c2d63eb5a2791,0,0,0,0,0,0,0,0,0,0,0,0,0,0,0,0,0,0,0,0,0,0,0,0,28,0,0,0,0,0,0,0,0,0,0,0,0
3614b98d7f1831fe27485f52b2a246fd,0,0,0,0,0,0,0,0,0,0,0,0,0,0,0,0,0,0,0,0,0,0,12,0,0,0,0,0,0,0,0,0,0,0,0,0,0
ee77c03a66ff0aef9664c8f224d664db,0,0,0,0,0,0,0,0,0,0,0,0,0,0,0,0,0,0,0,0,0,0,25,0,49,0,0,22,0,24,0,0,0,0,0,0,0
0904e8db8f86af8245746841aabe2fd7,0,0,0,0,0,0,0,0,0,0,0,0,0,0,0,0,0,0,0,0,0,0,32,7,56,0,0,31,0,26,0,0,0,0,0,0,0
a7bea1b9d93ca0baae80d73e885cfb3d,4,4,0,0,0,0,5,0,0,17,0,4,0,22,15,58,0,44,38,14,1,0,2,0,0,0,21,0,0,0,0,0,0,0,0,0,30
be4e36087f62f412933d379de5caea61,0,0,0,0,0,0,0,0,0,0,0,0,0,0,0,0,0,0,0,0,0,0,18,0,52,16,0,24,0,23,0,0,0,0,0,0,0
c49469ed9300505a188d7badc2f576b3,0,0,0,0,0,0,0,0,0,0,0,0,0,0,0,0,2,0,0,0,0,0,0,0,0,0,0,0,0,0,0,0,0,0,0,0,0
dbc0f4d1805a1b51bc6bdfa6571b58ec,1952,586,2051,1420,133,800,3140,3,8,3975,30,622,2829,2513,2975,3686,1589,2872,3403,2942,2234,344,2839,2865,7024,5962,4602,7443,1872,3334,6031,6035,5042,4642,5224,1230,5674
545130ec0f71e66f41698f37822b985b,1048,311,891,730,52,379,1483,0,0,1944,10,292,1348,1154,1454,1894,796,1450,1729,1395,1169,169,1453,1450,3580,3177,2432,3722,895,1662,3099,2939,2402,2256,2546,599,2761
54fa954312998f039a37e0a5869d2d59,0,0,0,0,0,0,0,0,0,0,0,0,0,0,19,89,0,70,54,38,0,0,0,0,0,0,0,0,0,0,0,0,0,0,0,0,51
d01a9502fd904491d544be57b8252c9e,0,0,0,0,0,0,0,0,0,0,0,0,0,0,0,0,0,0,0,0,0,0,30,0,52,0,0,34,0,27,0,0,0,0,0,0,0
bc7566ca85d8717a823675cf1376d43d,0,0,0,0,0,0,0,0,0,0,0,0,0,0,0,0,0,0,0,0,0,0,19,0,40,0,0,16,0,20,0,0,0,0,0,0,0
8ed734a02f722335e35dac4965831e28,9,0,5,0,0,0,10,0,0,9,0,0,0,16,7,28,4,29,19,14,0,0,0,0,0,0,0,0,0,0,0,0,0,0,0,0,13
cfd929c2f92a34c1719edc82f7fd47e8,0,0,0,0,0,0,0,0,0,0,0,0,0,0,0,0,0,0,0,0,0,0,12,0,42,0,0,0,0,23,0,0,0,0,0,0,0
f2056bacd30a1b2ebed9a498ff4cac53,0,0,0,0,0,0,0,0,0,0,0,0,0,0,0,0,0,0,0,0,0,0,31,0,42,9,0,29,0,17,0,0,0,0,0,0,0
1f6ae84f6075cbd2826926c5019aa8ca,0,0,0,0,0,0,0,0,0,0,0,0,0,0,0,0,0,0,0,0,0,0,13,0,34,0,0,0,0,12,0,0,0,0,0,0,0
0bfff47d946054902b7b51b47c26889a,0,0,0,0,0,0,0,0,0,0,0,0,0,0,0,0,0,0,0,0,0,0,0,0,0,0,0,0,0,0,0,0,0,10,0,2489,0
828e7521cbbac8dda070006397027d3f,0,0,0,0,0,0,0,0,0,0,0,0,0,0,0,0,0,0,0,0,0,0,14,0,11,0,0,0,0,10,0,0,0,0,0,0,0
9c4d8ace12782a2952153089f45461a6,0,0,0,0,0,0,0,0,0,0,0,0,0,0,0,0,0,0,0,0,0,0,235,45,6,14,0,0,20,0,0,9,0,67,0,5,0
cca2f3ff7991f5822cc2cd02dc1913b3,0,0,0,0,0,0,0,0,0,0,0,0,0,0,0,0,0,0,0,0,0,0,22,2,0,0,0,0,0,0,0,0,0,0,0,0,0
ddd575bceead44f63daac91c52c54d67,12,7,17,9,0,0,25,0,0,9,0,0,0,15,0,0,1,0,3,0,0,0,60,6,12,17,0,7,0,0,8,15,21,12,13,0,1
09e66e896de39cf0a758c932c78c8956,5,8,7,0,0,0,12,0,0,4,0,5,0,0,4,0,0,0,0,0,0,0,31,0,0,5,0,0,0,0,5,8,14,0,6,0,0
5c7d06641d541b1b2c7cd45f416108b4,0,0,11,0,0,0,0,0,0,0,0,0,0,0,0,0,0,0,0,0,0,0,0,0,0,0,0,0,0,0,0,0,0,0,0,0,0
fbc522c0359c8c57a896c6ed3384b94e,0,0,0,0,0,0,0,9,0,0,0,0,0,0,0,0,0,0,0,0,0,0,0,0,0,0,0,0,0,0,0,0,0,0,0,0,0
005988f5269b7c611c770fc7da41fd5d,0,0,0,5,0,0,0,0,0,0,0,0,0,0,0,0,0,0,0,0,0,0,0,0,0,0,0,0,0,0,0,0,0,0,0,0,0
1f872ab1267f892edc241ee3fbcb85c1,2,0,0,0,0,0,0,0,0,0,0,0,0,0,0,0,0,0,0,0,0,0,0,0,0,0,0,0,0,0,0,0,0,0,0,0,0
fc248db4efb01bc811568d3821df102d,0,13,0,0,0,0,0,0,0,0,0,0,0,0,0,0,0,0,0,0,0,0,0,0,0,0,0,0,0,0,0,0,0,0,0,0,0
b70c5c74bbb89a737ef9b103b71eb297,0,0,0,0,0,0,0,0,0,0,0,0,0,0,0,0,0,0,0,0,0,0,0,0,0,0,0,0,0,17,0,0,0,0,0,0,0
3e379e8d405f5e2dae35865dc36e9ec0,0,0,0,0,0,0,0,0,0,0,0,0,0,0,0,0,0,0,0,0,0,0,0,1,0,0,0,0,0,0,0,0,0,0,0,0,0
8841f4b4638a8dd49bd2216a18f826e6,0,0,0,0,0,0,0,0,1,0,0,0,0,0,0,0,0,0,0,0,0,0,0,0,0,0,0,0,0,0,0,0,0,0,0,0,0
8433a90a681540d799704d502dbc0082,0,0,0,0,0,0,0,0,0,0,0,0,0,0,0,10,0,0,0,0,0,0,0,0,0,0,0,0,0,0,0,0,0,0,0,0,0
ce6ad85d52b11deac45f309bcc23918b,0,0,0,0,0,0,0,0,0,0,0,7,0,0,0,0,0,0,0,0,0,0,0,0,0,0,0,0,0,0,0,0,0,0,0,0,0
b2f7fbffe558ea744e5918959996dc7f,0,0,0,3,0,0,0,0,0,0,0,0,0,0,0,0,0,0,0,0,0,0,11,26,0,0,0,0,0,0,0,0,0,14,0,0,0
0921292c4186a1a9261b7877d99725a9,0,0,0,0,0,0,0,0,0,0,0,0,0,0,0,0,0,0,0,0,0,0,6,7,0,0,0,0,0,0,0,0,0,8,0,0,0
d90e6465d29566645e767453d8d3e85c,0,0,0,0,0,0,0,0,0,0,0,0,0,0,0,0,0,0,0,0,0,0,0,0,0,0,0,0,0,0,0,0,1,0,0,0,0
c73c7e0610ae7a9352deb7738e54a140,0,0,0,0,0,0,0,0,0,0,0,0,0,0,0,0,0,0,0,0,0,0,2,0,1,15,0,0,1,12,5,0,0,7,0,9,0
50ae90a03470e5a3a87aa47942732363,0,0,0,0,0,0,0,0,0,0,0,0,0,0,0,0,0,0,0,0,0,0,0,0,0,8,0,0,0,0,0,0,0,5,0,0,0
1bad831d7af66da9baec71058ef58c4e,0,0,0,0,0,0,0,0,0,0,0,0,0,0,0,0,0,0,0,0,0,0,0,0,0,0,0,0,0,0,0,0,0,1,0,0,0
8b27383abb2312b9f173c73dee9e82c7,0,0,0,0,0,0,0,0,0,0,0,2,0,0,0,0,0,0,0,0,0,0,0,0,0,0,0,0,0,0,0,0,0,0,0,0,0
aa31b7996909f885e289b6e25c8c8263,0,0,0,0,0,0,0,0,0,0,0,0,0,0,0,0,0,0,0,0,0,0,0,2,0,0,0,0,0,0,0,0,0,0,0,0,0
02fba0894d37bcfdcc6e5e514e05c597,6,0,0,0,0,0,0,0,0,0,0,0,0,0,0,0,0,0,0,0,0,0,0,0,0,0,0,0,0,0,0,0,0,0,0,0,0
36bcee9de3b81de2b6d2b56f6f31fa4c,3,0,0,0,0,0,0,0,0,0,0,0,0,0,0,0,0,0,0,0,0,0,0,0,0,0,0,0,0,0,0,0,0,0,0,0,0
d5fd86b34dd469591e6cf8110952ad33,0,0,0,0,0,0,0,0,0,0,0,0,0,0,0,0,0,0,0,2,0,0,0,0,0,0,0,0,0,0,0,0,0,0,0,0,0
b347d12ea42549aa222cbff27ab36849,0,0,0,0,0,0,0,0,0,0,0,0,0,0,0,0,0,0,0,0,0,0,0,0,0,0,0,0,0,0,0,0,0,0,1,0,0
cca5214380a9aaa8de10be6a243a96f0,0,0,6,0,0,0,0,0,0,0,0,0,0,0,0,0,0,0,0,0,0,0,0,0,0,0,0,0,0,0,0,0,0,0,0,0,0
ccd22c6fd34ce6dc72c7263af065670d,0,0,0,2,0,0,0,0,0,0,0,0,0,0,0,0,0,0,0,0,0,0,0,0,0,0,0,0,0,0,0,0,0,0,0,0,0
222e7e0e582ca469e4974ab59d186ee3,0,0,0,0,0,0,0,0,0,0,0,0,0,0,0,0,0,0,0,0,0,0,0,0,0,0,0,0,0,0,3,0,0,0,0,0,0
49535fdb94483527cd386eb9fe702290,0,0,0,0,0,0,0,0,0,0,0,12,0,0,0,0,0,0,0,0,0,0,0,0,0,0,0,0,0,0,0,0,0,0,0,0,0
5c458aef9a76972e98d903f85c1028ea,0,0,0,0,0,0,0,0,0,0,0,0,0,0,0,0,0,0,0,0,0,0,0,0,0,0,0,0,0,0,6,0,0,0,0,0,0
5bf84538bff20ba7dc94302e47040f6b,9,0,0,0,0,0,0,0,0,0,0,0,0,0,0,0,0,0,0,1,0,0,0,0,0,0,0,0,0,0,0,0,0,0,0,4,0
752fc7aee3e43d99010b6c137a972d13,0,0,0,0,0,0,0,0,0,0,0,0,0,0,0,0,0,0,0,0,0,0,0,0,0,0,0,0,0,6,0,0,0,0,7,0,0
b94ffd1c707ee7aad3574b051497c988,13,0,0,6,0,10,6,10,14,8,0,3,24,12,3,0,0,0,0,0,0,0,11,1,5,0,0,0,0,0,0,0,6,9,7,0,0
0cc6b70567ba2c998a6115937fe9cb81,3,3,0,0,0,0,0,0,0,0,0,0,11,0,0,0,0,0,0,0,0,0,4,0,0,0,0,1,0,0,0,0,7,0,0,0,0
77f27ea2ddcfb9c22741cce5b63c67b4,0,0,0,0,0,0,0,0,0,2,0,0,0,0,0,0,0,0,0,0,0,0,0,0,0,0,0,0,0,0,0,0,0,0,0,0,0
1fcbaac1a5eb67d326b5549e41e93dd1,0,0,0,0,0,0,0,0,0,0,2,0,0,0,0,0,0,0,0,0,0,0,0,0,0,0,0,0,0,0,0,0,0,0,0,0,0
72f033df734873b79d8e9b5ff562e2a6,0,0,0,0,0,0,0,0,0,0,0,0,0,0,0,0,0,0,0,0,0,0,0,0,0,0,0,0,0,0,0,0,0,13,0,0,0
1f83e6cf4277505a708cd798a9ae6596,0,0,0,0,0,0,0,0,0,0,3,0,0,0,0,0,0,0,0,0,0,0,0,0,0,0,0,0,0,0,0,0,0,0,0,0,0
7301d3c6ba9034e83719e37a8c41ac79,0,0,0,0,0,0,0,0,0,0,0,0,0,0,0,0,0,0,0,0,0,0,3,0,0,0,0,0,0,0,0,0,0,0,0,0,0
d26e685facbc753b87e5c2870215b6fb,0,0,0,0,0,0,0,0,0,0,0,0,0,0,0,0,0,0,0,0,0,0,0,0,0,0,0,0,0,0,0,0,0,4,0,0,0
6b69c13f22781953ed0de3e7ed9c5cb2,0,0,0,0,0,0,0,0,0,0,0,2,0,0,0,0,0,0,0,0,0,0,0,0,2,0,0,0,0,0,0,0,0,0,0,0,0
280c5e87ca41f2546e739076db9e8d06,0,0,0,0,0,0,0,0,0,0,0,0,0,0,0,0,0,0,0,0,0,0,0,0,0,2,0,0,0,0,0,0,0,0,0,0,0
8065161960f0eadc1ab887a7cb00a392,0,0,0,0,0,0,0,0,0,0,5,0,0,0,0,0,0,0,0,0,0,0,0,0,0,0,0,0,0,0,0,0,0,0,0,0,0
d9539e56b9c253499b1450ade71b1598,0,0,0,0,0,0,0,0,0,0,0,0,4,0,0,0,0,0,0,0,0,0,0,0,0,0,0,0,0,0,0,0,0,0,0,0,0
522143cd5dccda6d09224936d0b9220a,0,0,0,0,0,0,0,0,0,0,0,0,0,0,0,0,18,0,0,0,0,0,0,0,0,0,0,0,0,0,0,0,0,0,0,0,0
e7b0b86afe7926e6d029d20779deabd9,0,0,0,1,1,0,2,0,8,3,0,6,0,0,1,0,0,0,0,6,0,0,0,0,0,0,0,0,0,0,0,2,3,6,0,0,0
40ccbf1783fda790459cce27a06427c3,0,0,3,0,0,0,0,0,0,0,1,0,0,0,0,0,0,0,0,0,0,0,0,0,0,0,0,0,0,0,0,0,0,0,0,0,0
023bc7e593440e500f1255aa8a783370,9,4,0,0,0,0,0,3,0,0,1,0,0,0,0,0,1,0,0,0,0,0,0,0,0,0,0,0,0,0,0,0,0,0,0,0,0
db1cd622799c561a301ad7fed583d630,0,0,0,0,0,0,0,0,0,0,0,0,0,0,0,0,0,0,0,0,0,0,0,0,0,0,0,0,0,0,0,0,0,0,2,0,0
e8dc8c4eb1760660bda60418f771e0da,0,0,0,0,0,7,0,0,0,0,0,0,0,0,0,0,0,0,0,0,0,0,0,0,0,0,0,0,0,0,0,0,0,0,0,0,0
2b02fa0cd167675d736d236075c02183,0,0,0,0,0,0,0,0,0,0,0,2,0,0,0,0,0,0,0,0,0,0,0,0,0,0,0,0,0,0,0,0,0,0,0,0,0
b667676c9713edcd1f163ca1101f2ebb,0,0,0,3,0,0,0,0,0,0,0,0,0,0,0,0,0,0,0,0,0,0,0,0,0,0,0,0,0,0,0,0,0,0,0,0,0
767b31c9745f5042cfa39b4eb1daab00,0,0,0,0,0,0,0,0,0,0,0,0,0,0,0,0,0,0,0,0,0,0,0,0,0,0,0,0,0,0,0,0,3,0,0,0,0
5159eedb5ac14a348bc0927fcf3bce0b,0,0,0,0,0,9,0,0,0,0,0,0,0,0,0,0,0,0,0,0,0,0,0,0,0,0,0,0,0,0,0,0,0,0,0,0,0
d6aa2485752bff93699cc1a26fbfda29,65,18,12,13,7,0,7,37,33,31,10,11,6,35,3,0,31,0,1,8,0,2,16,0,0,4,3,0,4,26,14,18,14,26,13,15,0
9f985e1b74304e5650f29a5cf89fd94f,31,6,8,0,0,0,0,28,23,7,9,0,2,8,0,1,16,0,0,4,0,0,5,5,1,0,0,0,0,15,4,4,8,16,3,7,0
2957d22e879d3ab72f86d7bd950e1b4f,1,5,0,0,0,0,5,0,0,0,0,0,6,0,12,0,10,0,7,3,0,0,1,10,0,0,3,0,0,0,0,0,0,0,0,9,7
ad07509ac4addcbb2dd8e5364a0d4cfe,0,0,6,0,0,0,0,0,0,0,0,0,0,0,0,0,0,0,0,0,0,0,0,9,0,0,0,0,0,0,0,0,0,0,0,0,0
49e135cc6df389840484bb457589bfc9,0,0,0,0,0,0,0,0,0,0,0,0,0,0,8,0,0,0,0,0,0,0,0,0,0,0,0,0,0,0,0,0,0,0,0,0,0
42a04bbc2c32b701bc804133b400957b,0,0,0,0,0,0,0,0,0,0,0,0,0,0,0,0,0,0,0,0,0,0,0,12,0,0,0,0,0,0,0,0,0,0,0,0,0
87d7ad27e4495804cc6455d66268fdb9,267,0,8,0,0,0,0,0,0,0,0,0,0,37,19,53,177,48,57,17,12,0,290,0,0,5,2530,0,25,0,0,0,0,0,0,0,332
94cd6901b08af0f04f191a1da581208d,0,0,0,0,0,0,0,0,0,0,0,0,0,0,0,0,0,0,0,0,0,0,0,0,0,0,21,0,0,0,0,0,0,0,0,0,0
62f9047443ff93fc421ec48641932711,387,1042,1881,121,1,3,210,231,27,157,10,174,233,230,1360,630,727,593,1020,487,93,35,202,4471,1,0,622,0,13,8,4,15,261,26,24,2277,747
01b7669d8d1b1e28703a07eedd97f4a5,168,576,888,44,0,0,84,111,9,76,0,93,107,98,647,318,344,274,580,243,49,14,126,2249,0,0,381,0,13,8,0,5,109,11,13,1175,386
87fec169efb7caba939f9ec5533074a2,2,0,0,0,0,0,0,0,0,0,0,0,0,0,5,15,0,18,9,8,0,0,0,0,0,0,0,0,0,0,0,0,0,0,0,0,0
a43645c348bcd01693041c1129eac9c7,8,9,11,0,0,0,0,0,0,0,0,0,0,0,8,0,0,0,0,0,0,0,0,11,0,0,0,0,0,0,0,0,0,0,0,13,0
442410ca4e742b82acd846713ffb6b9d,0,0,0,0,0,0,0,0,0,0,0,0,0,0,0,0,0,0,0,0,0,0,0,0,0,0,16,0,0,0,0,0,0,0,0,0,0
fec1a2599388aabb493e3025f39e83eb,0,0,0,0,0,0,0,0,0,0,0,0,0,0,12,0,0,0,0,0,0,0,0,13,0,0,0,0,0,0,0,0,0,0,0,0,0
e785af3d02a80704b2d9b658b3d763c8,0,0,0,0,0,5,0,0,0,0,0,0,0,0,0,0,0,0,0,0,0,0,0,0,0,0,0,0,0,0,0,0,0,0,0,0,0
b027bb8635c18b74687e44ce528806e8,0,0,0,0,0,10,5,0,0,6,0,23,75,5,4,0,0,5,0,0,0,0,0,0,0,0,0,0,0,0,0,0,0,6,0,0,0
4e66e755de68f0fdae870ba6287e7a9e,0,0,0,0,0,0,0,0,0,0,0,11,35,0,6,0,0,0,0,0,1,0,0,0,0,0,0,0,0,0,0,0,0,0,0,0,0
abf7401ee341d024f6d38a702944e79f,0,0,3,0,0,0,0,0,0,0,0,0,0,0,0,0,0,0,0,0,0,0,0,0,0,0,0,0,0,0,0,0,0,0,0,0,0
82d9773d99cd6a54541f71dc9e09a63f,0,0,0,0,0,0,0,0,0,0,0,0,5,0,0,0,0,0,0,0,0,0,0,0,0,0,0,0,0,0,0,0,0,0,0,0,0
0752ebbbcbfa96a92218882bbf7c9420,0,0,0,0,0,0,0,0,0,0,0,0,0,0,0,0,0,0,0,0,0,0,0,0,0,0,0,0,0,0,0,4,0,0,0,0,0
7f4478a41e79389aa796ce27d4caaaf1,0,0,0,0,0,0,0,0,0,0,0,0,0,0,6,0,0,0,0,0,0,0,0,0,0,0,0,0,0,0,0,0,0,0,0,0,0
6b78c530996b09dd0ac3b68e91401586,11,8,3,14,6,0,3,2,10,9,7,6,10,9,0,0,13,0,0,4,0,3,7,0,0,0,0,0,6,0,6,12,3,0,14,14,0
e3dd38a4a1b93ab5e8a128c597efa4df,6,6,0,14,0,0,0,0,4,0,0,0,0,0,0,0,4,0,0,0,0,0,4,0,1,0,0,0,0,1,0,0,0,8,0,4,0
5ee9e842f86307e5a7faf07eec9489d1,0,0,0,0,0,0,0,0,0,0,0,0,0,0,0,0,0,0,0,0,0,0,0,0,0,0,0,0,0,0,0,1,0,0,0,0,0
624baf52fc749a7fd3722d35e449c896,0,0,10,33,2,0,32,0,0,17,0,0,310,0,17,0,0,0,0,0,0,0,6,0,0,0,0,0,0,0,0,0,0,0,0,0,0
1ea6e41f79723fbba2e583c993bf9646,0,0,0,0,0,0,0,0,0,0,0,0,148,0,7,0,0,0,0,0,0,0,5,0,0,0,0,0,0,0,0,0,0,0,4,0,0
653d97333dd76e5dedeebb1d1884c5e9,0,0,0,0,0,0,0,0,0,0,0,41,0,0,34,0,0,0,0,39,0,0,24,0,0,0,0,0,0,0,0,0,0,0,53,13,0
d14c2d73a02080de87b6b5d8468ca961,42,0,0,0,0,0,0,0,0,0,0,0,532,0,0,0,0,0,0,0,0,0,0,0,0,0,0,0,0,0,0,0,0,11,0,0,0
40242c0a9a6c05479b5e0963a35d2540,0,0,0,0,0,8,0,0,0,0,0,0,176,0,0,61,15,0,0,0,33,0,0,0,0,0,0,0,0,0,0,0,0,0,0,0,0
9ce2d14fd8f1b36ddfd407b093e64e50,0,0,0,0,0,0,0,0,0,0,0,0,86,0,23,0,0,0,0,0,0,0,0,0,0,0,0,0,0,0,0,0,0,0,0,0,0
ca2eedc924ee1e8f60ac77061773dc78,0,2,0,0,0,0,0,0,0,0,0,0,0,0,0,0,0,0,0,0,0,0,0,0,0,0,0,0,0,0,0,0,0,0,0,0,0
c76573c5fe09fc3e96df2d4e979adce2,0,0,0,0,0,0,0,0,0,0,0,0,0,0,0,0,0,0,0,0,0,6,0,0,0,0,0,0,0,0,0,0,0,0,0,0,0
3bdfda89b04f05b15dbc9b3fb29ccbc3,0,0,0,0,0,0,0,0,0,0,0,0,0,0,0,0,0,0,0,0,0,0,0,0,0,0,0,0,0,0,2,0,0,0,0,0,0
9761b9d24127771d12b0074a9d1fae7f,0,0,0,0,0,0,0,0,0,0,0,5,0,0,0,0,0,0,0,1,0,0,0,0,0,0,0,0,0,0,0,0,0,0,0,0,0
d07ece26222f4596e17bad008c3620b0,0,3,11,17,7,6,9,0,0,4,0,2,0,0,4,0,2,0,2,0,18,2,10,0,0,8,2,0,4,2,9,2,15,11,11,15,0
5c691ad71c14cefa99103abee84f6142,0,0,5,0,5,0,0,0,0,0,0,0,0,0,0,0,0,0,0,0,10,0,11,3,5,0,0,0,0,0,0,0,0,0,6,0,0
24fa758c5b9698a8e8f6645f2a5399f4,0,0,0,0,0,0,0,0,0,0,0,0,0,0,0,0,1,0,0,0,0,0,0,0,0,0,0,0,0,0,0,0,0,0,0,0,0
11aeb57163981d7add0e34c2f142aefb,0,0,0,0,0,0,0,0,0,0,0,0,0,0,0,0,0,0,0,3,0,0,1,0,0,0,0,0,0,3,0,0,0,3,0,0,0
3dcb3c7590b73876b32717f05f812721,0,0,0,0,0,0,0,0,0,0,0,1,0,0,0,0,0,0,0,0,0,0,0,0,0,0,0,1,0,0,0,0,0,0,0,0,0
068c711f591139cdbedb1538120ab446,0,0,0,0,0,7,0,0,0,0,0,0,0,0,0,0,0,0,0,0,0,0,0,0,0,0,0,0,0,0,0,0,0,0,0,0,0
60ef765b69418985025b660383198254,0,0,0,0,0,0,0,0,0,0,0,0,0,0,0,0,0,0,0,0,0,0,5,0,0,0,0,0,0,0,0,0,0,0,0,0,0
d271400124393dab007a5b5b4110a928,0,0,0,0,0,0,0,0,0,0,0,0,0,0,0,0,0,0,0,0,0,0,0,0,0,0,0,0,8,0,0,0,0,0,0,0,0
52036ad9bdac2a1e913e4dfefbda7f37,5,0,0,0,0,0,0,0,0,0,0,0,0,0,0,0,0,0,0,0,0,0,0,0,0,0,0,0,0,0,0,0,0,0,0,0,0
bebf5eec7d581498f473edc5db889d17,0,0,0,0,0,0,0,0,0,0,0,0,0,0,0,0,0,0,0,0,0,0,0,0,0,0,0,0,13,0,0,0,0,0,0,0,0
b5f150e4cc24059044af9c99bd41fa05,0,0,0,0,0,0,0,0,0,0,0,0,0,0,0,0,0,0,0,0,0,0,0,0,0,0,0,0,13,0,0,0,0,0,0,0,0
d5c2ab54471f6e1d79c55b56dd24dc23,0,0,0,0,0,0,0,0,0,0,0,0,0,0,0,0,0,0,0,0,0,0,0,0,0,0,0,0,16,0,0,0,0,0,0,0,0
df11f3aa16c82902a75d8149a5b7a6f9,0,0,0,0,0,0,0,0,0,0,0,0,0,0,0,0,0,0,0,0,0,0,0,0,0,0,0,0,0,0,0,0,0,5,0,0,0
f74834d1fed426d4dffc6e9a91a18c4c,0,0,13,0,0,0,0,0,0,0,0,0,0,0,0,0,0,0,0,0,0,0,0,0,0,0,0,0,23,0,0,0,0,0,0,0,0
7d96d3ae5a776113a0dffa4bfc2c4dbf,14,0,0,0,0,0,0,0,0,0,0,0,0,0,0,0,0,0,0,0,0,0,0,0,0,0,0,0,0,0,0,0,0,0,0,0,0
2033a7af30e6b92acbffbf4f8e3d0ecb,0,0,23,0,0,0,0,0,0,0,0,0,0,0,0,0,0,0,0,0,0,0,0,0,0,0,0,0,59,0,0,0,0,0,0,0,0
c1cb6fbd573b8728d55642087a381fca,747,192,1222,506,59,313,807,0,0,539,0,116,245,445,93,21,376,12,38,400,4,34,9,0,0,56,43,3,5585,13,161,314,143,333,177,84,34
987830f5668aa8d828345dbedb10e58b,0,0,26,0,0,0,0,0,0,0,0,0,0,0,0,0,0,0,0,0,0,0,0,0,0,0,0,0,31,0,0,0,0,0,0,0,0
b3093c7c904864c9d5bbcb6cdf3cc098,0,0,0,27,0,0,0,0,0,0,0,0,0,0,0,0,31,0,0,15,0,0,0,0,0,0,0,0,192,0,0,0,0,0,0,0,0
e2f5c581b7ddb8797f3316fe285a0815,14,0,26,0,0,0,11,0,0,0,0,0,0,0,0,0,16,0,0,0,0,0,0,0,0,0,0,0,69,0,0,0,0,0,0,0,0
b08288b3bad64f5acd7d2bd3b2b9b489,0,0,0,0,0,0,0,0,0,0,0,0,0,0,0,0,0,0,0,0,0,0,0,0,0,0,0,0,20,0,0,0,0,0,0,0,0
01173647a1408c4e4c4380731fd00003,10,0,0,0,0,0,0,0,0,0,0,0,0,0,0,0,0,0,0,0,0,0,0,0,0,0,0,0,0,0,0,0,0,0,0,0,0
077c9a3553f2d3f33faa2d55bce7093d,1,0,0,0,0,0,0,0,0,0,0,0,0,0,0,0,0,0,0,0,0,0,0,0,0,0,0,0,0,0,0,0,0,0,0,0,0
ecbc1c96610c3ae476fa5551cb188385,4,0,0,0,0,0,0,0,0,10,0,0,0,0,0,0,2,0,0,0,0,0,0,0,0,0,0,0,16,0,0,0,0,0,0,0,0
e0407c6aa67e9ffeb6b09aade6efbdb9,5,0,0,0,0,0,0,0,0,0,0,0,0,0,0,0,0,0,0,0,0,0,0,0,0,0,0,0,0,0,0,0,0,0,2,0,0
87275a0735e869135f75ecee8b1fab40,0,0,0,0,0,0,0,0,0,0,5,0,0,0,0,0,0,0,0,0,0,0,0,0,0,0,0,0,0,0,0,0,0,0,0,0,0
448bcef4e6583f0385dc9c16490a3419,0,0,0,0,0,0,0,0,0,0,0,0,12,0,0,0,0,0,6,0,0,0,0,0,0,0,0,0,0,0,0,0,0,0,2,0,0
529d53886941db0d399f4b4a270448b7,0,0,0,0,0,0,0,0,0,0,0,0,0,0,1,0,0,0,0,4,0,0,0,0,0,0,0,0,0,0,0,0,0,0,0,0,2
842c9b686c44d9e1a090b1444e181af9,7,0,0,0,0,0,0,0,0,0,0,0,0,0,0,0,0,0,0,0,0,0,0,0,0,0,0,0,0,0,0,0,0,0,0,0,0
83bbb854fd32aa1acf70143c789247ae,0,0,0,0,0,0,0,0,0,0,0,0,0,0,0,0,0,0,0,0,0,0,0,0,0,0,0,0,0,0,0,0,16,0,0,5,0
2ba29c96dfec1a649a317b323b497e68,0,0,0,0,0,0,0,0,0,0,0,0,0,0,0,0,0,0,0,0,0,0,0,0,0,0,0,0,0,0,0,0,20,0,0,0,0
9dc3bafdcd8acfd60cb74b402a23c0be,0,0,0,0,0,0,0,0,0,0,0,0,0,0,0,0,0,0,0,0,0,0,0,0,0,0,0,0,0,0,0,0,22,0,0,0,0
fcddfbe2a121bf83993b02e9c339669e,0,0,0,0,0,0,0,0,0,0,0,0,2,0,0,0,0,0,0,0,0,0,0,0,0,0,0,0,0,0,0,0,0,0,5,0,0
a0c948ddb5e14ccf6de97aac1a48e840,0,0,0,6,0,0,1,0,0,0,0,0,3,0,0,0,0,0,0,0,0,4,0,1,0,0,0,0,0,0,0,3,0,0,0,0,0
53a50cf635c85270b9d5518c0f2d1c11,0,0,0,0,0,0,0,0,0,0,0,0,0,0,0,0,0,0,0,0,0,0,5,0,0,0,0,0,0,0,0,0,0,0,0,0,0
d0f61cbbdb1ec6a297c6c1345525f865,0,0,0,0,0,0,0,0,0,0,0,0,3,0,0,0,0,0,0,0,0,0,0,0,0,0,0,0,0,0,0,0,0,0,0,0,0
df05efa73c5e1b4213a13c1f39f29ee1,0,0,3,0,0,0,0,0,0,0,0,0,0,0,0,0,0,0,0,0,0,0,0,0,0,0,0,0,0,0,0,0,0,0,0,0,0
081e16af536eac085faf05b4b7c1f0ac,0,0,0,0,0,0,0,0,0,0,0,0,3,0,0,0,0,0,0,0,0,0,0,0,0,0,0,0,0,0,0,0,0,0,0,0,0
342a5afa41c2d43694b95bb69496d6bc,0,0,0,0,0,0,0,0,0,0,0,0,0,0,0,0,0,0,0,0,0,0,3,0,0,0,0,0,0,0,0,0,0,0,0,0,0
945ed2bf28bd2b91704d23808692408f,0,0,0,0,0,0,0,0,0,0,0,0,0,4,0,0,0,0,0,0,0,0,0,0,0,0,0,0,0,0,0,0,0,0,0,0,0
83663934f59a70176d71ada11c2b7924,0,0,0,0,0,0,0,0,6,0,0,0,0,0,0,0,0,0,0,0,0,0,0,0,0,0,0,0,0,0,0,0,0,0,0,0,0
9d6a7cbd5fce309120dc9d94cac49fdd,0,0,0,0,0,0,0,0,0,0,0,0,0,0,0,0,0,0,0,0,0,0,0,0,0,0,0,0,0,0,0,0,5,0,0,0,0
ed66366b412f029aa171b8b73320abd8,0,0,0,0,0,0,0,0,0,0,0,0,0,0,0,0,0,0,0,0,0,0,0,0,0,0,0,0,0,0,7,0,0,0,0,0,0
aa849e66dd879b932483b9eda2535951,0,0,0,0,0,0,0,0,0,0,0,0,0,0,0,0,0,0,0,0,0,0,0,0,0,0,0,0,0,0,4,0,0,0,0,1,0
0d876b7957f81a9badea2c640c4d2820,0,0,7,0,0,0,0,0,0,0,0,0,0,0,0,0,0,0,0,0,0,0,0,0,0,0,0,0,0,0,0,0,0,0,0,0,0
964106b7d5a63594adb79caf14b83109,0,0,0,0,0,0,0,0,0,0,0,0,0,0,0,0,0,0,0,0,0,0,1,0,2,0,0,0,0,0,0,1,0,0,0,0,0
7a7b16626eed3cc56a59da3cd726073a,1,0,0,0,0,0,0,0,0,0,0,0,0,0,0,0,0,0,0,0,0,0,0,0,0,0,0,0,0,0,0,0,0,0,0,0,0
31783d48391187a266a3e71ec924867a,0,0,0,0,0,0,0,0,0,0,0,0,0,0,0,0,7,0,0,0,0,0,0,0,0,0,0,0,0,0,0,0,0,0,0,0,0
3b032dc2f91e43627008d4996c4f3b32,2,0,0,0,0,0,0,0,0,0,0,0,0,0,0,0,0,0,0,0,0,0,0,0,0,0,0,0,0,0,0,0,0,0,0,0,0
95c78f680bbaea70199bf46c6cd57b4c,0,0,0,0,0,0,0,0,0,0,0,0,0,0,0,0,0,0,0,0,0,0,2,0,0,0,0,0,0,0,0,0,0,0,0,0,0
4f29cd96774fc5ae16116c177d76ada5,0,0,0,0,0,0,0,0,0,0,0,0,0,0,0,0,0,0,0,0,0,0,2,0,0,0,0,0,1,0,0,0,0,0,0,0,0
b28d342d2972dff7273b4b3738acf558,0,0,0,0,0,0,0,0,0,0,0,0,0,0,0,0,0,0,0,0,0,0,4,2,0,9,0,0,1,0,0,4,0,0,0,0,0
01c87eee0760304dd55c7c4ce3d4957c,0,0,0,0,0,0,0,0,0,0,0,0,0,0,0,0,0,0,0,0,0,0,0,0,0,0,3,0,0,0,0,0,0,0,0,0,0
982cc3cf51a7c3b7ec0bed9f6627ffa3,0,0,0,0,0,0,0,0,0,0,0,0,0,0,0,0,7,0,0,0,0,0,0,0,0,0,0,0,0,0,0,0,0,0,0,0,0
e35129f86356395357b087cd83a0d05a,3,5,15,5,0,14,3,0,0,0,13,0,15,3,4,0,0,6,2,7,0,0,0,0,9,0,2,0,0,7,9,4,6,8,0,0,13
ccf19441bff5131ff5b8681091af1e12,0,0,7,0,2,2,0,0,0,0,0,0,8,0,0,0,0,0,0,1,0,2,0,0,0,0,0,0,0,0,0,0,8,5,2,0,0
ddeeedfa2268bac1590214da6c74f5f5,0,0,0,0,0,0,0,10,0,0,0,0,0,0,0,0,0,0,0,0,0,0,0,0,0,0,0,0,0,0,0,0,0,0,0,0,0
cb9927ca32ae83c8d473122865ea58fc,0,0,0,0,0,0,0,8,0,0,0,0,0,0,0,0,0,0,0,0,0,0,0,0,0,0,0,0,0,0,0,0,0,0,0,0,0
0ca95f1bfa57a3508bd8f963367f05b2,0,0,0,0,0,0,0,0,0,13,0,0,0,0,0,0,2,0,0,0,0,0,0,0,0,0,0,0,0,0,0,0,0,0,0,0,0
01b8507f73a2d1fb7540f7a981e1f89f,0,0,0,0,0,0,0,0,0,0,0,0,0,0,0,0,3,0,0,0,0,0,0,0,0,0,0,0,0,0,0,2,0,0,0,0,0
50cb7bf6ae3980262ad58aeaf3986df9,8,0,0,0,0,0,0,0,0,0,0,0,0,0,0,0,0,0,0,0,0,0,0,0,0,0,0,0,0,0,0,0,0,0,0,0,0
f1b6598947ab5de459704fe63b2bf4bf,0,1,0,0,0,0,0,0,0,0,0,0,0,0,0,0,0,0,0,0,0,0,20,0,0,0,0,0,0,0,0,0,0,0,0,0,0
b498b50354c6af91b2988d6dc07c06a3,0,0,0,0,0,0,0,0,0,0,0,0,0,0,0,0,0,0,0,2,0,0,0,0,0,0,0,0,0,0,0,0,0,0,0,0,0
778c9725d1fafe9a38e9b0bce26b013c,0,0,0,0,0,0,0,0,1,0,0,0,0,0,0,0,0,0,0,0,0,0,0,0,0,0,0,0,0,0,0,0,0,0,0,0,0
89bc65b062cbdde62b096265475c14ee,0,0,0,0,0,0,0,0,0,0,0,0,0,0,0,0,0,0,0,0,0,0,4,0,0,0,0,0,0,0,0,0,0,0,0,0,0
f0844fcb1b44b01c44eb749177b49790,0,0,0,0,0,0,0,0,0,0,0,0,0,0,0,0,0,0,0,0,0,0,0,0,0,0,0,0,1,0,0,0,0,0,0,0,0
452aa21fc17aeb2b6b5086648fda4b94,8,12,16,23,0,16,20,0,0,47,0,257,14,34,21,243,10,510,29,18,297,104,50,0,0,0,0,0,0,0,3,0,12,8,6,0,12
7630452fc4c99dbadbee30b534147542,0,0,0,0,0,0,0,0,0,0,0,0,0,0,0,0,0,0,0,0,0,0,0,0,1,0,0,0,0,0,0,0,0,0,0,0,0
9d78b92c8754cd70d1b2264c81ee3728,0,0,0,0,0,0,0,0,0,0,0,0,0,0,0,0,0,0,0,0,0,0,0,0,0,0,0,0,1,0,0,0,0,0,0,0,0
7dc3bc3a234d92152b6308b2244b7f2d,0,0,0,0,0,0,0,0,0,0,0,0,0,0,0,0,0,0,0,0,0,0,0,0,0,3,0,0,0,0,0,0,0,0,2,0,0
bc5510a905eda81bb43c613e6589feec,0,0,0,0,0,0,2,0,0,0,0,0,0,0,0,0,0,0,0,0,0,0,0,0,0,0,0,0,0,0,0,0,0,0,0,0,0
666edd8e80fc2205999ab0a5e8746569,0,0,1,0,0,0,2,0,0,0,0,0,0,0,0,0,0,0,0,0,0,0,0,0,0,0,0,1,0,3,0,0,0,0,0,0,0
c3bfb0e8fb97d7a16faaac74473b7742,0,0,0,0,0,0,0,0,0,0,0,0,0,0,0,0,0,0,0,0,0,0,0,0,0,0,0,0,7,0,0,0,0,0,0,0,0
a2347d1b8aec5e298753f8cc1255127d,0,0,0,0,0,0,0,0,0,0,0,0,0,0,0,0,0,0,0,0,0,0,0,0,0,0,0,0,0,2,0,0,0,0,0,0,0
3e12b6be0297212356e585d8b04070dc,0,0,0,0,0,1,0,0,0,0,0,0,0,0,0,0,0,0,0,0,0,0,0,0,0,0,0,0,0,0,0,0,0,0,0,0,0
293d30c9c7a215b60066415efadff2aa,0,0,8,0,0,0,0,0,0,0,15,0,0,0,0,0,0,0,0,0,0,0,0,0,0,0,0,0,0,17,0,0,0,0,0,0,0
90372faac09db4a471d89144cc8c73a3,0,0,0,0,0,0,0,0,0,0,0,0,0,0,0,0,0,0,0,0,0,2,0,0,0,1,0,0,0,0,0,0,0,0,0,0,0
681f895babe2e2c8ff88d72a21ebaa17,0,0,0,0,0,0,0,0,0,0,0,0,2,0,0,0,0,0,0,0,0,0,0,0,0,0,0,0,0,0,0,0,0,0,0,0,0
cf970c087c6ff4d095a6358656f9d205,0,0,0,4,0,0,0,0,0,0,0,0,0,0,0,0,0,0,0,0,0,0,0,0,0,0,0,0,0,0,0,0,0,0,0,0,0
d44eb247a49aaaa380e812cc53d29050,0,0,0,0,0,0,0,0,0,0,0,0,6,0,0,0,0,0,0,0,0,0,0,0,0,0,0,0,0,0,0,0,0,0,0,0,0
a6d3c10c0dd8785205fb11d2970b7cdf,0,0,0,0,0,0,0,0,0,0,0,0,0,0,0,0,4,0,0,0,0,0,0,0,0,0,0,0,0,0,0,0,0,0,0,0,0
17ff8819d1d5b6412ea4b9d302348504,0,0,0,6,0,0,0,0,0,0,0,0,0,0,0,0,0,0,0,0,0,0,0,0,0,0,0,0,0,0,0,0,0,0,0,0,0
bde5da128a9f70bf40290bd2dd41942f,0,0,0,0,0,0,0,0,0,0,0,0,0,0,0,0,0,0,0,0,0,0,0,0,0,1,0,0,0,0,0,0,0,0,0,0,0
47828de0726d2bc76c9bc69cd35d0575,0,0,0,0,0,0,0,0,0,0,0,0,0,0,0,0,0,0,0,0,0,0,0,0,0,0,0,1,0,0,0,0,0,0,0,0,0
48e03693622bea636cf46c39f337f113,0,0,0,0,0,0,0,0,0,0,0,0,0,0,0,0,0,0,0,0,0,0,0,0,0,0,0,0,0,0,0,4,0,0,0,0,0
0f443705d9e9e112897abadd251f09bc,4,0,0,0,0,0,0,0,0,0,0,0,0,5,0,0,0,0,0,9,0,0,0,0,0,0,0,2,0,0,0,0,0,10,0,0,0
f8e83113ca1e20fca9b1906fc490c184,0,0,0,0,2,0,0,0,0,0,0,0,0,0,0,0,0,0,0,0,0,2,0,0,0,0,0,0,0,0,0,0,0,0,3,0,0
9cabba3844652525968c6a6d22cf4526,0,0,0,2,0,0,0,0,0,0,0,0,0,0,0,0,0,0,0,0,0,0,0,0,0,0,0,0,0,0,0,0,0,0,0,0,0
e1925db25fd251ff2dd02c7f31ba65c0,3,0,0,0,0,0,0,0,0,0,0,0,0,0,0,0,0,0,0,0,0,0,0,0,0,0,0,0,0,0,0,0,0,0,0,0,0
e546f08b6f0e6372d492cfae4808cae9,0,0,0,0,2,0,0,0,0,0,0,0,0,0,0,0,0,0,0,0,0,0,0,0,0,0,0,0,0,0,0,0,0,0,0,0,0
76637b522916a24658ad4b754e349ee6,0,0,0,0,0,0,0,0,0,0,0,0,1,0,0,0,0,0,0,2,0,0,0,0,0,0,0,0,0,0,0,0,0,0,0,0,0
1eaed2b1cd12d12a83da7ef24605d9b5,0,0,0,0,0,0,0,0,0,0,0,1,0,0,0,0,0,0,0,0,0,0,0,0,0,0,0,0,0,0,0,0,0,0,0,0,0
c79ad17b4e76f30a16c7c207f8dad734,1,7,6,31,12,3,0,0,0,0,0,0,0,0,0,0,0,0,0,0,0,0,0,0,0,0,0,0,0,0,0,0,0,0,0,0,0
bedfa8df04a62ac73528dd4acd5dd347,0,0,0,6,0,0,0,0,0,0,0,0,0,0,0,0,0,0,0,0,0,0,0,0,0,0,0,0,0,0,0,0,0,0,0,0,0
589434508411c65d417079084839ee39,0,0,0,0,0,0,0,0,0,0,0,0,0,0,0,0,0,0,0,0,0,0,1,0,0,0,0,0,0,0,0,4,0,0,0,0,0
85072a0cbc303b006b5391890a8cb418,0,0,0,0,0,0,0,0,0,0,0,12,0,0,0,0,0,0,0,0,0,0,6,0,0,0,0,0,0,0,0,0,0,0,2,0,0
ac8941ed27492bc794efb8bdd06d45a7,0,0,0,0,0,0,0,0,0,0,0,0,3,0,0,0,0,0,0,0,0,0,0,0,0,0,0,0,0,0,0,0,0,0,0,5,0
757fe1891a16dd87781faf10440953e2,0,0,0,0,0,0,0,0,0,0,0,0,0,0,0,0,0,0,0,0,0,0,0,0,0,0,0,0,0,0,0,0,0,6,0,0,0
bfe5356dc7556967e4bca882deba7244,5,0,0,0,0,40,0,23,1,12,13,6,9,19,0,0,0,0,0,7,0,0,0,0,1,1,0,0,0,13,15,7,17,30,0,5,0
adaa5c2a5755e7c85b926496aeeedb49,0,0,0,0,0,16,4,8,0,8,0,0,0,0,0,0,0,0,0,2,0,0,0,0,0,0,0,0,0,4,0,3,6,17,0,0,0
6b01744f89f51e88ee87f903918016fc,0,0,0,0,1,0,0,0,0,0,0,0,0,0,0,0,0,0,0,0,0,0,0,0,0,0,0,0,0,0,0,0,0,0,0,0,0
2589806db4a003f8ae9b0492a3385649,0,0,0,0,0,0,0,0,0,0,0,0,0,0,0,0,0,0,0,0,0,0,0,0,0,0,0,0,0,1,0,0,0,0,0,0,0
9c58ee824c353304c93e69471d0a4119,1,0,0,0,0,0,0,0,0,0,0,0,0,0,0,0,0,0,0,0,0,0,0,0,0,0,0,0,0,0,0,0,0,0,0,0,0
82502592954d486a93fd14f2c94cc4e0,0,0,0,0,0,0,4,0,0,0,0,0,0,0,0,0,0,0,0,0,0,0,0,0,0,0,0,0,0,0,0,0,0,0,0,0,0
8cf3f4417ba69ed5575ed9b80f2acb76,0,0,0,0,0,0,0,0,5,0,0,0,0,0,0,0,0,0,0,0,0,0,0,0,0,0,0,0,0,0,0,0,0,0,0,0,0
27b543023a8075034831d9aaa9795716,0,0,0,0,0,0,0,0,0,0,0,0,0,0,0,0,0,0,0,0,0,0,0,0,0,0,0,4,0,0,0,0,0,0,0,0,0
148dd8429ca47805f2e69f9d54617d4e,0,0,0,0,0,0,0,2,0,0,0,0,0,0,0,0,0,0,0,0,0,0,0,0,0,0,0,0,0,0,0,0,0,0,0,0,0
572582bc4e0e4dafbf7b40b03f1a8659,0,0,0,0,0,0,0,0,0,0,0,0,0,0,0,0,0,0,0,0,0,0,0,0,0,0,0,0,0,0,2,0,0,0,0,0,0
39c64911af4fd4954c4f70581218aecf,0,0,0,0,0,0,0,0,0,0,0,0,0,0,0,0,0,0,0,0,0,0,0,0,0,0,0,0,1,0,0,0,0,0,0,0,0
d90ebf4cd61298a4361b5095579dd578,0,0,9,0,0,0,0,0,0,0,0,0,0,0,0,0,0,0,0,6,0,0,0,0,0,0,0,0,0,0,0,0,0,0,0,0,0
1134f35464678b7b237b2e38af23abcf,0,0,6,0,0,0,0,0,0,0,0,0,0,2,0,0,0,0,0,0,0,0,0,0,0,0,0,0,0,0,0,0,0,0,0,0,0
f4dfec6a08c6f5a661dbb785c63ac552,0,0,0,0,0,0,0,0,0,0,0,0,0,0,0,0,0,0,0,0,0,0,0,0,0,0,0,0,0,22,0,0,0,0,0,0,0
1ba82ffd2b63e17d238aa52b950da707,1,0,0,0,0,0,0,0,0,0,0,0,0,0,0,0,0,0,0,0,0,0,0,0,0,0,0,0,0,0,0,0,0,0,0,0,0
9836c59ef132457c59e1d92e5038490f,0,0,0,0,0,0,0,0,0,0,0,0,0,0,0,0,0,0,0,0,0,0,0,0,0,0,0,0,0,0,0,0,0,0,1,0,0
366c7196b8a9c1ce0842d1276445178c,0,0,2,0,0,0,0,0,0,0,0,0,0,0,0,0,0,0,0,0,0,0,0,0,0,0,0,0,0,0,0,0,0,0,0,0,0
6fddac2528514775ebee66b43eebbeb8,9,0,0,0,0,0,0,15,0,16,0,0,0,9,0,0,0,0,0,0,0,0,0,0,0,0,0,0,0,0,0,0,0,0,2,3,0
8747e87e1df02ad294a6f1fb78aa4ff6,3,0,0,0,0,0,0,6,0,5,0,0,0,0,0,0,0,0,0,0,0,0,0,0,4,0,0,0,1,0,0,0,0,0,0,0,0
50429787c7a31f225af38972bbbdd2f3,0,0,0,0,0,0,0,0,0,0,0,0,0,0,0,0,0,0,1,0,0,0,0,0,0,0,0,0,0,0,0,0,0,0,0,0,0
2a2484b404672d42594bd28fcd5a9d55,0,0,0,0,0,0,0,0,0,0,0,0,0,0,0,0,0,0,0,0,0,0,0,0,0,0,0,0,0,5,0,0,0,0,0,0,0
a9a258086ac4b5ac5b78acaac34b2506,0,0,0,0,0,0,0,0,0,0,0,1,0,0,0,0,0,0,0,0,0,0,0,0,0,0,0,0,0,0,0,0,0,0,0,0,0
043df06df6c28a50d429c734727c8ecd,0,0,0,0,0,0,0,0,0,5,0,0,0,0,0,0,0,0,0,0,0,0,0,0,0,0,0,0,0,0,0,0,0,0,0,0,0
3b8079722f6d7252b53d46cefd9d5602,0,5,0,0,0,0,2,0,0,0,0,10,2,0,13,7,2,0,5,1,4,0,5,12,0,0,0,0,0,16,0,3,1,1,0,0,0
3a78199298ed2d01b590b70ce294738e,0,3,0,0,0,0,0,0,0,0,0,11,0,0,9,0,0,0,0,0,0,0,0,9,0,0,0,0,0,8,0,0,0,0,3,0,0
693372776b7352fae4addb5ec930f4e2,0,0,0,0,0,0,0,0,0,0,0,15,0,0,0,0,0,0,0,0,0,0,0,0,0,0,0,0,0,0,0,0,0,0,0,0,0
40b9907ca0411fc68de020b8586f069d,0,0,3,0,0,0,0,0,0,0,0,0,0,0,0,0,0,0,0,0,0,0,0,0,0,0,0,0,0,0,0,0,0,0,0,0,0
307b54ecb49ca79028a600ab2c7f12c2,0,0,0,0,0,0,0,0,0,0,0,0,0,0,0,0,0,0,0,0,0,7,0,0,0,0,0,0,0,0,0,0,0,0,0,0,0
b6c130ec2a5ff32bd2d4bea468ddaaa6,0,0,0,0,0,0,0,0,0,0,0,0,1,0,0,0,0,0,0,0,0,0,0,0,0,0,0,0,0,0,0,0,0,0,0,0,0
faca283ccb955fb8de362d207dcdaabe,0,0,0,0,0,0,0,0,0,0,0,0,0,0,0,0,6,0,0,0,0,0,0,0,0,0,0,0,0,0,0,0,0,0,0,0,0
47dd09f30b6469a2b320b9783e6090e2,0,0,1,0,0,0,0,0,0,0,0,0,0,0,0,0,1,0,0,0,0,0,0,0,0,0,0,0,0,0,0,0,0,0,0,0,0
e4a3d58a505ff264b521b11354eb1f99,0,0,0,0,0,0,0,2,0,0,0,0,0,0,0,0,0,0,0,0,0,0,1,0,0,0,0,0,0,5,0,0,0,0,0,0,0
054b9d41a916c9eaaa096382148b4723,0,0,0,0,0,0,0,0,0,0,0,0,0,0,0,0,0,0,0,0,0,0,0,0,0,0,0,0,0,0,12,0,0,0,0,0,0
ae1c3c8ca9c6ff48a9d06ce8c0b79618,0,0,0,0,0,0,0,0,0,0,0,0,0,0,0,0,0,0,0,0,0,0,0,0,0,0,0,0,0,12,0,0,0,0,0,0,0
092518544582ffbe007e0fd7a561cf0b,0,0,0,0,0,0,0,0,0,0,0,0,10,0,0,0,0,0,0,0,0,0,0,0,0,0,0,0,0,0,0,0,0,0,8,0,0
4ee357884640dbe817bed4d27f21c1a6,0,0,0,0,0,0,0,0,0,0,0,0,0,0,0,0,0,0,0,0,0,0,0,0,0,0,0,0,0,8,0,0,0,0,0,0,0
9378ba79e1741ea77ddc219295602722,0,0,0,0,0,0,2,0,0,0,0,0,0,1,0,0,0,0,0,0,0,0,0,0,0,0,0,0,0,39,0,0,0,0,0,2,0
3e22564537120b511de778dc192a574b,0,0,0,0,0,0,0,0,0,0,0,0,0,0,0,0,0,0,0,2,0,0,0,0,0,0,2,0,0,0,0,0,0,0,0,0,0
9d732c6a2a7127bfe7872bcb519935b2,0,0,0,0,0,0,0,0,0,0,0,0,0,0,7,10,6,0,5,4,0,0,0,0,0,0,6,0,0,0,0,0,0,0,0,0,7
cc1c0cfa0b1188f7e0471c29f7045dd7,0,0,0,0,0,0,0,0,0,0,0,0,0,0,4,0,0,6,0,0,0,0,0,0,0,0,0,0,0,0,0,0,0,0,0,0,0
a7c92d3dce3132ff9c557cb29b241183,0,0,0,0,0,0,0,0,0,0,0,0,0,0,0,0,0,0,0,0,0,0,0,0,0,2,0,0,0,0,0,0,0,0,83,0,0
8136e56f3f50809b4d69c595ad7bc80d,0,0,5,0,0,7,13,11,0,0,0,8,5,0,0,0,4,0,0,3,0,0,0,5,6,15,0,14,9,99,22,7,49,18,10,0,0
191ff0583c62d59d713efa20c444d9d3,0,0,0,0,5,0,0,0,0,0,0,0,0,0,0,0,0,0,0,0,0,0,6,0,0,9,0,0,0,0,0,0,16,0,0,11,0
e4ae0f4719c282e1fc73c07d97534898,6,0,0,0,0,0,0,0,0,0,0,0,0,0,0,0,0,0,0,0,0,0,0,0,0,0,0,0,0,0,0,0,0,0,0,0,0
785766ff0f13738838d5689471d2d764,0,0,0,0,6,0,0,0,0,0,0,0,0,0,0,0,0,0,0,0,0,0,0,0,0,0,0,0,0,0,0,0,0,0,0,0,0
f6eebc8b1d3c18458818aefeb8800e36,1,0,0,0,0,0,0,0,0,0,0,0,0,0,0,0,0,0,0,0,0,0,0,0,0,0,0,0,0,0,0,0,0,0,0,0,0
e33cbbe7509f70057a60724328ff3971,0,0,1,0,1,0,0,0,0,0,0,0,0,0,0,0,0,0,0,0,0,0,0,0,0,0,0,0,0,0,0,0,0,0,0,0,0
a95d88039a1c7a332beb42fbab92883e,0,0,0,0,0,0,0,0,0,0,0,0,0,0,0,0,0,0,0,0,4,0,0,0,0,0,0,0,0,0,0,0,0,0,0,0,0
741f989060a85a8b0a3c9a20b8588608,0,0,5,0,1,0,0,0,0,0,0,0,0,0,0,0,0,0,0,0,0,0,0,0,0,0,0,0,0,0,0,0,0,0,0,0,0
4d468ea80182859dd708611093970b44,0,0,0,0,7,0,5,5,0,0,0,0,0,0,0,0,0,0,0,0,0,0,0,0,0,0,0,0,0,0,0,2,0,0,0,0,0
ddfb8d82ed3c7fefa9f0612f139ab286,0,0,0,3,0,0,0,0,0,0,0,0,0,0,0,0,0,0,0,0,0,0,0,0,0,0,0,0,0,0,0,0,0,0,0,0,0
0f7b724a4e023a94aebc30f88799a83d,16,33,32,6,0,4,15,0,0,0,0,239,99,28,9,17,12,0,0,17,0,9,11,4,0,0,0,0,3,0,4,14,0,17,15,7,3
109283c8e4d710db2cc5383a83d78a3e,0,0,0,0,0,0,0,0,0,4,0,0,0,0,0,0,0,0,0,0,0,0,0,0,0,0,0,0,0,0,0,0,0,0,0,0,0
b50f1afce97e5e1760cf6a2481463eb9,0,5,0,0,0,0,0,0,0,0,0,33,12,0,0,0,0,0,0,0,0,0,0,0,0,0,0,0,0,0,0,0,0,0,0,0,0
d77d3c0bab19e9deca8df70b42fb81d0,9,1,0,0,0,0,0,0,0,0,0,0,0,0,0,0,0,0,0,0,0,0,4,7,0,0,1,0,0,0,5,0,0,0,4,0,0
572c8a2f53b52e5d3d445861c4e6b821,2,0,0,0,0,0,0,0,0,0,0,0,0,0,0,0,0,0,0,0,0,0,1,0,0,0,0,0,0,0,0,0,0,2,0,0,0
20770ffb531158afed3c7853f7ec7f87,0,0,0,0,0,0,0,0,0,0,0,7,0,0,0,0,0,0,0,0,0,0,3,0,0,0,0,0,0,0,0,0,0,0,0,0,0
a86f5836463d2f9402b56f8e37053786,0,0,0,0,0,0,0,0,0,0,0,0,9,0,0,0,0,0,0,0,0,0,4,0,0,0,0,0,0,0,0,0,0,0,0,0,0
50c1fff68f07a8ae28604f9df3cf9b4d,0,0,0,0,0,0,0,0,0,0,0,0,0,0,0,0,0,0,0,0,0,0,0,0,0,0,0,0,0,0,0,0,0,0,4,0,0
d21e56baed66a77dcc13ffaaf74f2500,1,0,0,3,0,0,0,0,0,0,0,0,0,0,0,0,0,0,0,0,2,0,0,0,0,0,0,0,0,0,8,0,0,0,0,0,0
ecba0e881e3d7a4525897554d0fc14ba,0,0,0,0,0,0,0,0,0,13,0,1,0,0,0,0,0,0,0,0,0,0,0,0,0,0,0,0,0,0,0,0,0,0,0,0,0
bc1aa452cfc050aeb4077d0bbbcc7da9,0,0,0,0,6,0,0,0,0,0,0,0,0,0,0,0,0,0,0,0,0,0,0,0,0,0,0,0,0,0,0,0,0,0,0,0,0
54f9b10e813c20298f57d9c003b1e5ca,0,1,0,0,0,0,0,0,0,0,0,0,0,0,0,0,0,0,0,0,0,0,0,0,0,0,0,0,0,0,0,0,0,0,0,0,0
bca6c3ad1cc237b7e050617b1f1d46ca,0,0,0,0,0,0,0,2,0,0,0,0,0,0,0,0,0,0,0,0,0,0,0,0,0,0,0,0,0,0,0,0,0,0,0,0,0
9933ade8ef85e552dc6e5fbf9afbdfee,0,0,0,0,0,0,0,0,0,0,0,0,2,0,0,0,0,0,0,0,0,0,0,0,0,0,0,0,0,0,0,0,0,0,0,0,0
c2bb1a31ee5209b615b9a041b32fa307,0,0,0,0,1,0,0,0,0,0,0,0,0,0,0,0,0,0,0,0,0,0,0,0,0,0,0,0,0,0,0,0,0,0,0,0,0
2984e272129e8a3753c1b59423b97a0c,11,0,0,0,0,0,0,0,0,0,0,0,5,5,0,0,0,0,0,0,0,0,0,0,0,0,0,0,0,0,0,0,0,0,0,0,0
417c46ccbfec92bcfcc1859ec0b6531c,5,0,0,0,0,0,0,0,0,0,0,0,0,0,1,0,0,0,0,0,0,0,0,0,0,0,0,0,0,0,0,0,0,0,0,0,0
459dd7db79bc8d590da298b8be96afe7,0,0,0,0,0,0,0,0,0,0,0,16,0,0,0,0,0,0,0,0,0,0,0,0,0,0,0,0,0,0,0,0,0,0,0,0,0
73ba96d2d06a786ed76dc102af814d78,0,0,87,0,0,0,0,0,0,0,0,0,0,0,0,0,0,0,0,0,0,0,0,0,0,0,0,0,0,0,0,0,0,0,0,0,0
c67c45f377c274271b6fc50651e6c6ef,0,0,0,0,0,0,0,0,0,0,0,0,0,0,0,0,0,0,0,0,0,0,0,0,0,0,0,0,0,0,0,0,0,0,0,2,0
eb42da3a1c7bcc1f93a7907b42bd1f71,0,0,0,0,0,0,0,0,0,0,0,18,0,0,0,0,0,0,0,0,0,0,0,0,0,0,0,0,0,0,0,0,0,0,0,0,0
0b5217e4d354450c219f7002da91cafe,0,0,0,0,0,0,0,0,0,0,0,0,0,0,0,0,0,0,0,4,0,0,0,0,0,0,0,0,0,0,0,0,0,0,0,0,0
a6d66b0a587029475c8fda17109ad092,0,0,0,0,0,0,0,0,0,0,0,0,0,0,0,0,0,3,0,0,0,0,0,0,0,0,0,0,0,0,0,0,0,0,0,0,0
36992bac225e10e7ec894324b2d699cb,0,0,0,0,0,0,0,0,0,0,0,22,0,0,1,0,4,0,0,2,0,0,0,0,0,0,0,0,0,0,0,0,0,0,0,0,1
5619b37cd89d43a758870a4daae11b35,3,0,0,0,0,0,0,0,0,0,0,0,0,0,0,0,0,0,0,0,0,0,0,0,0,0,0,0,30,0,0,0,0,0,0,0,0
a2b6b7009320ce5366b1271f16edb7cf,0,0,0,0,0,0,2,0,0,0,0,0,0,0,0,0,0,0,0,9,0,0,0,0,0,0,0,0,0,0,0,0,0,0,0,4,0
b3a7964790d99df1c24aa87013d99833,0,0,0,0,0,0,0,0,0,0,0,14,0,4,7,0,8,8,20,0,16,11,14,11,0,0,4,0,0,0,1,0,0,11,8,0,0
a44692b2819602ebd742e4561ca7ab5c,0,0,3,0,0,0,0,0,0,0,0,0,0,0,0,0,0,0,0,0,0,0,0,0,0,0,0,0,0,0,0,0,0,0,0,0,0
91c8faecd06b4356d15049e09ac535ec,0,0,0,0,0,0,0,0,0,0,0,0,0,0,0,0,0,0,0,0,0,0,0,0,0,0,0,0,0,0,0,11,0,0,0,0,0
a70118e5a8394717086fd107aedbf435,0,0,0,0,0,0,0,0,0,0,0,0,11,0,0,0,0,0,0,0,0,0,0,0,0,0,0,0,0,0,0,0,0,0,0,0,0
f4f0b8264e0090439ffbe48a2e43e067,7,0,0,0,0,0,0,0,0,0,0,0,0,0,0,0,0,0,0,0,0,0,0,0,0,0,0,0,0,0,0,0,0,0,0,0,0
ec4416a5aa6eb6d59394d116f7cce31f,0,0,0,0,0,0,0,0,0,0,0,48,0,0,0,0,0,5,0,0,2,0,0,0,0,0,0,0,0,0,0,0,0,0,0,0,0
596db587e3deb428a9853b7f8ef404eb,0,0,0,0,2,0,0,0,0,0,0,0,0,0,0,0,0,0,0,0,0,0,0,0,0,0,0,0,0,0,0,0,0,0,0,0,0
de3d72d20af9d90bb97009348f9cf779,0,0,0,0,0,0,0,0,0,0,0,0,0,3,0,0,0,0,0,0,0,0,0,0,0,0,0,0,0,0,0,0,0,0,0,0,0
0ee8a3c6eebbce504f0e9d0d951409a2,0,0,0,0,0,0,0,0,0,0,0,0,0,0,0,0,0,0,0,0,0,0,0,0,0,0,0,0,0,0,0,0,0,0,3,0,0
b08f82705cf3052d0f102c441f47945b,0,3,0,0,0,0,0,0,0,0,0,0,0,0,0,0,0,0,0,0,0,0,0,0,0,0,0,0,0,0,0,0,0,0,0,0,0
cd039049b402c50d19ed9f60fc388346,0,0,0,0,0,0,0,0,0,0,0,0,0,0,0,0,0,0,0,0,0,0,0,0,0,0,0,0,0,0,0,0,0,0,0,1,0
e7aa171001361452c9397d5ec43755c9,0,0,0,0,0,0,0,0,0,0,0,0,0,0,0,0,3,0,0,0,0,0,0,0,0,0,0,0,0,0,0,0,0,0,0,0,0
d8575fd9748eee3af16920c837bac76c,40,8,14,14,11,22,0,17,31,8,0,8,0,20,5,0,18,0,0,7,0,8,8,2,0,8,0,1,0,9,0,8,8,13,0,0,0
f6588ce34abd8d0af76c71277d631d33,0,0,0,0,0,0,0,0,0,0,0,0,0,0,0,0,0,0,0,3,0,0,0,0,0,0,0,0,0,0,0,0,0,0,0,0,0
3504a008a27eed166e29ddbb601eb727,0,0,0,0,0,0,0,4,0,0,0,0,0,0,0,0,0,0,0,0,0,0,0,0,0,0,0,0,0,0,0,0,0,0,0,0,0
890595016c874e18b2fb402e1292f71f,39,6,18,0,0,19,13,16,12,14,16,14,9,0,6,22,38,16,0,20,0,0,4,0,18,0,7,0,0,21,6,0,13,0,8,0,18
7251b53166a3cb09207990bf4a9c6875,0,0,0,0,0,0,0,0,0,4,0,0,0,0,0,0,0,0,0,0,0,0,0,0,0,0,0,0,0,0,0,0,0,0,0,0,0
631a3b5facd90988a0077d23b95e6f17,0,0,0,0,0,0,0,0,0,0,0,0,0,0,0,0,0,0,0,0,0,0,0,0,0,0,0,0,0,1,0,0,0,0,0,0,0
325a8465a94cb0bb7f1ea135823a1fd4,603,205,0,0,0,0,16,0,0,0,153,0,0,9,0,0,1,14,2,0,0,0,1,0,0,0,0,0,0,0,0,0,0,0,0,0,0
0cf63f1a82eb54d8691ddcdc529a93e4,287,96,0,0,0,0,4,0,0,0,95,0,0,0,0,2,0,0,0,1,0,0,0,0,0,0,6,0,0,0,0,0,0,0,0,0,0
d290b02b2c175ebcfebeb2f00cd912e4,0,5,0,0,0,0,0,0,0,0,0,0,0,0,0,0,0,0,0,0,0,0,0,0,0,0,0,0,0,0,0,0,0,0,0,0,0
1f31e63a11fb97b3f7d387aa21efddbf,6,0,0,0,0,0,0,0,0,0,3,0,0,0,0,0,0,0,0,0,0,0,0,0,0,0,0,0,0,0,0,0,0,0,0,0,0
9081ad7027759b73c43ada7fe2868df0,28,0,0,0,0,0,0,0,0,0,0,0,0,0,0,0,0,0,0,0,0,0,0,0,0,0,0,0,0,0,0,0,0,0,0,0,0
cbfd6edf9f973dbda6b75adc63c17754,0,0,2,0,0,0,0,0,0,0,0,0,0,0,0,0,0,0,0,0,0,0,0,0,0,0,0,0,0,0,0,0,0,0,0,0,0
473124c9cf1143f280c6f2ebade2bd2e,0,0,0,0,0,0,0,0,0,0,0,0,0,0,0,0,0,0,0,0,0,0,7,0,0,0,7,0,0,0,0,0,0,0,6,0,0
2d215d5c2445a3e686e3fbcf8a4b11ff,0,0,0,0,0,0,0,0,0,0,0,0,0,0,0,0,0,0,0,1,0,0,0,0,0,0,0,0,0,0,0,0,0,0,0,0,0
70fc79821075009b8daa2beefc5f4639,0,0,0,0,0,0,0,0,0,0,0,0,2,0,0,0,0,0,0,0,0,0,0,0,0,0,0,0,0,0,0,0,0,0,0,0,0
5cd2467bca19181af17f0436ec1ebf50,0,0,15,0,0,0,0,0,0,0,0,13,51,0,4,0,0,0,0,0,1,10,0,0,0,0,0,0,0,0,0,0,0,3,1,0,0
a1dadc8dc5e9fbcdc38efe7debedcd16,0,0,0,0,0,0,0,0,0,0,0,0,0,0,0,0,0,0,0,9,0,0,0,0,0,0,0,0,0,0,0,0,0,0,0,0,0
9f192cd139c24f3ae5c46e5c8428bc6e,0,0,0,0,0,0,0,0,0,0,0,10,0,0,0,0,0,0,0,0,0,0,0,0,0,0,0,0,0,0,0,0,0,0,0,0,0
747232a3b9b27294bf6a425da413fc25,0,0,0,0,0,0,0,0,0,0,0,0,0,2,0,0,0,0,0,1,0,0,0,0,0,0,0,0,0,0,0,0,0,0,0,0,0
c35cea50a34d2ac1e5ed4c0ad2011047,0,0,0,0,0,0,0,0,0,0,0,0,0,0,1,0,0,0,0,0,0,0,2,0,0,0,0,0,0,0,0,0,0,0,0,0,0
6f2f267240073d164a78f54471c8f80d,0,0,0,0,0,2,0,0,0,0,0,0,0,0,0,0,0,0,0,0,0,0,0,0,0,0,0,0,0,0,0,0,0,0,0,0,0
8895e235b5ff4169dc8659f617bce866,0,0,0,2,0,0,0,0,0,0,0,0,0,0,0,0,0,0,0,0,0,0,0,0,0,0,0,0,0,0,0,0,0,0,0,0,0
ee62b3428362a0f5469a96d0f717158a,0,0,0,0,0,0,0,0,0,0,0,0,0,0,0,0,2,0,0,0,0,0,0,0,0,0,0,0,0,0,0,0,0,0,0,0,0
c641b2413c017a55efd88c813d9ce0fc,0,0,0,0,0,0,0,0,0,0,0,0,0,0,0,0,0,0,0,0,0,0,0,0,0,0,0,0,0,0,0,0,0,0,1,0,0
470cd6127b52525e588efa0658ce5493,0,0,0,0,0,0,0,0,0,0,0,0,0,0,0,0,0,0,0,0,0,0,0,0,0,0,0,0,0,0,0,0,3,0,0,0,0
1989ada1b0fccea27a7a6f261e80fa15,0,0,0,0,0,0,5,0,0,0,0,0,0,0,0,0,0,0,0,0,0,0,0,0,0,0,0,0,0,0,0,0,0,0,0,0,0
879a32a9a225cfeeba67d5998de1201e,0,0,0,0,0,0,0,0,0,0,0,0,0,0,0,0,0,0,0,0,0,0,0,0,0,0,0,0,0,0,0,0,0,0,14,29,0
76cbd0b1c0ec00224dc598476f927714,0,0,0,0,0,0,0,0,0,0,0,0,0,0,0,0,0,0,0,0,0,0,0,0,0,0,0,0,2,0,0,0,0,0,9,12,0
f3f0914e4a8e956f02ee9c0a96329ee2,0,0,0,0,0,2,0,0,0,0,0,0,0,0,0,0,0,0,0,0,0,0,0,0,0,0,0,0,0,0,0,0,0,0,0,0,0
4a171e247fc4d732c5adef5129b0adca,9,0,0,8,1,0,5,0,0,0,0,0,0,0,0,0,0,0,0,1,0,0,0,0,0,0,0,0,26,0,0,0,0,0,0,0,0
d8492af158ba00a584facea82d0e0c56,0,0,3,0,0,0,0,0,0,0,0,0,0,0,0,0,0,0,0,0,0,0,0,0,0,0,0,0,0,0,0,0,0,0,0,0,0
4feb79639b0eb20c919963e6d1b088ab,0,0,0,0,0,0,0,0,0,0,0,3,0,0,0,0,0,0,0,0,0,0,0,0,0,0,0,0,0,0,0,0,0,0,0,0,0
3fed2bde3236256fd9b2204a73c6cc3e,0,0,0,0,0,0,0,0,0,0,0,0,5,0,0,0,0,0,0,0,0,0,22,11,0,0,0,0,0,0,6,0,0,0,0,0,0
d493b834a477b589edbefb01bb3b6347,0,0,0,0,0,0,0,0,0,0,0,0,0,0,0,0,0,0,0,0,7,0,0,0,0,0,0,0,0,0,0,0,0,0,0,0,0
b68d82ac96da1014ee948a5313661449,0,0,0,0,0,0,0,0,0,0,0,0,0,0,0,0,0,0,0,0,0,4,0,0,0,0,0,0,0,0,0,0,0,0,0,0,0
c0c91c42acb5932d49a9f45deb73805b,18,5,8,17,0,0,0,0,0,0,0,13,0,0,0,0,4,0,0,7,0,0,0,0,0,0,0,0,79,0,0,7,2,0,0,0,0
be7c9817b7dba135abb7d6dfbb549bcd,0,0,0,0,0,0,0,0,0,0,0,0,0,0,0,0,0,0,0,0,0,0,0,0,0,0,0,0,0,0,0,0,0,0,7,0,0
38839a2762e56739dfe1bfd958fdcfc0,0,0,0,0,0,0,0,0,0,0,0,0,0,0,0,0,0,0,0,0,0,0,0,0,0,0,0,0,0,0,1,0,0,0,0,0,0
9f23a99c395566d3f44801fa92da5589,2,0,0,0,0,0,0,0,0,0,0,0,0,0,0,0,0,0,0,0,0,0,0,0,0,0,0,0,0,0,0,0,0,0,0,0,0
84d83b569622a8fbf4be480c42911e1b,0,0,0,3,0,0,3,0,0,0,0,0,23,0,10,0,0,0,0,0,5,0,4,0,0,0,0,0,0,0,0,0,0,0,3,0,0
d2e61dc2318ea82b23c35a48744aee97,0,0,0,0,0,2,0,0,0,0,0,0,10,0,2,0,0,0,0,0,0,0,1,0,0,0,0,0,0,0,0,0,0,0,0,0,0
2b1962c1a97348be347d31c8d4fa266a,0,0,0,0,0,0,0,0,0,4,0,0,0,0,0,0,0,11,0,0,2,0,0,0,0,0,0,0,0,0,0,0,0,0,0,0,0
c01a7ee4f3d5bd31d55e0ffb60b6ec52,0,0,0,0,0,0,0,0,0,0,0,0,0,0,0,0,0,0,0,4,0,0,0,0,0,0,0,0,0,0,0,0,0,0,0,0,0
3b6a74f737768180ad4003039538cf30,0,0,0,0,0,0,0,0,0,0,0,0,0,0,0,0,0,0,0,0,0,0,0,0,0,0,0,0,0,14,0,0,0,0,0,0,0
4694a327385c1e4050a684f609f8f805,0,0,0,0,0,0,0,0,0,0,0,0,0,0,0,0,0,0,0,2,0,0,0,0,0,0,0,0,0,0,0,0,0,0,0,0,0
72eea66d02f315343ff1d1a7dda8e7ad,0,0,0,0,0,0,0,0,0,0,0,0,7,0,0,0,0,0,0,0,0,0,0,0,0,0,0,0,0,0,0,0,0,0,0,0,0
24840bb3da22f047078a16d5639d5c61,0,0,0,0,0,0,0,0,0,0,0,0,0,0,0,0,0,0,0,0,0,0,0,0,0,0,0,0,0,27,0,0,0,0,0,0,0
1b0be5366a0d6a55c1f18dac7b5868d0,0,0,0,0,0,0,0,0,0,0,0,0,0,0,0,0,0,0,0,0,0,0,0,0,0,0,0,0,0,0,0,0,0,9,0,0,0
e92c5388ba4ade1d6283a35b2d834fab,0,0,0,0,0,0,0,0,0,0,0,0,0,0,0,0,0,0,0,0,0,0,0,0,0,0,0,0,0,15,0,0,0,0,0,0,0
72e63c12d12912d13a22370536c1c5bd,101,83,106,118,33,84,108,286,108,121,26,25,18,48,10,15,8,0,16,24,14,9,65,27,438,1013,4,64,123,1571,15,123,564,1093,83,318,13
c41ba25b9a458a11782d2d6e1c2c0dec,0,0,0,0,0,0,0,0,0,0,0,0,0,0,0,0,0,0,0,0,0,0,0,0,0,0,0,0,0,10,0,0,0,0,0,0,0
3d56f9c74b7c0b52da8b1d0a9124da46,5,0,0,0,0,0,0,0,0,0,0,0,0,0,0,0,0,0,0,0,0,0,0,0,0,0,0,0,0,0,0,0,0,0,0,0,0
9f87f4e37dc70199a5e2c170a3e096e3,0,0,0,0,0,0,0,0,0,0,0,0,0,0,0,0,0,0,0,0,0,0,0,0,0,0,0,0,0,29,0,0,0,0,0,0,0
78268d3e3f8f43d593c176e34652eedb,0,0,0,0,0,0,0,0,0,0,0,0,0,0,0,0,0,0,0,0,0,0,0,0,0,0,0,0,0,14,0,0,0,0,0,0,0
9e380b0cde91a1e9bfdeec0c360bcf39,0,0,0,2,0,0,0,0,0,0,0,0,0,3,0,0,0,0,0,2,4,0,0,0,0,0,1,0,0,0,0,0,0,0,0,0,2
30edbf26f29cebace80c6eb1f13a7c12,21,0,25,15,0,0,20,0,0,0,0,7,13,8,3,0,5,0,0,0,0,2,6,0,2,0,0,124,106,220,1,163,0,234,24,0,0
6c6f874edcb0b14c001d4928554d25f7,0,0,0,0,0,0,0,0,0,0,0,0,0,0,0,0,0,0,0,7,0,0,0,0,0,0,0,0,0,0,0,0,0,6,0,0,0
94066a52611a78e33e6b30745013db30,2,0,0,0,0,0,0,0,0,7,0,20,31,12,23,14,46,59,14,5,11,5,2,0,0,0,4,0,0,12,0,0,18,0,0,0,16
d40e3c8fe732f976dfcf6b6a10c6407e,0,0,2,0,0,0,0,0,0,0,0,0,0,0,0,0,0,0,0,0,0,0,0,0,0,0,0,0,0,0,0,0,0,0,0,0,0
7ca3927a848554a6c28cfc8ec66add18,0,1,0,0,0,0,0,0,0,0,0,0,0,0,0,0,0,0,0,0,0,0,0,0,0,0,0,0,0,0,0,0,0,0,0,0,0
1d9124ef9f8787cc759bb52ffabca59e,0,0,0,0,0,0,0,0,0,0,0,0,14,0,0,0,0,0,0,0,0,0,0,0,0,0,0,0,0,0,0,0,0,0,0,0,0
1e8ad1f2c55a33468f691c1e5c26a76d,0,0,0,0,0,0,0,0,0,0,0,0,0,0,0,0,0,0,0,0,0,0,1,0,0,0,0,0,0,0,0,0,0,0,0,0,0
59e73657e9dcf82915aa5f60a3c6b903,0,0,0,0,0,0,0,2,0,0,0,0,0,0,0,0,0,0,0,0,0,0,0,0,0,0,0,0,0,0,0,0,0,0,0,0,0
f2ce1d7e4e7464625fc016dc0d263b9f,0,0,0,0,0,0,0,0,0,0,0,0,0,0,0,0,0,0,0,0,0,0,0,0,0,2,0,0,0,0,0,0,0,0,0,0,0
de7b76cd9efaebe85ca41c4758db923a,5,2,0,12,1,0,0,0,0,3,0,2,3,3,2,0,0,0,0,2,0,0,1,0,0,0,4,0,0,0,0,0,0,5,3,0,1
e491d4ee69fc09e8cf136bdf3be2335b,0,0,1,0,0,0,0,2,0,0,0,0,0,0,0,0,0,0,0,0,0,0,0,0,1,0,0,0,0,2,0,3,0,0,0,2,0
3905cdf5a5ac58daf7950062eff58539,0,0,0,0,0,0,0,0,0,0,2,0,0,0,0,0,0,0,0,0,0,0,0,0,0,0,0,0,0,0,0,0,0,0,0,0,0
d9479f221afd8a29e41dd9c51fa2579a,0,0,0,0,0,0,0,0,0,0,0,0,0,0,0,0,0,0,0,0,0,0,0,0,1,0,0,0,0,0,0,15,0,0,0,0,0
a32995bcc58f34dd709830da7a8d53c0,0,0,0,0,0,0,0,0,0,0,0,0,0,0,0,0,0,0,0,0,0,0,0,0,0,0,0,0,0,0,0,0,0,4,0,0,0
a74af3dc871f1979a23f8a5a4b6bc8a3,0,0,0,0,0,0,0,0,0,0,0,0,0,0,0,0,0,0,0,0,0,0,0,0,0,0,0,0,0,0,0,0,4,1,0,0,0
f659e48f5e21eb84735c4c193e5e3706,123,4241,25,8,4992,589,102,11,0,131,18,13,157,2,0,0,1,0,0,3,0,0,3,0,0,0,1,0,0,0,0,1,0,7,9,0,0
ab920f2b0df158f768bbf2c622baa066,41,1970,15,0,2313,254,69,0,0,54,7,0,73,0,0,0,0,0,0,0,0,0,0,0,0,0,0,0,0,0,0,0,0,0,0,0,6
df88008cfd05f2fce0729f4d27ed154e,0,0,0,0,0,0,0,0,0,0,0,0,0,0,0,0,0,0,0,0,0,1,0,0,0,0,0,0,0,0,0,0,0,0,0,0,0
aa7214f00efa3b245711bdd250e0864d,0,0,0,0,0,0,0,0,0,0,0,0,0,0,0,0,0,0,0,0,0,0,0,0,0,0,0,0,0,0,0,0,0,0,0,41,0
072896f6d998ad4d2d73516dec227816,0,0,0,0,0,0,0,0,0,0,0,0,0,0,0,0,0,0,0,0,0,0,0,0,0,0,0,0,0,0,0,0,0,0,0,5,0
68544ee4d2ed6b4c37dc90f7e6642a84,0,0,0,0,0,0,0,0,0,0,0,10,0,0,0,0,0,0,0,0,0,0,0,0,0,0,0,0,0,0,0,0,0,0,0,0,0
0649314a0e437edb3dc4e6a3befa2ffd,0,0,0,0,0,0,0,0,0,0,0,0,4,0,1,0,0,0,0,0,1,0,0,0,0,0,0,0,0,0,0,0,0,0,0,0,0
8ff4dcc348b815f0250036d0ff72f6c3,0,0,0,0,0,0,2,0,0,0,0,0,7,0,0,0,0,0,0,0,0,0,0,0,0,0,0,0,6,0,0,0,129,0,0,6,0
a42893ea1c477bb2904ec4212558410b,1,0,0,0,0,0,0,0,0,0,0,0,0,0,4,9,0,0,4,0,0,0,0,0,0,0,0,0,0,0,0,0,0,0,0,0,0
ca2809bd2274f428334b1a8c8ac4f499,0,0,0,0,0,0,0,0,0,0,0,5,0,0,0,0,1,8,0,1,0,0,0,0,0,0,2,0,0,0,0,0,0,0,0,0,0
0302410ec5910d14d24c83f998b84731,0,0,0,0,0,0,0,0,0,0,0,0,0,0,1,0,0,0,0,0,0,0,0,0,0,0,0,0,0,0,0,0,0,0,0,0,0
4a285623e2794f5673d3e6c256dd062b,0,0,0,0,0,0,0,0,0,0,0,0,1,0,0,0,0,0,0,0,0,0,0,0,0,0,0,0,0,0,0,0,0,0,0,0,0
56543887d63582f7660d9f5e8af287a3,0,6,0,0,0,0,0,0,0,0,0,0,0,0,0,0,0,0,0,0,0,0,0,0,0,0,0,0,0,0,0,0,0,0,0,0,0
b2c05a49764de521ad3bca1c4e7eca3c,0,0,0,0,0,0,0,0,0,9,0,0,0,0,0,0,0,0,0,0,0,0,0,0,0,0,0,0,0,0,0,0,0,0,0,0,0
eda56f88cde3d2add5ad01b0548f9932,0,0,0,0,0,0,0,0,0,0,0,0,0,0,0,0,0,0,0,0,0,0,0,0,0,0,0,0,5,0,0,0,0,0,0,0,0
ea3c9522885cccb87ba09a6c93e5636e,52,7,15,19,8,9,37,0,0,21,0,0,11,15,20,15,7,9,26,16,0,4,5,5,11,286,66,3,1604,1085,4,14,3,157,16,0,10
353d52aa2844881e3c0a7356bc801bd5,0,0,0,0,0,0,0,0,0,0,0,0,0,0,0,0,0,0,0,0,0,0,0,0,0,0,0,0,0,7,0,0,0,0,0,0,0
fa1ca2e19b39f652badd0be08f754662,0,3,0,0,0,0,0,0,0,0,0,0,0,0,0,0,0,0,0,0,0,0,0,0,0,0,0,0,0,0,0,0,0,0,0,0,0
c4619b77ef40f5cf01e9331111510b48,0,0,0,0,0,0,0,0,0,0,0,0,0,0,0,0,0,0,0,0,0,0,0,0,0,0,0,0,0,0,0,0,8,0,0,0,0
e5b02ba52397bb276743ddb8b4aa52d1,0,0,0,4,2,0,77,1306,0,0,0,0,0,0,0,0,0,0,0,0,3,0,0,0,0,0,0,0,0,0,0,0,0,0,0,0,0
1c4e60b81b5a00d922f1c533dbf7a640,0,0,0,0,0,0,0,24,0,0,0,0,0,0,0,0,0,0,0,0,0,0,0,0,0,0,0,0,0,0,0,0,0,0,0,0,0
b0cb0b6cbe2893296530cf5b2a9a78e4,0,0,0,0,0,0,0,0,0,0,0,0,0,0,0,0,0,0,0,0,0,0,0,0,0,0,0,0,0,3,0,0,0,0,0,0,0
1f4796592520961c64c16a9a0e04bf7c,0,0,0,0,0,0,0,0,0,7,0,0,0,0,0,0,0,0,0,0,0,0,0,0,0,0,0,0,0,0,0,0,0,0,0,0,0
c4057833593041bf6384279e593dbee1,0,0,0,0,0,0,0,0,3,0,0,0,0,0,0,0,0,0,0,0,0,0,0,0,0,0,0,0,0,0,0,0,0,0,0,0,0
db05e512aa4f1df4e5698bb0b245b94e,0,0,0,0,0,0,0,0,0,0,1,0,0,0,0,0,0,0,0,0,0,0,0,0,0,0,0,0,0,0,0,0,0,0,0,0,0
6f22249a34527d4ac844f61fcfb2f353,0,0,0,0,0,0,0,0,0,0,0,0,0,0,0,0,0,0,0,0,0,0,0,0,0,0,0,0,0,0,0,7,0,0,0,0,0
bc14bbeb9b4edb25a1d62747f1fc9ad6,0,13,0,19,9,20,0,0,0,41,2,4,0,0,0,0,0,0,0,6,0,0,0,4,0,32,0,7,3,40,2,27,298,397,29,14,0
0392da1b613cf3693d5c13e0e560e4de,0,0,0,0,2,0,0,0,0,0,0,2,0,0,0,0,1,0,0,0,0,0,0,0,0,0,0,0,0,0,0,0,0,0,0,0,0
321ff5c0aaa06174e86b13ae12b117b0,0,0,0,0,0,9,0,0,0,0,0,0,0,0,0,0,0,0,0,0,0,0,0,0,0,0,0,0,0,0,0,0,0,0,0,0,0
37183eebc0485d84c0e50a1b7a6b6229,6,0,0,0,0,0,5,0,0,2,7,1,0,0,0,0,0,0,0,1,0,0,0,0,0,0,0,0,0,0,0,0,0,0,0,0,0
e50d7d5aaec40b3e76619a48808fca72,0,0,0,0,0,9,10,0,0,0,11,0,6,10,9,6,0,65,10,1,24,0,7,0,0,0,0,0,0,0,8,0,0,0,0,0,3
18c21fa060f1205bca8c5fa8bb2ad050,0,0,0,0,0,0,3,0,0,0,0,0,0,0,0,0,0,0,0,0,0,0,0,0,0,0,0,0,0,0,0,0,0,0,0,0,0
aa7dffd575c1138baa3f1ad57c8d3d6d,0,0,3,0,0,0,0,0,0,0,0,0,0,0,0,0,0,0,0,0,0,0,0,0,0,0,0,0,0,0,0,0,0,0,0,0,0
b60cf81cbd62b72dabef7fd4098e394a,0,0,0,0,0,0,0,0,0,0,0,0,3,0,0,0,0,0,0,0,0,0,0,0,0,0,0,7,0,0,0,7,0,1,176,0,0
9e6b48b3d2f403c18eb45e6048e5614f,0,0,0,0,0,0,0,0,0,0,0,0,0,0,0,0,0,31,0,0,0,0,18,0,0,0,0,0,0,0,0,0,0,0,0,0,0
00c38a7a18c4cc0a7a2b696824a3d086,0,0,0,0,0,0,0,0,0,0,0,0,0,0,0,0,0,0,0,12,0,6,0,0,0,0,0,0,0,0,0,0,0,0,0,0,0
a96647a30defe263eef6e44425cec230,0,0,11,0,0,0,0,0,0,0,0,0,0,0,0,0,0,0,0,0,0,0,0,0,0,0,0,0,0,0,0,0,0,0,0,0,0
db64d6469d7d6d9b7255d4fd66d3ff55,0,0,0,0,0,0,3,0,0,0,0,0,0,0,0,0,0,17,0,0,0,0,0,0,0,0,0,0,0,0,0,0,0,0,0,0,0
9a8b82da6e8c97e0abc9d90e09749822,1464,267,1067,976,114,650,1860,9,29,1310,157,3166,1432,2008,2463,2891,962,3487,3132,2407,5482,2525,3688,0,108,150,949,108,423,71,231,712,1503,911,2164,1266,1334
8f02ae9797154b87ddb633e2c5040256,697,137,505,444,55,329,867,0,23,711,72,1577,684,959,1308,1535,467,1746,1595,1149,2724,1224,1868,0,52,98,510,53,224,37,112,322,723,440,1003,610,684
b6130cb6cb960604dd720ca22b5ce58d,11,0,0,0,0,0,0,0,0,0,0,278,0,0,49,0,49,0,61,24,0,0,0,0,0,0,37,0,0,0,0,0,0,0,0,0,25
0f1d0b644a929b870ae611132e7c75ad,6,0,0,0,0,0,4,0,0,7,0,0,0,0,16,44,0,78,11,10,0,0,0,0,0,0,5,0,0,0,1,0,0,0,0,0,0
1550bc2fd2b7191f78c01d2eccf490e4,0,0,0,8,0,0,1,0,0,0,0,0,6,0,0,0,0,0,0,0,0,0,0,0,0,0,0,0,0,0,0,0,0,5,0,0,0
6fa5a44d3deef252590ec1bf8cba251f,0,0,0,0,0,0,0,0,0,0,0,0,4,0,0,0,0,0,0,0,0,0,0,0,0,0,0,0,0,0,0,0,0,0,0,0,0
460ff8286406bf8f822260953a0bb346,13,0,32,0,0,18,22,0,0,34,0,34,0,0,19,0,0,0,0,17,0,0,11,0,0,0,0,0,0,0,0,0,0,0,22,0,0
63ad965098bc7eb0c91c470fb5783469,0,0,0,0,0,0,0,0,0,0,0,0,0,0,0,0,0,0,0,0,0,0,0,0,0,0,0,0,0,7,0,0,0,0,0,0,0
4b9a949f53e7a16ae00bac3e24f89a71,0,0,0,0,0,0,0,0,0,0,0,0,0,0,0,0,0,0,0,0,0,0,0,3,0,0,0,0,0,0,0,0,0,0,0,0,0
b92d057bc53e13bd272b22b1028193db,0,0,0,0,0,0,0,0,0,0,0,0,0,0,0,0,0,0,0,0,0,0,0,0,0,0,0,0,545,0,0,0,0,0,0,0,0
ea8321fd74e5347bdefbd645061bb9e4,0,0,0,0,0,0,0,0,0,3,0,0,0,0,0,0,0,0,0,0,0,0,0,0,0,0,0,0,0,15,0,0,0,0,0,0,0
ba4d9341c04683829595695a307ba190,36,3,30,22,0,15,66,0,0,10,13,0,36,0,5,0,5,0,0,2,0,0,0,0,0,0,0,0,0,1512,17,14,0,16,9,5,0
5c3804fb8b24d573d9099a0e18494fe2,0,0,0,0,0,0,10,0,0,5,0,9,0,6,17,0,0,0,0,0,0,13,0,0,0,0,0,0,0,0,0,11,0,0,0,0,0
cebdceba16f8f62bde005f2d4944f30b,21,15,44,25,7,21,34,0,19,53,0,18,11,32,8,0,2,0,6,4,4,0,50,0,0,100,0,629,11,237,3,204,80,349,36,24,4
9f93fd106178c3a645a9e3622e957b06,0,0,0,0,0,0,0,0,0,0,0,0,0,0,0,0,0,0,0,0,0,0,0,0,0,0,0,0,0,23,0,0,0,0,0,0,0
a8f482162f681de14cbe9c552ba53a2c,0,0,0,0,0,0,0,18,0,0,27,0,0,0,0,0,0,0,0,0,0,0,0,0,0,0,0,0,0,16,0,0,0,0,0,0,0
044e0bffb68dee31cfa0a105f2ca8478,620,541,799,836,150,1178,947,3598,2705,690,6374,95,368,163,682,388,1366,312,632,419,17,16,59,233,0,29,675,28,75,1362,1671,76,113,342,34,2815,609
401246d0891699d099519a0573322782,0,0,0,0,0,0,0,25,0,0,53,0,0,0,0,0,0,0,0,0,0,0,0,0,0,0,0,0,0,0,0,0,0,0,0,0,0
b3fde0e737b13db74fd634f3ee857af4,0,0,0,0,0,0,0,0,0,0,0,0,0,0,0,0,0,0,0,0,0,0,0,0,0,0,18,0,0,0,0,0,0,0,0,0,0
04b0ecd9a68fb79d448e90b0de0158fe,11,0,0,0,0,0,0,0,0,0,0,0,0,0,0,0,0,0,3,0,0,0,0,0,0,0,92,0,0,0,0,0,0,0,0,0,8
ceb66f55e0e9530d9227107fb919b50e,0,0,0,0,0,2,0,0,0,0,0,0,0,0,0,0,0,0,0,0,0,0,0,0,0,0,0,0,0,0,0,0,0,0,0,0,0
15604a45f87702f8bae9b9723ec1b137,0,0,0,0,0,0,0,0,0,0,0,0,0,0,0,0,0,0,0,0,0,0,0,0,0,5,0,0,0,0,0,0,0,0,0,0,0
de7ab93d9c5bde187b9d826679ca4eec,0,0,0,0,0,0,0,0,0,0,0,0,0,0,0,0,0,2,0,0,0,0,0,0,0,0,0,0,0,0,0,0,0,0,0,0,0
f55d345eefa669c0f18c038847b85e03,0,0,0,0,0,0,0,0,0,0,0,0,0,0,0,3,0,0,0,0,0,0,0,0,0,0,0,0,0,0,0,0,0,0,0,0,0
0fe55b4c5499be90deee066c4bef637a,0,0,0,0,0,0,0,0,0,0,0,0,0,0,0,0,2,0,0,0,0,0,0,0,0,0,0,0,0,0,0,0,0,0,0,0,0
64b3d47839045d958fe03a0e186a10e4,592,155,453,456,42,328,858,0,0,1202,0,1693,1563,1009,768,1105,396,1052,655,672,866,608,319,0,96,0,358,51,0,42,117,119,215,190,252,64,497
8d89f936ac09fa6103b67f8746319ccc,0,0,0,0,0,5,0,0,0,0,0,0,0,14,4,28,0,0,10,1,0,0,0,0,0,0,0,0,0,0,0,0,0,0,0,0,0
b165dec8729f51f78cb51018971dd4be,9,0,0,0,0,0,0,0,0,17,0,0,0,0,0,0,0,0,0,0,0,0,0,0,0,0,0,0,0,0,0,0,0,0,0,0,0
39092add01a6185f4556ef6ba47acc78,0,0,0,0,0,0,0,0,0,0,0,0,0,0,0,0,0,0,0,0,9,0,0,0,0,0,0,0,0,0,0,0,0,0,0,0,0
cbf9834f08df87b92484649fa42914ab,0,0,0,0,0,0,0,0,0,0,0,0,0,0,0,0,1,0,0,0,0,0,0,0,0,0,0,0,0,0,0,0,0,0,0,0,0
3e2ca4b9c7aaee5535c45c521eff61ed,58,12,41,44,0,22,72,0,2,103,0,41,259,96,175,201,95,525,131,132,93,30,85,0,0,3,60,0,5,6,19,32,41,21,10,6,137
75ba30562e69f2028d8e53139e5806e9,0,0,0,0,0,0,0,0,0,0,0,0,0,0,0,0,0,0,0,0,0,0,0,0,0,0,0,0,7,1,0,0,0,0,0,0,0
08767c8723d9eb629da6e781e9da50a2,0,0,0,0,0,0,0,0,0,0,0,0,0,0,0,0,0,0,0,0,0,0,0,0,0,2,0,0,0,0,0,0,0,0,0,0,0
9b0974af14be4d9c65caf44bf2dcf26b,0,0,0,0,0,0,0,0,0,0,0,0,0,0,0,0,0,0,0,0,2,0,0,0,0,0,0,0,0,0,0,0,209,5,0,62,0
40b7a8ab1757c9262f66ed500db1c052,0,0,0,0,0,0,0,0,0,0,0,0,0,0,0,0,0,0,0,0,0,0,0,0,0,0,0,0,0,0,0,0,0,2,0,0,0
0fa54d4eeef8d29d145aab447990eeca,0,0,0,0,0,0,0,0,0,0,0,0,0,0,0,0,0,0,0,0,0,0,0,0,36,37,0,18,0,0,0,0,0,0,0,0,0
ea357705cdb9a4c8bfd3948c3396fb5f,0,0,0,0,0,0,0,0,0,0,0,0,0,0,0,0,0,0,0,0,0,0,0,0,30,0,0,0,0,0,0,0,0,0,0,0,0
edf44ea090c18f051bb6b71766329770,0,0,0,0,0,0,0,0,0,0,0,0,0,0,0,0,0,0,0,0,0,0,0,0,13,0,0,0,0,0,0,0,0,0,0,0,0
c49d51dd1a17bb152bad02010df4b624,6,0,0,0,0,0,0,0,0,0,0,0,0,0,0,0,0,0,0,0,0,0,0,0,14,0,0,0,0,0,0,0,0,0,0,0,0
f167330a1a9404a1d99c147bfde5fc87,7,4,11,9,0,11,22,0,0,6,0,1,7,7,3,0,0,0,0,3,0,0,3,0,1187,1386,14,682,53,78,1,4,40,0,0,0,0
5939628d02de4ffd163f8018ca424ca3,1,0,0,0,0,3,0,0,0,0,0,0,0,0,0,0,1,0,0,0,0,3,0,0,574,684,0,352,30,29,0,0,19,4,0,0,4
09f6e05b0e8865d34ffae12c1c39315c,0,0,0,0,0,0,0,0,0,0,0,0,0,0,0,0,0,0,0,0,0,0,0,0,46,24,0,25,0,0,0,0,0,0,0,0,0
56e330edf9b04da5c0def5b5fd747ac6,0,0,0,0,0,0,0,0,0,0,0,0,0,0,0,0,0,0,0,0,0,0,0,0,16,0,0,0,0,0,0,0,0,0,0,0,0
9ef46c51016cdfc00e9ce4e622bdb9f4,0,0,0,0,0,0,0,0,0,0,0,0,0,0,0,0,0,0,0,0,0,0,0,0,25,12,0,9,0,0,0,0,0,0,0,0,0
567620abbbaf67d41884ad5ae1436c72,0,4,0,0,0,0,0,0,0,0,0,0,0,0,0,0,0,0,0,0,0,0,0,0,0,0,0,0,0,0,0,0,0,0,0,0,0
821a3f57dfa7159880931bed227dc7f0,0,0,0,0,0,0,0,0,0,0,0,0,0,0,0,0,0,0,0,0,0,0,0,0,0,0,2,0,2,0,0,0,0,2,0,0,0
22917fe800d6c5140bc1a50379625a33,0,0,0,0,0,0,4,0,0,0,2,0,0,0,0,0,3,0,0,0,0,0,12,30,0,0,26,0,0,0,6,5,21,0,0,0,3
10df825b460559dbde87bb935e8befb1,0,0,0,0,0,0,0,0,0,0,0,0,0,0,0,0,0,0,0,0,0,0,0,0,0,0,0,0,0,0,0,0,5,0,0,0,0
11de3ca082de223f77a32ef007010fb7,0,0,0,0,0,0,0,0,0,0,0,0,0,0,0,0,0,0,0,0,0,0,0,0,0,0,0,0,0,0,0,0,0,1,0,0,0
9108dcc022dacb49fad177eda436eace,16,0,17,16,0,12,14,0,0,9,0,0,3,14,20,27,5,18,32,37,94,25,90,0,0,0,15,0,0,0,0,9,8,73,0,0,33
b3c98df94b5371206bb6987dcb141c5a,3,0,6,0,0,0,12,0,0,0,0,5,0,0,14,0,2,0,22,22,60,15,45,0,0,0,12,0,0,0,0,5,0,25,0,0,13
572bcb4a397e2ad3de83a17dce311a08,0,6,0,0,0,0,0,0,0,0,0,0,0,0,0,0,0,0,0,0,0,0,0,0,0,0,0,0,0,0,0,0,0,0,0,0,0
5277f3c5bc9468b122e16a1ac5cb954d,0,0,0,0,0,0,0,0,0,0,0,0,0,0,0,0,0,0,0,0,0,0,0,0,0,0,0,0,0,0,5,0,0,0,0,0,0
69c42e8e63eec6a856bf5327b28598a3,0,1,3,0,0,0,20,0,0,0,0,0,0,0,0,0,0,0,0,0,0,0,0,0,0,0,0,0,0,0,0,48,0,0,0,0,0
a988cd0687dbc21e0cb0277d48841f20,0,0,3,0,0,0,0,0,0,0,0,0,0,0,0,0,0,0,0,0,0,0,0,0,0,0,0,0,0,0,0,0,0,0,0,0,0
7ad0f1a1fca544ec4ab25b411009c2b7,12,0,0,0,0,0,0,0,0,0,0,0,0,0,0,0,0,0,0,0,0,0,0,0,0,0,0,0,0,0,0,0,0,0,0,0,0
69cf652b11f7c790aa0eff1d258577b6,0,0,0,0,0,0,0,0,0,0,0,0,0,0,0,0,0,0,0,0,4,0,0,0,0,0,0,0,0,0,0,0,0,0,0,0,0
de0b8c9a4c0d705085f27a25757903d5,45,15,48,14,2,25,20,0,0,50,0,15,8,16,0,0,341,0,0,11,0,755,0,0,0,0,0,0,0,0,13,13,16,21,6,4,0
edaef62aa81bda34b07588cfa78e664e,31,8,25,13,0,18,12,0,0,18,0,0,0,6,4,2,181,0,6,3,0,358,0,0,0,0,0,0,0,0,0,5,0,13,6,0,0
9a8813266148e7c768fd00701acab393,0,6,0,0,0,0,0,0,0,0,0,0,0,0,0,0,0,0,0,0,0,0,0,0,0,0,0,0,0,0,0,0,0,0,0,0,0
d0a97f88bb9f3601749defbd7d50bdf5,13,8,10,5,0,0,17,0,0,6,0,0,0,13,756,13,1,17,6,7,0,0,0,0,0,0,9,0,0,0,0,0,0,0,0,0,8
9c336ffaa5effb537d3e6d07c73c05c3,0,0,0,0,0,0,0,0,0,10,0,0,0,0,0,0,0,0,0,0,0,0,0,0,0,0,0,0,0,0,0,0,0,0,0,0,0
ace5a97e02b2a87cc6e5c0d208aaf156,0,0,0,0,0,3,0,0,0,0,0,0,0,0,0,0,0,0,0,0,0,0,0,0,0,0,0,0,0,0,0,0,0,0,0,0,0
5b75e6dae51dcd9c059808ec96c08785,24,6,1,15,0,7,4,17,8,13,0,0,24,7,0,0,10,0,0,10,0,0,3,0,5,5,0,0,0,23,4,0,0,9,15,1,0
e53e33aca96b26f195bc4a7fb94f733a,16,0,0,8,0,0,0,10,0,0,0,9,5,0,0,0,8,0,0,4,0,0,5,0,0,0,0,0,0,7,0,0,0,0,0,0,0
fef66a649e51cb970487f6a83780c152,0,0,0,0,0,0,0,0,0,0,0,0,0,0,0,0,0,0,0,0,0,0,2,0,0,0,0,0,0,0,0,0,0,0,0,0,0
a6666917d40fe4134715ac21da6158fb,3,0,0,0,0,0,0,0,0,0,0,0,0,0,0,0,0,0,0,0,0,0,0,0,0,0,0,0,0,0,0,0,0,0,0,0,0
fba0903fe559c19bb28e3836211d3829,0,9,0,0,0,0,0,0,0,0,0,0,0,4,0,0,0,0,0,0,0,0,0,0,0,0,0,0,0,0,0,0,0,0,0,0,0
0a0885a68fb3d6c363c156a0f69f4b5b,0,0,0,6,0,0,7,11,0,10,8,0,0,0,0,0,0,0,0,10,0,0,6,0,0,0,0,0,0,0,10,1,0,14,0,1,0
a455513149799f7d35535a1adc3f810d,0,0,0,0,0,0,0,8,0,0,0,0,0,0,0,0,0,0,0,3,0,0,0,1,0,0,0,0,0,0,6,0,0,0,0,0,0
33d6c3de9c7b7593b7153ef9a88986d8,0,0,0,0,0,0,0,0,0,0,0,0,0,0,0,0,0,0,0,0,4,0,0,0,0,0,0,0,0,0,0,4,0,0,0,0,0
34f3640f8d4d315631704af2b4fda4bc,0,0,0,0,0,0,0,0,0,0,0,3,0,0,0,0,0,0,0,0,0,0,0,0,0,0,0,0,0,0,0,0,0,0,0,0,0
1bdac8277cace666f435c1dd91bfe27e,0,0,0,0,0,0,0,0,0,0,0,0,0,0,0,0,0,0,0,2,0,0,0,0,0,0,0,0,0,0,0,0,0,0,0,0,0
2f9fe5bb93499296c85cbc1eb25ede98,0,0,0,0,0,0,0,0,0,0,0,0,0,6,0,0,0,0,0,0,0,0,0,0,0,0,0,0,0,0,0,0,0,0,0,0,0
e6a5c2f33f20436937085d1716017d32,0,0,0,0,0,0,0,0,0,0,0,0,8,0,0,0,0,0,0,0,0,0,4,0,0,0,0,0,0,0,0,0,0,0,0,0,0
f12632c0107f498caffc130c3371e1de,0,0,0,0,0,0,2,0,0,0,0,0,0,0,0,0,0,0,0,0,0,0,0,0,0,0,0,0,0,0,0,0,0,0,0,0,0
08d7a3746dd07800f400d48ee769b37a,0,0,0,0,0,0,0,0,0,0,0,0,0,0,0,0,0,0,0,0,0,0,0,2,0,0,0,0,0,0,0,0,0,0,0,0,0
3a9ff1b2eafe0c9eaaf077b934a4edd9,7,0,0,0,0,0,0,0,0,0,0,0,0,0,0,0,8,0,0,0,0,0,0,0,0,0,0,0,0,0,0,0,0,0,0,0,0
67a81a4b17dea1e60051697e142e3d89,0,0,2,0,0,0,0,0,0,0,0,0,0,0,0,0,0,0,0,0,0,0,0,0,0,0,0,0,0,0,0,0,0,0,0,0,0
608b0669c4a0fe4ba70157c86463392e,0,0,0,0,0,0,0,0,0,0,0,0,0,0,0,0,0,0,0,0,4,0,4,0,0,0,0,0,0,0,0,0,0,0,0,0,0
f0a71bae1fce785e9103875443f2e5e6,0,0,0,0,0,0,0,0,0,0,0,0,0,0,0,0,0,0,0,0,0,0,0,0,0,0,0,0,0,0,0,0,0,0,1,0,0
b2c1d85c00fdce82394f04117788c318,0,0,2,0,0,4,0,0,0,9,0,0,0,2,0,0,0,0,0,0,0,0,0,0,0,0,0,0,0,0,0,2,0,0,0,0,0
ad0ec182cd8ebddf6b05d8f79e1181f6,0,0,0,0,0,1,0,0,0,0,0,0,0,0,0,0,0,0,0,0,0,0,0,0,0,0,0,0,0,0,0,0,0,0,0,0,0
4e1373df8858a3db275f8fbabcef010d,0,0,0,0,0,0,0,0,0,0,0,0,0,0,1,0,0,0,0,0,0,0,0,0,0,0,0,0,0,0,0,0,0,0,0,0,0
3697e7cdc818c7c22d2fec8969911a5c,0,0,0,0,0,0,0,0,0,0,0,0,0,7,0,0,0,0,0,0,0,0,0,0,0,0,0,0,0,0,0,0,0,0,0,4,0
0a58c90dfe339352603810fb8b80eea3,0,0,2,0,0,0,0,0,0,0,0,0,0,0,0,0,0,0,0,0,0,0,0,0,0,0,0,0,0,0,0,0,0,1,0,0,0
090ba992073ce6215ab33a5e880cd9ad,9,0,0,0,0,0,0,0,0,0,0,0,0,0,0,0,0,0,0,0,0,0,0,0,0,0,0,0,0,0,0,0,0,0,0,0,0
7abbaaa66b88af8d10caa7ec45a4bb63,0,0,0,0,0,0,0,0,0,0,0,0,0,0,0,0,0,0,0,0,0,0,0,0,0,0,0,0,0,0,0,0,0,17,0,0,0
53f5bdc7759f1bc3e854f4279f9fddc1,0,0,13,0,0,0,0,0,0,0,0,0,0,0,0,0,10,0,0,0,0,0,0,0,0,0,0,0,0,0,0,0,0,0,0,0,0
ae26f9af8cf06b1b0ff0fa8134e939a4,0,31,34,16,14,40,39,0,0,16,0,0,9,1116,0,0,18,0,0,5,0,2,0,0,0,0,0,0,0,0,0,0,16,11,0,0,0
41bc1957212d206e93d30b6707ca1c50,14,9,33,42,0,32,66,0,0,37,0,8,20,1799,6,8,37,0,0,8,0,0,0,0,0,0,0,0,0,0,9,2,8,16,16,16,0
ece12b90d9baa19e52f839c1ac8fa00b,0,0,0,0,0,0,0,0,0,0,0,3,0,0,0,0,0,0,0,0,0,0,0,0,0,0,0,0,0,0,0,0,0,0,0,0,0
79b116961f9a10afea66a51d0773d72b,11,0,10,0,0,0,0,0,0,0,0,0,0,0,0,0,34,0,0,0,0,88,0,0,0,0,0,0,0,0,0,0,0,0,0,0,0
fc5ea03c075382204e76512c7902a52b,925,430,1259,945,104,711,1313,0,0,818,0,343,385,599,126,39,5134,70,47,1597,13,7130,7,0,0,0,22,0,7,0,319,630,222,694,407,223,20
9925747c3e1026cc376be8c25974e4b8,8,0,0,0,0,0,0,0,0,0,0,0,0,0,0,0,0,0,0,0,0,0,0,0,0,0,0,0,0,0,0,0,0,0,0,0,0
c237f9b2a5356f81f383e7969bf8ddcb,0,0,0,0,0,0,0,0,0,0,0,0,0,0,0,0,0,0,0,0,0,0,0,0,0,0,0,0,0,0,0,0,0,3,0,0,0
58d7e6ddd7ec2599882bb6c02e018da9,4,0,0,0,0,0,0,0,0,0,0,0,0,0,0,0,0,0,0,0,0,0,0,0,0,0,0,0,0,0,0,0,0,0,0,0,0
6977ca6d82908bf3468ba27a57acdbb9,34,0,9,0,0,10,0,0,0,0,0,13,0,0,0,0,0,0,0,12,0,0,0,0,0,0,0,0,0,0,0,0,0,0,0,0,0
ed0a96de5a3d93ab0750e51744b28a9c,340,115,477,361,26,143,371,0,0,191,0,129,103,195,37,0,107,0,0,831,0,42,3,0,0,0,6,0,6,0,72,288,79,213,118,55,0
1f6afddfac15a169e71b842b56b62f2a,0,0,0,0,0,0,0,0,0,12,0,0,0,0,0,0,0,0,0,0,0,0,0,0,0,0,0,0,0,0,0,0,0,0,0,0,0
5cc2372e50313a7775ffbf817ba9c714,11,0,0,0,0,0,0,0,0,0,0,0,0,0,0,0,0,0,0,0,0,0,0,0,0,0,0,0,0,0,0,0,0,0,0,0,0
1dac65474e7d0b41b87438a119c8f447,0,5,0,0,0,0,0,0,0,0,0,0,0,0,0,0,0,0,0,0,0,0,0,0,0,0,0,0,0,0,0,0,0,0,0,0,0
60a0c25af42760dc74e23a36b1f94548,10,0,0,0,0,0,0,0,0,0,0,0,0,0,0,0,0,0,0,0,0,0,0,0,0,0,0,0,0,0,0,0,0,0,0,0,0
aaa67ebe660d962d35ca39aca8f6a274,8,7,0,0,0,0,0,0,0,0,0,0,0,0,0,0,14,0,0,0,0,0,0,0,0,0,0,0,0,0,0,0,0,0,0,0,0
1d5be27ae0e5d28e9354cdf38e86e25d,0,0,0,0,0,0,0,0,0,0,0,0,0,0,0,0,0,0,0,0,0,0,0,0,0,0,0,0,0,0,0,0,0,0,1,0,0
30a50262851039f4645104b5aa8dec06,3,0,0,0,0,0,0,0,0,0,1,0,0,0,0,0,0,0,0,0,0,0,0,0,0,0,0,0,0,3,0,0,0,0,0,0,0
0166e834eadce665631eda48beb56b47,0,0,0,0,0,2,0,0,0,0,0,0,0,0,0,0,0,0,0,0,0,0,0,0,0,0,0,0,0,0,0,0,0,0,0,0,0
d00e06ae88e7d51831838973f8a26882,0,0,0,0,0,0,6,0,0,0,0,0,0,0,0,0,0,0,0,0,0,0,0,0,0,0,0,0,0,0,0,2,0,0,0,0,0
0c0d43737be63942c1c5923c0e0c1480,0,0,0,0,0,0,0,0,0,0,6,0,0,0,0,0,0,0,0,0,0,0,0,0,0,0,0,0,0,0,0,0,0,0,0,0,0
652c08025fa0abe63452321d3ee408bc,0,0,0,0,0,0,0,0,0,0,0,1,0,0,0,0,0,0,0,0,0,0,0,0,0,0,0,0,0,0,0,0,0,0,0,0,0
35b7e5d1064c4dd2f3ba69abb17d3c3e,0,0,0,0,0,0,0,0,0,0,0,0,0,0,0,0,0,0,0,0,0,0,0,0,0,0,0,0,0,0,0,0,0,0,0,3,0
4459ca0b04f5637ddd077a1872d6a5ef,0,0,1,0,0,0,0,0,0,0,0,0,0,0,0,0,0,0,0,0,0,0,0,0,0,0,0,0,0,0,0,0,0,0,0,0,0
7c36a7ff41037f3522c3ad20dd16763b,12,2,9,0,2,11,15,0,0,39,0,0,44,19,14,6,7,6,11,8,5,5,0,0,0,0,7,0,0,0,6,11,5,8,0,0,14
d08b4c17e65b3003f1f87ff947f702ba,1,0,9,2,0,0,8,0,0,9,0,0,15,0,6,0,0,0,0,3,0,0,1,0,0,0,0,0,0,0,0,3,0,0,0,0,0
a1c056a34bc5660a781f75efe632f1ef,0,0,0,0,0,0,0,0,12,0,0,5,0,0,0,0,0,0,0,0,0,0,0,0,0,0,0,0,0,0,0,0,0,0,0,3,0
cf6d20ee712985f67ce2b232e3646769,1,0,0,0,0,0,0,0,0,0,0,0,2,0,1,0,0,0,12,0,0,0,30,0,0,0,0,0,0,0,0,0,0,0,0,0,0
de75b4eca3afd165b6b363bdd6a2ccc4,0,0,0,0,0,0,0,0,0,0,0,0,0,0,0,0,0,0,0,0,8,0,22,0,0,0,0,0,0,0,0,0,0,0,0,0,0
30b5b83ae6879ee69f9ea59d565bc303,0,2,0,0,0,0,0,0,0,0,0,0,0,0,0,0,0,0,0,0,0,0,0,0,0,0,0,0,0,0,0,0,0,0,0,0,0
fb8b49399575b5aa70d9370af6c4141c,0,0,0,0,0,0,0,0,0,0,0,4,25,0,0,0,0,0,0,3,0,2,1,0,0,0,0,0,0,0,0,0,0,0,0,0,0
6ce5b08a98f5f591b39c8eb0e6f04581,0,0,0,0,0,0,0,0,0,0,0,0,12,0,0,0,0,0,0,0,0,0,0,0,0,0,0,0,0,0,0,0,0,0,0,0,0
003a02a62b5c0197cc739072b5dbc7e6,0,0,0,0,0,0,0,0,0,0,0,25,0,0,0,0,0,0,0,0,0,0,0,0,0,0,0,0,0,0,0,0,0,0,0,0,0
b6891fa98bcdc4a700e69214449f1fb8,0,0,0,0,0,0,0,0,0,0,0,0,0,0,0,0,0,0,0,0,0,0,0,0,0,0,0,0,0,0,0,0,0,0,0,11,0
c62dfa8cc30513010138c346fc768db6,0,0,0,0,0,0,0,0,0,0,0,0,0,0,0,0,0,0,0,0,0,0,0,0,0,0,0,0,0,0,0,1,0,0,0,0,0
7ae035d9a024c684dfbe0da3ef1a2ed3,0,0,0,0,1,0,0,0,0,0,0,0,0,2,0,0,1,0,0,0,0,0,0,0,0,0,5,136,0,0,0,0,0,0,0,0,2
e2067df9d1e737bfe0ecde5fc50fbf7f,0,0,0,0,0,0,0,0,0,0,0,0,0,0,2,0,0,0,0,0,0,0,0,0,0,0,0,0,0,15,0,0,0,1,0,0,0
c4a1ee8ea09d4e8722b82932f186742e,7,0,0,0,0,0,0,0,0,0,0,0,0,0,0,0,0,0,0,0,0,0,0,0,0,0,0,0,0,0,0,0,0,0,0,0,0
2d8c1815e9aa8c6cced1b673387d23cc,0,0,0,0,0,0,0,0,0,0,0,0,0,0,0,0,0,0,0,1,0,0,0,0,0,0,0,0,0,0,0,0,0,0,0,0,0
0aaa6f970f4f333a1fb72207fe1da4fb,0,2,4,0,0,0,3,0,0,0,0,0,0,0,0,3,0,0,0,0,0,0,0,0,0,4,0,5,0,15,0,3,15,16,2,24,0
de0e38ff0970a4b381f1ca0ad5239456,0,0,0,0,0,0,0,0,0,0,0,0,0,2,0,0,0,0,0,0,0,0,0,0,0,0,0,0,0,4,0,0,0,3,0,8,0
ad579eb2c3277eccacb6abaa7cecd614,3,0,0,0,0,0,0,0,0,0,0,0,0,0,0,0,0,0,0,0,0,0,0,0,0,0,0,0,0,0,0,0,0,0,0,0,0
bfcbf2b1f58c4c4b57cd2f7c42f4dfe6,0,0,0,0,0,0,0,0,0,0,0,0,0,3,0,0,0,0,0,0,0,0,0,0,0,0,0,0,0,0,0,0,0,0,0,0,0
efe44477c2df944ec8ca2bfccd21d9fc,0,0,4,0,0,0,0,0,0,0,0,0,0,0,0,0,0,0,0,0,0,0,0,0,0,0,0,0,0,0,0,0,0,0,0,0,0
01cba869cf6e6ca5da1745c5fc0b3267,5,4,0,1,0,0,8,0,0,6,0,1,6,0,0,0,0,0,0,1,0,0,0,0,0,0,1,0,22,0,3,5,0,0,0,0,0
a3e9ae547d394e3fb56c10e51a3a8ad2,0,0,8,0,0,0,0,0,0,0,0,0,0,0,0,0,0,0,0,0,0,0,0,0,0,0,0,0,0,0,0,0,0,0,0,0,0
3f694f226d863d30ff95ac0cc4a6f6a7,0,0,0,0,0,5,0,0,0,0,0,0,0,0,0,0,0,0,0,0,0,0,0,0,0,0,0,0,0,0,0,0,0,0,0,0,0
8d3a4fba5ca4e9a0b2f2dc3486ecac92,0,0,0,0,0,0,0,0,0,0,0,0,0,0,2,0,0,0,0,0,0,0,0,0,0,0,0,0,0,0,0,0,0,0,0,0,0
26cd636e7762218b3d5400b877b3cfdc,3,0,5,0,0,0,3,0,0,7,0,9,26,20,33,31,3,64,9,9,36,5,10,0,0,0,6,0,2,0,0,0,2,0,2,0,14
ee5aa8b4233c3a871531c04f90922af7,0,3,0,0,0,0,0,0,0,0,0,0,0,0,0,0,0,0,0,0,0,0,0,0,0,0,0,0,0,0,0,0,0,0,0,0,0
597a3bc537f42bb43ef80d6fdcbce558,0,0,8,0,0,0,6,0,0,0,0,12,7,6,8,0,6,0,0,1,3,0,3,4,18,8,0,20,107,15,414,0,12,0,7,0,0
4be68769d49e070a26ea467b9e7ae387,0,0,5,0,0,0,0,0,0,0,0,0,0,5,0,0,0,14,0,0,0,0,7,0,14,0,0,24,61,0,243,0,4,3,0,0,0
a79a1fe365cd32bc5e6227bbd393f8b8,0,0,0,8,0,0,0,0,0,0,0,0,0,0,0,0,0,0,0,0,0,0,0,0,0,0,0,0,0,0,0,0,0,0,0,0,0
a1e366768932ecbfb2473543892ad228,0,0,0,10,0,0,0,0,0,0,0,0,0,0,0,0,0,0,0,0,0,0,0,0,0,0,0,0,0,0,0,0,0,0,0,0,0
8635f3db73c488f4bf2d41ef5b6b3afe,0,5,0,0,0,0,0,0,0,0,0,0,0,0,0,0,0,0,0,0,0,0,0,0,0,0,0,0,0,0,0,0,0,0,0,0,0
e2e36b313292b36e1daa58c8c0e0b1f6,0,0,0,2,0,0,2,0,0,0,0,0,0,0,0,0,0,0,0,0,0,7,0,0,6,0,0,0,21,0,0,9,0,0,0,8,0
a8d493504faf912966e22da4081ae661,0,0,0,0,0,0,0,0,0,0,0,4,0,0,0,0,0,0,0,0,0,0,0,0,0,0,0,0,12,0,0,0,0,0,0,0,0
6fbd4999fe790b3c43899cbecbe5afb2,0,0,0,0,0,0,0,0,0,0,0,0,0,0,0,0,0,0,0,0,0,0,0,0,0,0,0,0,0,0,0,0,0,0,5,0,0
3f1b9986de2d45b2beb7624e129d3ea7,0,0,0,0,0,0,4,0,0,0,0,0,0,0,0,0,0,0,0,0,0,0,0,0,0,0,0,0,0,0,0,0,0,0,0,0,0
0ed94951a3bc54847331c8b7efdb12e2,0,2,0,0,0,0,2,0,0,8,0,0,1,12,5,0,0,0,0,0,0,0,0,0,0,0,0,0,25,5,5,0,0,0,0,0,0
40628aa1d371946082bfea1569689521,0,0,0,9,0,0,0,0,0,0,0,0,0,0,0,0,0,0,0,0,0,0,0,0,0,0,0,0,0,0,0,0,0,0,0,0,0
1c45f09ecd1af6fa8b4d1b099cf0c394,0,0,1,0,0,0,0,0,0,0,0,0,0,0,0,0,0,0,0,0,0,0,0,0,0,0,0,0,0,0,0,0,0,0,0,0,0
a848b497b89262636d5d74d19e0b4b6e,11,0,0,0,0,0,10,0,0,0,0,0,11,0,11,0,0,0,0,0,0,0,0,0,0,0,33,0,0,0,0,0,0,0,0,0,6
7d6998e0a13ded5f5017137b7f5c9f0a,0,0,0,0,0,0,0,0,0,0,0,0,0,0,4,0,0,0,4,4,0,0,0,0,0,0,13,0,0,0,0,0,0,0,0,0,0
4cfe4498a30d546da18cc9c864223eb1,0,0,0,0,0,0,0,0,0,0,0,0,0,9,0,0,0,0,0,0,0,0,0,0,0,0,0,0,0,0,0,0,0,0,0,0,0
68471e4455e1cc9faca8b232483e79cc,0,0,0,0,0,0,0,0,0,0,18,0,0,0,0,0,0,0,0,0,0,0,0,0,0,0,0,0,0,0,0,0,0,0,0,0,0
6522be9cd5440bc15a76fdc91f606782,0,0,0,0,0,0,0,1,0,0,0,0,0,0,0,0,0,0,0,0,0,0,0,0,0,0,0,0,0,0,0,0,0,0,0,0,0
00cc2e9806a0c409bd10c80dc8f1cce0,0,0,0,0,0,0,0,0,0,0,0,0,0,0,0,0,0,0,0,0,0,0,0,0,0,0,0,0,0,0,0,0,0,0,0,2,0
f1ba8c737f4628140c546ed1dccc2b91,15,15,6,0,1,18,0,22,0,0,0,11,0,0,0,0,0,0,0,4,0,0,5,0,0,6,0,0,0,0,12,4,0,20,0,0,0
b3d71f7866825fc2153ee2370e8ae744,4,0,0,0,0,0,0,15,0,0,4,0,0,0,0,0,0,0,0,0,0,0,0,0,2,0,0,0,0,0,0,0,0,0,0,0,0
3a1aa0076df2d1b2d0ee027abd905345,0,0,0,8,5,0,0,0,0,0,0,0,0,0,0,0,0,0,0,0,0,0,0,0,0,0,0,0,0,0,0,0,0,0,0,0,0
a66c46ad301cc6d4e4556ac40e434af0,0,23,0,0,0,0,0,0,0,0,0,0,0,0,0,0,0,0,0,0,0,0,0,0,0,0,0,0,0,0,0,0,0,0,0,0,0
eb71626be685a9bd5ea744e5920ef163,4,0,0,0,0,0,0,0,0,0,0,0,0,0,0,0,0,0,0,0,0,0,0,0,0,0,0,0,0,0,0,0,0,0,0,0,0
9340ec57a76574d636044df6f7f51607,0,0,0,0,0,0,0,0,7,0,0,0,0,0,0,0,0,0,0,0,0,0,0,0,0,0,0,0,0,0,0,0,0,0,0,0,0
75969773502845a6bdc2035d53de3f13,1,0,0,0,0,0,0,0,0,0,0,0,0,0,0,0,0,3,0,0,0,0,0,0,0,0,0,0,0,0,0,0,0,0,0,0,0
d61db1688812a8b0d128c8aecea4aca1,0,0,0,0,0,0,0,0,0,0,0,0,0,0,0,0,0,0,0,0,0,0,0,0,0,0,1,0,0,0,0,0,0,0,0,0,0
936cbc78ca37989e6f1973a82aed3e87,0,0,6,0,0,0,0,0,0,0,0,0,0,0,0,0,0,0,0,0,0,0,0,0,0,0,0,0,0,0,0,0,0,0,0,0,0
b149c271baf288b8d9fc9d20c00e0c9c,0,0,0,0,0,0,0,0,0,0,0,0,0,0,0,0,0,0,0,63,0,0,0,0,0,0,0,0,0,0,0,0,0,0,0,0,0
0c9b226193c9b736060c2b113b46ed6c,0,0,0,0,0,0,0,0,0,13,0,0,0,0,0,0,0,0,0,0,0,0,0,0,0,0,0,0,0,0,0,0,0,0,0,0,0
c68fc2096ea0e2c8223f652bc740c49d,0,0,0,2,0,0,0,0,0,0,0,0,0,0,0,0,0,0,0,0,0,0,0,0,0,0,0,0,0,0,0,0,0,0,0,0,0
f97a9a5b26d184e3780d4d05b35b5d42,0,0,0,0,0,0,0,0,0,0,0,0,2,0,0,0,0,0,0,0,0,0,0,0,0,0,0,0,0,0,0,0,0,0,0,0,0
b8ec696068d76cefe88934935eb87d0c,0,0,0,0,3,0,0,0,0,0,0,0,0,0,0,0,0,0,0,0,0,0,0,0,0,0,0,0,0,0,0,0,0,0,0,0,0
14fee006d8484a2f630219aa9750511e,0,0,0,0,1,0,0,0,0,0,0,0,0,0,0,0,0,0,0,0,0,0,51,21,0,0,0,0,0,0,0,0,0,0,0,0,0
c5d505a0d4cf4fcc6a109370ba1682e2,0,0,0,0,0,0,0,0,0,0,0,0,0,0,0,0,0,0,0,0,0,0,0,0,0,10,1,0,0,0,0,2,0,0,48,0,0
1c96ab1e5b61322490757797ea949526,0,0,0,0,0,0,0,0,0,0,0,0,0,0,0,0,0,0,0,0,0,0,0,0,0,10,0,0,0,0,0,0,0,0,24,0,0
15bcbd4f234ac4877ebf3459c1830c0f,0,0,0,0,0,0,0,0,0,0,0,0,6,0,0,0,0,0,0,0,0,0,0,0,0,0,0,0,0,0,0,0,0,0,0,0,0
0d4aa31a6f6679bb422bf122ca8f37f9,0,0,0,0,0,0,0,0,0,0,0,0,0,0,0,0,0,0,0,2,0,0,0,0,0,0,0,0,0,0,0,0,0,0,0,0,0
2049489625bb767aeb54983c1c03c0bc,0,0,6,0,0,0,0,0,0,0,0,0,0,0,0,0,0,0,0,0,0,0,0,0,0,0,0,0,0,0,0,0,0,0,0,0,0
3f25acd5550eb5840c48f266d0673e9d,198,1106,495,1229,1107,194,57,21,38,65,33,730,85,93,25,35,17,23,18,53,6,21,45,105,0,0,0,0,12,4,9,17,7,21,146,2,2
ac4788bff0c35a9a4e8050867e8d815b,0,0,0,26,14,0,0,0,0,0,0,0,0,0,0,0,0,0,0,0,0,0,0,0,0,0,0,0,0,0,0,0,0,0,0,0,0
2946871ead4c01b771d0a230f8e611b0,0,0,0,0,0,0,0,0,0,0,0,0,8,5,0,0,0,0,0,0,0,0,0,0,0,0,0,0,0,0,0,0,0,0,0,0,0
58d3de33b8b5d614a62c24b57b31a4be,0,0,0,7,0,0,0,0,0,0,0,0,0,0,0,0,0,0,0,0,0,0,0,0,0,0,0,0,0,0,0,0,0,0,0,0,0
14f696cc1517a826b5404229c1d2d0e4,0,0,0,0,2,0,0,14,0,0,0,0,0,0,0,0,0,0,0,0,0,0,0,0,0,0,0,0,0,0,0,0,0,0,0,0,0
c6443f8fc124cb44569fa27df29661d9,0,0,0,0,0,0,0,0,0,0,0,0,0,0,0,0,0,0,0,0,0,0,0,0,0,0,0,0,0,0,3,0,0,0,0,0,0
16d2f1617de3eaaf0cbe61e917aa1d6f,0,0,0,0,0,0,0,0,0,0,0,0,0,0,0,0,0,0,0,0,0,0,0,0,1,0,0,0,0,0,0,0,0,0,0,0,0
b0a41ba007688c562fd5637af6865547,0,0,2,12,36,4,0,0,0,0,0,0,0,0,0,0,0,0,0,12,0,0,2,0,0,0,0,0,0,0,4,0,8,0,5,0,0
346b17a243386d62446b02c47a06f130,0,0,0,0,22,0,3,0,0,0,0,0,0,0,0,0,0,0,0,2,0,0,0,0,0,0,0,0,0,0,0,0,0,0,0,0,0
dcc2cd38ddbcac147534412c7a7a92d2,0,0,0,0,0,4,0,0,0,0,0,0,0,0,0,0,0,0,0,0,0,0,0,0,0,0,0,0,0,0,0,0,0,0,0,0,0
3cb7bd5da68be5cb8617d2565dc218ec,0,0,0,0,0,0,0,0,0,0,0,0,0,0,0,0,0,0,0,0,0,0,0,0,0,0,0,0,0,10,0,0,0,0,0,0,0
adc3f933dc288612c86c7c9687a4645f,0,0,0,0,0,0,0,0,0,0,0,0,0,0,0,0,0,0,0,0,0,0,0,0,0,0,0,0,0,2,0,0,0,0,0,0,0
26b16829067f096ad9b50a70f3874778,0,0,0,0,0,0,0,0,0,0,0,0,0,0,0,0,0,0,0,0,0,0,2,0,0,0,0,0,0,0,0,0,0,0,0,0,0
841147522bde1114afd1759fce48794a,0,0,0,0,0,0,0,0,0,0,0,0,0,15,0,0,0,0,0,0,0,0,0,0,0,0,0,0,0,0,0,0,0,0,0,0,0
416bd511ee8dcb98df0eb71633cb77a2,0,0,9,0,0,0,0,0,0,0,0,0,0,0,0,0,1,0,0,0,0,1,0,0,0,0,0,0,0,0,0,0,0,0,0,0,0
77c1a2e7a07d1a274453e7eb0841f9df,0,0,0,0,0,0,0,0,0,0,0,0,0,0,0,0,0,0,0,0,4,0,0,0,0,0,0,0,0,0,0,0,0,0,0,0,0
0f1a344ef1a460cb08abd35ad3dea206,0,26,16,5,0,0,0,0,0,0,0,0,34,0,0,0,0,0,0,0,0,0,0,0,0,0,0,0,0,0,0,0,0,0,0,0,0
54a70efd064cd46aa4f8d18dc9a4170a,4,22,14,0,0,0,5,0,0,0,0,70,66,3,4,6,5,0,0,0,2,3,0,0,0,0,0,0,0,0,0,0,0,0,0,0,0
c27c1ee91aabf4a8bac25d702197b6cc,0,0,0,0,0,0,0,0,0,0,0,0,6,0,0,0,0,0,0,0,0,0,0,0,0,0,0,0,0,0,0,0,0,0,0,0,0
045a4c763fd0f983f52fb4a1a7e74dae,0,0,0,0,0,0,0,0,0,0,0,0,0,0,0,0,0,0,0,0,0,0,0,0,0,0,0,0,0,0,0,3,0,0,0,0,0
a229ceb589d8f8f454daf69c9c932de9,7,7,14,4,1,5,6,0,10,5,0,2,13,6,4,0,15,0,1,0,0,3,15,0,8,10,0,0,0,0,2,0,0,28,0,2,0
eeb0748d2218c886a51af81bda63b192,0,6,0,0,0,0,0,0,0,2,0,0,0,0,0,0,5,0,0,0,0,0,9,0,0,0,0,0,0,0,0,0,0,14,1,0,0
5b9db4b8e672b9ebe50b25a68563d32d,0,0,0,0,0,0,0,0,0,0,0,0,0,0,0,0,0,0,0,0,0,0,2,0,0,0,0,0,0,0,0,0,0,0,0,0,0
311d6a47deca162368e0fe6608bc8ace,0,0,0,0,0,0,0,0,0,0,0,237,0,0,0,0,0,0,0,0,0,0,0,0,0,0,0,0,0,0,0,0,0,0,0,0,0
ce144208f7f5c7921ca77ae3da28a7b2,0,0,0,0,0,0,0,0,0,0,0,0,0,0,0,0,0,0,0,0,0,0,0,0,0,0,0,0,0,0,0,0,0,0,1,0,0
2287d7a7cb951517a1cad8a0b4cf1d11,1,0,0,0,0,0,0,0,0,0,0,0,0,0,0,0,0,0,0,0,0,0,0,0,0,0,0,0,0,0,0,0,0,0,0,0,0
2deff247a29d92139817393ace6cbe9b,0,0,0,0,0,0,0,0,0,0,0,0,0,0,0,0,0,0,0,0,0,0,0,0,0,0,0,0,0,0,0,0,0,0,2,0,0
1d2276bc52e0466c8563b06806b34383,0,0,0,0,0,0,0,0,0,0,0,0,0,0,0,0,0,0,0,0,0,0,1,0,0,0,0,0,0,1,0,0,0,0,0,0,0
4a36d03841efc3cbd182c5f022512337,0,1,0,0,0,0,0,0,0,0,0,0,0,0,0,0,0,0,0,0,0,0,0,0,0,0,0,0,0,0,0,0,0,0,0,0,0
01b140a48519d588e7add02c818244f0,0,0,0,0,0,0,0,0,0,0,0,0,0,0,0,0,0,0,0,0,0,0,1,0,0,0,0,0,0,0,0,0,0,0,0,0,0
dd29c91a89f49df5b7134083ad8a4302,0,0,0,0,0,0,0,0,0,0,0,0,0,0,0,0,0,0,0,1,0,0,0,0,0,0,0,0,0,0,0,0,0,0,0,0,0
4f693ec43696c3e35a5609f8247ba0f6,0,0,0,0,0,0,0,5,0,0,0,0,0,0,0,0,0,0,0,0,0,0,0,0,0,0,0,0,0,0,0,0,0,0,0,0,0
8e33c5003000710a83378c39e68bd361,0,0,0,0,0,0,0,0,0,0,0,0,0,5,11,0,0,11,14,10,0,0,0,0,0,0,17,0,0,0,0,0,0,0,0,0,16
132365ab77f361128483ab2113481c8e,1,0,0,0,0,0,0,0,0,0,0,0,0,0,5,28,0,0,15,9,0,0,0,0,0,0,9,0,0,0,0,0,0,0,0,0,15
0aae178ac8ae5c00937ac2ebf30e31d5,0,0,0,0,0,0,0,0,0,0,0,0,0,0,0,0,0,0,0,0,0,0,0,0,0,3,0,0,0,0,0,0,0,0,0,0,0
145fc1ef5788347953194d4b200b52d9,0,0,0,0,0,0,0,0,0,8,0,0,0,0,0,0,0,0,0,0,0,0,0,0,0,0,0,0,0,0,0,0,0,0,0,0,0
920145a80ede73ef7d5bc1e0b3b53e81,3,0,0,0,0,0,0,0,0,0,0,0,0,0,0,0,0,0,0,0,0,0,0,0,0,0,0,0,0,0,0,0,0,0,0,0,0
5be8038881075a84b01aabd4c2db242c,0,0,0,0,0,0,0,0,0,0,0,0,0,0,0,0,0,0,0,0,0,0,0,0,0,0,0,0,0,1,0,0,0,0,0,0,0
b1642c81abb558a90b6ca6013aa0c215,1,0,0,0,0,0,0,0,0,0,0,0,0,0,0,0,0,0,0,0,0,0,0,0,0,0,0,0,0,0,0,0,0,0,0,0,0
ab18350aa467177735e5b9029b74731b,0,0,0,0,0,0,0,0,0,0,0,0,0,0,0,0,0,0,0,0,0,0,2,0,0,0,0,0,0,0,0,0,0,0,0,0,0
a0ee2fd7cb7d7e93d9d1efb765e3ee4c,0,0,0,0,0,0,0,0,0,0,0,0,0,0,0,0,0,0,0,6,0,0,0,0,0,0,0,0,0,0,0,0,0,0,0,0,0
0c7fed816eca14146ac7206b66c64a15,0,0,0,0,0,0,0,0,0,0,0,0,0,0,0,0,0,0,0,6,0,0,0,0,0,0,0,0,0,0,0,0,0,0,0,0,0
1e2d834a3de52bef2c84b46f260e8c60,0,0,0,0,0,0,0,0,0,0,0,0,0,0,0,0,0,0,0,1,0,0,0,0,0,0,0,0,0,0,0,0,0,0,0,0,0
8eb659e5671977027ccb302c73bd0f8d,0,0,0,0,0,0,0,0,0,0,0,0,0,0,0,0,0,0,0,0,0,0,0,0,1,0,0,0,0,0,0,0,0,0,0,0,0
4a0120cdb571f87d1a0e9c6c00f0ca02,0,0,0,0,0,0,0,0,0,0,0,0,0,0,0,0,0,0,0,0,0,0,0,0,0,0,0,0,0,4,0,0,0,0,0,0,0
1b6ecb08afc79ad205a7b59447766d21,0,0,0,0,0,0,0,0,0,0,0,0,0,0,0,0,0,0,0,0,0,0,0,0,0,1,0,0,0,0,0,0,0,0,0,0,0
0787d8f3b99a31d8a8f8a343b84b0676,0,0,0,0,0,0,0,0,0,0,0,0,0,0,0,0,0,0,0,0,0,0,0,0,0,0,0,0,0,0,0,0,0,0,0,0,3
954655b0aed0a73835e4dbad5b40098a,0,0,1,0,0,0,0,0,0,0,0,0,0,2,0,0,0,0,0,0,0,0,0,0,0,0,0,0,0,0,0,0,0,0,0,0,0
7a5b4028eda223ddc1b3964cf666e2ab,0,0,0,0,0,0,0,0,0,0,0,0,0,0,0,0,0,0,0,3,0,0,0,0,0,0,0,0,0,0,0,0,0,0,0,0,0
7c7e7d5350a894fb47b5ac752b87fbd8,0,0,0,0,0,0,0,0,0,0,0,0,0,0,0,0,0,0,4,0,0,0,0,0,0,0,0,0,0,0,0,0,0,0,0,0,0
ee82a098a2c9f227d47bc5c12d694174,0,0,0,0,0,0,0,0,0,0,0,0,0,0,0,0,0,0,0,0,0,0,57,0,0,0,1,0,0,0,0,0,0,0,0,0,0
570fd64f9e4b80eb2ad6e51c888619de,0,0,0,0,0,0,0,0,0,0,0,0,0,0,0,0,0,0,0,0,0,0,1,0,0,0,0,0,0,0,0,0,0,0,0,0,0
cdb31373f8e7ac13fd8be5c0734ac166,0,0,0,0,0,0,0,0,0,0,0,0,0,0,2,0,0,0,0,0,0,0,0,0,0,0,0,0,0,0,0,0,0,0,0,0,0
29bd6b67a289a9d9ff1f5b17eccb90ac,0,0,0,0,0,0,0,0,0,0,0,0,0,0,0,0,0,0,0,0,0,0,0,1,0,0,0,0,0,0,0,0,0,0,0,0,0
f98aae415076297977fde9831fbd6259,0,0,0,0,0,0,0,0,0,0,0,0,0,0,0,0,0,0,0,0,0,0,0,0,0,0,2,0,0,0,0,0,0,0,0,0,0
75a2f8e9de22da2da0bb7cb1c843fc93,0,0,0,0,0,0,0,0,0,0,0,0,0,0,0,0,0,0,0,0,0,0,0,0,0,1,0,0,0,0,0,0,0,0,0,0,0
1058571b54c16c09ee640ecf0514b3a3,0,0,0,0,0,0,0,0,0,0,4,0,0,0,0,0,0,0,0,0,0,0,0,0,0,0,0,0,0,0,0,0,0,0,0,0,0
3c43133d015ff4dd3a7773e272f3b663,0,0,0,0,0,0,0,0,0,0,0,0,0,0,0,0,0,0,0,14,0,0,0,0,0,0,0,0,0,0,0,0,0,0,0,0,0
bf1b7d40f50570048ac9d7d743e22310,0,0,0,0,0,0,0,0,0,0,0,0,0,1,0,0,0,0,0,0,0,0,0,0,0,0,0,0,0,0,0,0,0,0,0,0,0
c77ae864c3afe9167b8043a9e73f39de,0,0,0,0,0,0,0,6,0,0,0,0,0,0,0,0,0,0,0,0,0,0,0,0,0,0,0,0,0,0,0,0,0,0,0,0,0
386d723437fd53f2d29f9d4a7f84fb8d,0,0,0,0,0,0,0,0,0,0,0,0,0,0,0,0,0,0,0,0,0,0,0,0,0,0,0,0,0,0,0,0,0,0,5,0,0
9b235b2eec4878e5779e101f12a94be8,0,0,0,0,0,0,0,0,0,0,0,0,0,0,0,0,0,0,0,0,0,0,0,0,0,0,0,1,0,0,0,0,0,0,0,0,0
9102a63bdd6936cb1a4a59b8d0b6313f,0,0,0,0,0,0,0,0,0,0,0,4,0,0,0,0,0,0,0,0,0,0,0,0,0,0,0,0,0,0,0,0,0,0,0,0,0
e4ceca0c14c6d219489e695750006605,0,0,0,0,0,0,0,0,0,0,0,0,0,0,0,0,2,0,0,0,0,0,2,0,0,0,14,0,0,0,0,0,0,0,0,0,0
ad4c2cd94bb9c2daefdde4e7527cef18,0,0,0,0,0,0,0,0,0,0,0,0,0,0,2,0,0,0,0,0,10,0,0,0,0,0,0,0,0,0,0,0,0,0,0,0,0
694be1537df71cd942f3b4fe9be3ca44,0,0,20,0,0,0,0,0,0,0,0,0,0,0,0,0,0,0,0,0,0,0,0,0,0,0,0,0,0,0,0,0,0,0,0,0,0
f9b2e4d3a6b98e4842d1146f071d6115,0,0,0,0,0,0,0,0,0,0,0,0,0,0,0,0,0,0,0,0,0,0,0,0,0,0,0,0,0,0,0,5,0,0,0,0,0
883ad2d59211acb6748597149f71db5e,120,11,69,1030,0,0,85,0,0,108,0,0,0,110,65,103,22,200,298,149,21,0,24,0,6,6,82,3,0,0,10,544,13,62,0,37,278
6704a7d0cbfae921a509b7d37e6a5c7d,0,0,0,0,0,0,0,0,0,0,0,0,0,0,0,0,0,0,0,0,0,0,0,0,0,0,0,0,0,0,0,0,0,0,0,0,9
ceb0203b53b5877d656c570824d35e34,0,0,0,0,0,0,0,0,0,0,0,0,0,0,0,0,0,0,5,0,0,0,0,0,0,0,0,0,0,0,0,0,0,0,0,0,0
e0f1bc7656b563c58c375845142951d5,0,0,0,0,64,166,0,0,0,0,3,103,10,0,0,0,0,0,0,0,0,0,0,111,0,0,0,0,761,7,0,0,0,0,188,0,0
27de7965d33baafc1c7a40b5c917bdfd,0,0,0,0,0,0,0,0,2,0,0,0,0,0,0,0,0,0,0,0,0,0,0,0,0,0,0,0,0,0,0,0,0,0,0,0,0
532df300c29eee67f408d14ec3a22727,0,0,0,0,0,0,0,0,0,0,0,0,0,0,0,0,0,0,0,0,0,0,0,0,0,0,0,0,0,0,0,0,8,0,0,0,0
62a68f12ec6a36bb4f9d2a084877e238,0,6,0,0,0,0,0,0,0,0,0,0,0,0,0,0,0,0,0,0,0,0,0,0,0,0,0,0,0,0,0,0,0,0,0,0,0
32426e27cded44d232469d5ca087d5be,4,127,27,11,14,5,9,0,3,7,0,16,168,14,35,0,10,16,0,9,58,9,45,64,0,12,4,5,3,16,19,36,19,31,13,0,5
dc7808ffd7ab7c8aa732c5198740ac49,26,285,33,13,10,0,0,0,0,0,14,0,6,0,6,0,0,0,0,0,15,0,9,29,0,9,0,0,0,33,11,21,7,13,4,0,0
af42eaf5e5aff76b82bc1f0ff29a1a7e,0,0,0,0,0,0,0,0,0,0,0,0,0,0,0,0,0,0,0,0,0,0,1,0,2,0,0,0,0,2,0,0,0,0,1,0,0
c90f6346ff6db2232e187d904d9d6fd3,0,0,0,0,0,0,0,0,0,0,0,0,0,0,0,0,0,0,0,0,0,0,0,0,0,2,0,0,0,0,0,0,0,0,0,0,0
f352d5e10fb61de6451eb8a520da8c39,0,0,0,0,0,0,0,0,0,0,0,0,0,0,0,0,0,0,0,1,0,0,0,0,0,0,0,0,0,0,0,0,0,0,0,0,0
605e74495e1ca6c31c627c6fbe0e6eb9,0,0,0,0,0,0,0,0,0,0,0,0,0,0,0,0,0,0,0,0,0,0,0,0,0,1,0,0,0,0,0,0,0,0,0,0,0
75781e8a84d4cb3a4b0723c18f50a4da,0,0,0,0,0,0,0,12,0,0,0,0,0,0,0,0,0,0,0,1,0,0,0,0,0,0,0,0,0,0,0,0,0,0,0,0,0
a784272746ffaa5b329f19e3fa0f6c9f,0,0,0,0,0,0,0,0,0,0,0,0,2,0,0,0,0,0,0,0,0,0,0,0,0,0,0,0,0,0,0,0,0,0,0,0,0
cb2ddf7d9419c9e78f910b34e9df74aa,0,0,0,0,0,0,0,0,0,0,0,0,0,0,0,0,0,0,0,0,0,0,0,0,0,0,0,0,8,0,0,0,0,0,0,0,0
006e40e0712f2d668b834ac4d0d928cc,0,0,0,0,0,0,0,0,0,0,0,0,0,0,0,0,0,0,0,0,0,0,0,7,2,0,0,0,17,50,0,0,0,0,0,0,0
bd251116269a80c1ebd68f56f01d2f81,9,0,0,0,0,0,0,0,0,0,0,0,0,0,0,0,0,0,0,0,0,0,0,0,0,0,0,0,0,0,0,0,0,0,0,0,0
bf7a4b9aca9c9b08d056252d84ed7a2c,0,0,0,0,0,0,0,0,0,0,0,0,0,0,0,0,0,0,0,0,0,0,0,0,0,0,0,0,0,0,0,0,0,3,0,0,0
f6fce2414d38b48aea0696e8b6f91ac4,0,0,0,0,0,0,0,0,0,0,0,0,0,0,0,0,0,0,0,2,0,0,0,0,0,0,0,0,0,0,0,0,0,0,0,0,0
0043c2a80aaf2729ccde8c6d10dd2401,0,0,0,0,0,0,0,0,0,0,0,0,0,0,0,0,0,0,0,0,0,0,0,0,3,0,0,0,0,0,0,0,0,0,0,0,0
4ebd3aa4062334c5ec87af4c40acbdfc,0,0,0,0,0,0,0,0,0,0,0,0,0,0,0,0,0,0,0,0,0,0,1,0,0,0,0,0,0,0,0,0,0,0,0,0,0
bc53ebb1d10f4306b1139f01bc009f6d,2,0,0,0,0,0,0,0,0,0,0,0,0,0,0,0,0,0,0,0,0,0,0,0,0,0,0,0,0,0,0,0,0,0,0,0,0
9d3e66b043f2841c9d8e369612036506,0,0,0,0,0,0,0,0,0,0,0,0,0,0,0,0,0,0,0,0,3,0,0,0,0,0,0,0,0,0,0,0,0,0,0,0,0
bad9bc3a298df8a7a46576047b4f0cf2,0,0,0,0,0,1,0,0,0,0,0,0,0,0,0,0,0,0,0,0,0,0,1,0,0,0,0,0,0,3,0,0,0,0,0,0,0
7baa70f5614a390f3b0af89388d8d615,0,0,0,0,0,0,0,1,0,0,0,0,0,0,0,0,0,0,0,0,0,0,0,0,0,0,0,0,0,0,0,0,0,0,0,0,0
82367fa3d7188b1a1292223af283b00c,0,0,0,0,0,0,0,0,0,0,1,0,0,0,0,0,0,0,0,0,0,0,0,0,0,0,0,0,0,0,0,0,0,0,0,0,0
9cfdf398aaa910e01891be33daefff17,0,0,0,0,0,0,0,0,0,0,0,0,0,0,0,0,0,0,0,0,0,0,0,0,0,0,0,0,0,0,0,0,0,0,0,2,0
9c70f2219206f09a4768f6f13e611395,0,0,0,0,0,0,0,0,0,0,0,0,0,0,0,0,0,0,0,0,0,0,0,0,2,0,0,0,0,0,0,0,0,0,0,0,0
37f57f771c8b624772efa092fb3a8300,0,0,0,0,0,0,0,0,0,0,0,0,0,0,0,0,0,0,0,3,0,0,0,0,0,0,0,0,0,0,0,0,0,0,0,0,0
859e770c51f5d27e706f8ea1b2202a84,0,0,0,0,0,0,0,2,0,0,0,0,0,0,4,0,0,0,0,0,0,0,0,0,0,0,0,0,0,0,0,0,0,0,0,0,0
62d7e6ac4ca0784a2a4c0cb264dbbab0,0,0,0,0,0,0,0,0,0,0,0,0,0,0,0,0,0,0,0,0,0,0,1,0,0,0,0,0,0,0,0,0,0,0,0,0,0
5da9c0f9925d03feebc1d954fccdf481,0,4,0,0,0,0,0,0,0,0,0,0,0,0,0,0,0,0,0,0,0,0,0,0,0,0,0,0,0,0,0,0,0,0,0,0,0
e4fc0eafef09bff5ea977c39f9c43f4e,0,0,0,0,0,0,0,0,0,0,0,0,0,0,0,0,0,0,0,0,0,0,0,0,0,0,0,0,0,0,0,0,0,0,0,1,0
416806c78366d48932b12ba68dd77aa7,0,0,0,0,0,0,0,0,0,0,0,0,0,0,0,0,0,0,0,2,0,0,0,0,0,0,0,0,0,0,0,0,0,0,0,0,0
50905fcb7a526ff1dffa5922719492fb,0,5,0,0,0,0,0,0,0,0,0,0,0,1,0,0,0,0,0,0,0,0,0,0,0,0,0,0,0,0,0,0,0,0,0,1,0
9dfb042269e43294501ddc440337b656,0,0,6,0,0,0,1,0,0,0,0,0,0,0,0,0,0,0,0,2,0,0,0,0,0,0,0,0,0,0,0,0,0,0,0,0,0
70a32cdb7aef7d842cc19f17b4369075,0,0,0,0,0,0,0,0,0,0,0,0,0,0,0,0,0,0,0,0,0,0,0,41,0,0,0,0,0,0,0,0,0,0,0,0,0
6ec55c3e46c0937a81b6d8e8a310b831,0,7,0,0,15,4,0,0,0,8,0,0,0,0,0,0,0,0,0,0,0,0,14,4,0,0,0,0,0,0,0,0,0,0,0,0,0
e552d044b9bf396769f3082df80141c7,0,0,0,0,4,0,2,0,0,0,0,0,0,0,0,0,0,0,0,0,0,0,6,0,0,0,0,0,0,0,0,0,0,0,0,0,0
47391cfac0d362b7644f45ea9ce7e3f2,0,0,8,0,0,0,0,0,0,0,0,0,0,0,0,0,0,0,0,0,0,0,0,6,0,0,0,0,0,0,0,0,0,0,0,6,0
a72b0cd731fc24ccf72fc2d3736f66ee,0,0,0,0,0,0,0,0,0,0,0,0,0,0,0,0,0,0,0,0,0,5,0,0,0,0,0,0,0,0,0,0,0,0,0,0,0
5975e908741740cbe0b004c633ce81ba,62,335,122,195,40,60,123,0,0,108,26,572,622,251,108,79,77,50,14,55,41,153,477,813,60,71,30,51,168,855,364,250,605,335,210,118,17
d19e906f7a3b5f3aeed0cb6fe5ca648d,33,161,36,107,20,21,51,0,0,51,16,315,303,137,64,35,38,0,11,31,24,58,241,403,26,39,9,23,92,482,159,107,327,160,111,65,15
d7fc63f693fc14c692934810458c11f9,0,0,0,0,0,0,0,0,0,0,0,19,0,0,0,0,0,0,0,0,0,0,0,0,0,0,0,0,0,21,0,0,0,0,0,0,0
738f640139881e4627de1f7cd4bb754a,0,0,0,0,0,0,0,0,0,0,0,0,0,0,0,0,0,0,0,0,0,0,0,17,0,0,0,0,0,0,0,0,0,0,0,0,0
90103deb1095b2f0d4a9bdb2c8ee40fc,0,0,0,0,0,0,0,0,0,0,0,12,0,0,0,0,0,0,0,0,0,0,0,0,0,0,0,0,0,0,0,0,0,0,0,0,0
4317f6a25c3cf3c1fc9fe60b7ad45166,0,0,0,0,0,0,0,0,0,0,0,0,0,0,0,0,0,0,0,0,0,0,0,0,0,0,0,0,6,0,0,0,0,0,0,0,0
8e39e0d608eaf498f466167bbe6b4872,0,0,0,0,0,0,0,0,0,0,0,0,0,0,0,0,0,0,0,0,0,0,0,22,0,0,0,0,0,0,0,0,0,0,0,0,0
a5efe58592f390d2c7115df9c420ed7d,0,0,0,0,0,0,0,0,0,0,0,0,0,0,0,0,0,0,0,0,0,0,11,24,0,0,0,0,0,21,10,0,8,6,0,0,0
946109f40dda3b0d2fcb6e073dfb22ef,0,0,0,0,0,0,0,0,0,0,0,6,0,0,0,0,0,0,0,0,0,0,0,0,0,0,0,0,0,0,0,0,0,0,2,0,0
c3803c65582d0393d24bb48bc53b7b5b,0,0,0,0,0,0,0,0,0,0,0,149,0,0,0,0,0,0,0,0,0,0,0,0,0,0,0,0,0,0,0,0,0,0,0,0,0
f54ee405df2cabb63ad56d8b8138f648,0,48,0,0,0,0,0,0,0,0,0,0,0,0,0,0,0,0,0,0,0,0,0,0,0,0,0,0,0,0,0,0,0,0,11,0,0
5b90dc18b9f0395f2d0391dfd15717d5,0,0,0,0,0,0,0,0,0,0,0,0,0,0,0,0,0,0,0,0,0,0,0,76,0,0,0,0,0,0,0,0,16,24,0,0,0
de7d32584b0e6df67e06c7ecc414e891,0,0,0,0,0,0,13,0,0,11,0,0,0,0,0,0,0,0,0,0,0,0,0,0,0,0,0,0,0,0,0,0,0,0,0,0,0
7786cb89dad13ed211606cfc3aaa0419,0,0,0,0,0,0,0,0,0,0,0,20,0,0,0,0,0,0,0,0,0,0,0,0,0,0,0,0,0,0,0,0,0,0,0,0,0
83677fa784973e5d7875d46f4e0ea273,6,0,0,0,0,0,16,0,0,0,0,0,16,32,0,0,0,0,0,0,0,0,6,100,0,0,0,0,6,39,31,20,56,65,18,11,0
570375755eb2a63a4820c94f3a44f081,0,0,0,0,0,0,0,0,0,0,0,0,0,0,0,0,0,0,0,0,0,0,5,0,0,0,0,0,0,0,0,0,0,0,0,0,0
30434a041214e21169b9292366094c43,0,0,56,0,0,0,0,0,0,0,0,0,0,0,0,0,0,0,0,0,0,0,0,0,0,0,0,0,0,0,0,0,0,0,0,0,0
790ef400fafc16c1ce41978901995314,0,0,0,0,0,0,0,0,0,0,0,0,0,0,0,0,0,0,0,0,0,0,0,3,0,0,0,0,0,0,0,0,0,0,0,0,0
e58bd5ab9ada10cd249074a74f086f7d,0,0,0,0,0,0,0,0,0,0,0,0,10,0,0,0,0,0,0,0,0,0,0,0,0,0,0,0,0,0,0,0,0,0,0,0,0
51951ca81c89ec59ba268055a1041b3c,0,0,5,0,0,0,0,0,0,0,0,0,0,0,0,0,0,0,0,0,0,0,0,0,0,0,0,0,0,0,0,0,0,0,0,0,0
edebcf9f84170dde8941d953e047c5e4,0,0,0,6,0,0,0,0,0,0,0,0,0,0,0,0,0,0,0,0,0,0,0,0,0,0,0,0,0,0,0,0,0,0,0,0,0
5ffd17c16c142cce16a8b634c24a8552,0,0,0,0,0,0,0,0,0,0,0,0,0,0,0,0,0,0,0,0,0,0,0,0,0,0,0,0,0,0,0,0,6,0,0,0,0
a3cf6875fcaceef738101de18c738ca1,0,0,0,0,0,0,0,0,3,0,0,0,0,0,0,0,0,0,0,0,0,0,0,0,0,0,0,0,0,0,0,0,0,0,0,0,0
75984278be37717094b054d702a7357f,30,2,5,11,0,9,3,14,15,18,0,0,1,23,1,0,2,0,0,4,0,2,3,0,6,0,0,0,0,5,0,11,0,16,0,11,0
9745e46d699661e13514f52ed4807bef,0,2,0,5,0,0,0,13,12,8,0,7,0,0,0,0,7,0,0,0,0,0,3,0,0,0,0,0,0,6,0,0,2,3,5,0,0
8016fa4d83a8ed1ad00d86651624455a,0,0,0,0,0,0,0,5,0,0,0,0,0,0,0,0,0,0,0,4,0,0,0,0,0,0,0,0,0,0,0,0,0,0,0,0,0
e365fbee21f2a6285e053cd51210727f,0,0,0,0,0,0,0,0,0,0,0,0,0,0,0,0,0,0,0,0,0,0,0,0,0,0,0,0,0,0,0,0,12,0,0,0,0
9ac3c77c3daa4d167cb79eebebd92a76,0,0,0,0,0,0,0,0,0,0,0,0,0,0,0,0,0,0,0,0,0,0,1,0,0,0,0,0,0,0,0,0,0,0,0,0,0
493b8e71adb970135bbf59ece3f4b5e2,0,0,0,0,0,0,0,0,0,0,0,0,6,9,0,0,0,0,0,0,0,0,0,0,0,0,0,0,0,0,0,0,1,0,0,0,0
0ae19aa6f4a81e8c50dd9f55f5e1e623,0,0,0,0,0,0,0,0,0,0,0,0,0,0,0,0,0,0,0,0,0,0,0,0,0,0,0,0,3,0,0,0,0,0,0,0,0
7e70a26f05afcebeab0d19eaa43dd6ec,0,0,0,0,0,0,0,0,0,0,0,0,0,0,0,0,0,0,0,0,0,0,0,0,0,2,0,0,0,4,0,0,0,0,0,0,0
5236fce2152aafbf031dd97d95751b38,0,8,5,7,0,0,0,14,0,0,5,0,0,0,0,0,0,0,0,1,0,0,0,0,0,0,0,0,0,0,0,0,0,7,0,0,0
cf5f2a0865d45425bfc6d7e2c17e1478,1,0,0,0,0,0,0,0,0,0,0,0,0,0,0,0,0,0,0,0,0,0,0,0,0,0,0,0,0,0,0,0,0,0,1,0,0
a9737bf67468d979f61ad98ec5483b67,0,0,0,0,0,0,0,0,3,0,0,0,0,0,0,0,0,0,0,0,0,0,0,0,0,0,0,0,0,0,0,0,0,0,0,0,0
2b96c107fcf61a0e4c9ebf3bd4d92ea7,0,0,0,0,0,0,0,8,0,0,0,0,0,0,0,0,0,0,0,0,0,0,0,0,0,0,0,0,0,0,0,0,0,0,0,0,0
1a190fe65c28681a321e808563eccfa8,0,0,0,4,1,0,0,0,0,0,0,0,0,0,0,0,0,0,0,0,0,0,0,0,0,0,0,0,0,0,0,0,0,0,0,0,0
3a7bc78209da42b25741cc3067c8f9a4,0,0,7,12,0,0,0,0,0,3,0,0,4,0,0,0,4,2,0,0,0,0,5,0,0,0,0,0,0,0,0,0,0,0,0,0,0
637e76f13a6de94add4874800a5f3448,0,0,0,0,0,6,2,0,0,0,0,0,12,0,0,0,4,0,0,1,0,0,0,0,5,0,0,0,0,0,6,0,0,0,0,0,0
2870f0133efd947f99749739aff92c7e,0,0,0,0,0,0,0,0,0,0,3,0,0,0,0,0,0,0,0,0,0,0,0,0,0,0,0,0,0,0,0,0,0,0,0,0,0
d4b5037f4fb5e534015ed350353d5d3e,0,0,0,0,0,0,0,0,4,0,0,0,0,0,0,0,0,0,0,0,0,0,0,0,0,0,0,0,0,0,0,0,0,0,0,0,0
fde20199018f13f3bf91863c9bf4cc80,0,0,2,0,0,0,0,0,0,0,0,0,0,0,0,0,0,0,0,0,0,0,0,0,0,0,0,0,0,0,0,0,0,0,0,0,0
6f343f2de7e3b3aa74d8d27a11887365,9,0,0,0,0,0,0,0,0,0,0,0,0,0,0,0,0,0,0,0,0,0,0,0,0,0,0,0,0,0,0,0,0,0,0,0,0
e108cfb77f53ab7ed2cc4c48dccfc4ea,0,0,0,0,0,0,0,0,0,0,0,0,0,0,1,2,0,0,0,2,0,0,0,0,0,0,0,0,0,0,0,0,0,0,0,0,5
5d17402acd44ff09a32436559fa79d8f,4,0,0,0,0,0,0,0,0,0,0,0,0,0,0,0,4,0,0,0,0,0,0,0,0,0,0,0,0,0,0,0,0,0,0,0,0
ad9fb7e1631725a6c3bf36705d21f4fa,0,0,0,0,0,0,0,0,0,0,0,0,0,0,0,0,0,0,0,0,0,0,0,0,0,0,0,0,0,13,0,0,0,0,0,0,0
c806c288aa6da6eb9562ef85fb6e2243,0,0,1,0,0,0,0,0,0,0,0,0,0,0,0,0,0,0,0,0,0,0,0,0,0,0,0,0,0,0,0,0,0,0,0,0,0
ca08fea73cc5c257a49b5d0f75b532b4,0,0,0,0,0,0,0,0,0,0,0,0,0,0,0,0,0,0,0,0,0,0,0,0,0,0,0,0,0,0,0,3,0,0,0,0,0
dda9eb885be0f17c6213525827c9ea4f,0,0,0,0,0,0,0,0,0,0,0,0,0,0,0,0,0,0,0,0,0,0,0,0,0,0,0,0,0,0,0,0,1,0,0,0,0
7610435d844ac77432ae5aa8e972d80d,0,0,0,0,0,0,0,0,0,0,0,0,0,2,0,0,0,0,0,0,0,0,0,0,0,0,0,0,0,0,0,0,0,0,0,0,0
1dec6b61700f9e3c861b183e9b5869b1,0,0,0,1,0,0,0,0,0,0,0,0,0,0,0,0,0,0,0,0,0,0,0,0,0,0,0,0,0,0,0,0,0,0,0,0,0
333025b359a3722289525571533aeca6,0,0,0,0,0,0,0,0,0,0,0,0,0,0,0,0,0,0,0,0,0,0,13,0,0,0,0,0,0,0,0,0,0,0,0,0,0
b3196e3ac04ec97f7db70a87b00f22e9,0,0,0,0,0,0,0,0,0,0,0,0,0,0,0,0,0,0,0,1,0,0,0,0,0,0,0,0,0,0,0,0,0,0,0,0,0
dad445d4271ec754d8c764bb9d2c9389,0,0,0,0,0,0,0,1,0,0,0,0,0,0,0,0,1,0,0,0,0,0,0,0,0,0,0,0,0,0,0,0,0,0,0,0,0
84c389444613f4200bbe74682ac83ee3,0,0,0,0,1,0,0,0,0,0,0,0,0,0,0,0,0,0,0,0,0,0,0,0,0,0,0,0,0,0,0,0,0,0,0,0,0
84898b48e3e740746f939aa208cc489b,0,0,0,0,0,1,0,0,0,0,0,0,0,0,0,0,0,0,0,0,0,0,0,0,0,0,0,0,0,0,0,0,0,0,0,0,0
8de260067ebc41731a04f55d6cf1cb09,0,0,0,0,0,0,0,0,0,0,0,0,4,0,0,0,0,0,0,0,0,0,0,0,0,0,0,0,0,0,0,0,0,0,0,0,0
c7337964e25a9010fe482efac3bd69b4,1,0,0,0,0,0,0,0,0,0,0,42,20,0,0,0,0,0,0,0,0,0,9,25,0,0,21,0,21,36,12,6,16,6,0,0,5
5f95355c72bf45d3978635befc6bcb28,0,0,0,0,0,0,0,0,0,0,0,0,0,0,0,0,7,0,0,0,0,0,0,0,0,0,0,0,0,0,0,0,0,0,0,0,0
02253a01b6c622a2a1c747ef3cf088f8,0,0,0,0,0,0,0,0,0,0,0,0,0,0,0,0,0,0,0,0,0,0,1,0,0,0,0,0,0,0,0,0,0,0,0,0,0
367d564dae26acdb7f4398492a3f40e7,0,0,0,0,0,0,0,0,0,0,0,0,0,0,0,0,0,0,0,0,0,0,0,0,0,0,0,0,6,0,0,0,0,0,0,0,0
d66b0aa524a0513414e4a658149e3953,0,0,0,0,0,0,0,0,0,0,0,0,0,0,0,0,0,0,0,0,0,0,0,0,0,0,0,0,8,0,0,0,0,0,0,0,0
dbbaed3f5cfcb1583f036ff97329b606,0,0,0,0,0,0,0,0,0,0,0,30,9,0,0,0,0,0,0,0,0,0,2,4,0,0,8,0,9,19,0,6,5,0,0,0,0
c18d323213b336761330bb23e734fe9f,0,0,0,0,0,0,0,0,0,0,0,0,0,0,0,0,0,0,0,0,0,0,0,0,4,0,0,0,3,0,0,0,0,0,3,0,0
eb75ad9a5a67b24d2336482e16dbce32,0,0,0,0,0,0,2,0,0,0,0,36,16,5,0,0,0,0,0,0,0,0,6,9,0,0,10,0,14,0,8,15,13,0,0,0,0
6d9fc502eb95da8eb7cf92551e0deecc,0,0,0,0,0,0,0,0,0,5,0,0,0,0,0,0,0,0,0,0,0,0,0,0,0,0,0,0,0,0,0,0,0,0,0,0,0
18aefec532a038fced5f8a17e04cad8d,0,0,0,0,0,0,0,0,0,0,0,9,0,0,0,0,0,0,0,0,0,0,0,0,0,0,0,0,1,0,0,0,0,0,0,0,0
1f6d713323dd143265b33ce115e01fc7,0,0,0,0,0,0,0,0,0,0,0,1,0,0,0,0,0,0,0,0,0,0,0,0,0,0,0,0,0,0,0,0,0,0,0,0,0
14d163baea3128e94b437d7095e768a5,0,0,0,0,0,0,0,0,0,0,0,41,19,0,2,0,1,0,0,0,0,0,5,4,0,0,0,2,22,15,6,16,18,6,0,0,6
cd7f0a626cc7f62ac85b124ecb9888b4,0,0,0,3,0,0,0,0,0,0,0,27,0,0,0,0,0,0,0,0,0,0,0,0,0,0,9,0,9,0,0,0,0,0,0,0,0
6b98bfa0e3b52900e193c7f340915628,0,0,0,11,0,0,0,0,0,0,0,16,2,0,0,0,0,0,0,0,0,0,0,9,0,0,0,0,8,10,0,0,0,12,0,0,0
694e97160e3f6964dfd16cca113ab941,0,0,0,0,0,0,3,0,0,0,0,28,11,0,0,0,0,0,0,0,0,11,0,5,0,0,5,0,10,9,0,3,2,0,0,0,0
4d55ffa3a896623e969ed49f7f35c925,0,0,0,0,0,0,0,0,0,0,2,38,25,0,0,0,0,0,0,0,0,0,8,25,16,0,0,17,41,25,12,21,21,0,11,0,0
6dc8af103724e2b0cf864117f9ab59c1,0,0,0,0,0,0,0,0,0,0,0,21,14,0,0,0,0,0,0,0,0,0,9,0,0,0,15,0,17,13,4,0,12,0,0,0,0
44c7e93679bca70d703db3630cc9f7d5,0,0,0,0,0,7,0,0,0,0,0,0,0,0,0,0,0,0,0,0,0,0,0,0,0,0,0,0,5,0,0,0,0,0,0,0,0
a65d81f2d00fac9837ebfa3d55a34cc4,0,0,0,0,0,0,0,0,0,0,0,0,0,0,0,0,4,0,0,0,0,0,0,0,0,0,0,0,0,0,0,0,0,0,0,0,0
258617c8b7383d62d0d50cc4f4541547,0,0,0,0,0,0,0,0,0,0,0,1,1,0,0,0,0,0,0,0,0,0,0,0,0,0,1,0,3,0,0,0,0,0,0,0,0
a0c33399b4f98d6bdda976fc84a1b976,0,0,0,0,0,0,0,0,0,0,0,0,0,0,0,0,0,0,0,0,0,0,8,0,0,0,0,0,6,0,0,0,0,0,0,0,0
b03c6050a0aa40bacde5a02f87fe4d8e,0,0,0,0,0,0,0,0,0,0,0,0,0,0,0,0,0,0,0,0,0,0,2,0,0,0,0,0,0,0,0,0,0,0,0,0,0
b26d0d36c4fa8dce3d6e782d85206853,0,0,0,0,0,0,0,0,0,0,0,0,0,0,0,0,0,0,0,0,0,0,0,0,0,0,0,0,8,0,0,0,0,0,0,0,0
318823e35a062e84b57ec2b89bdd9b6b,0,0,0,0,0,0,0,0,0,0,0,9,0,0,0,0,0,0,0,0,0,0,0,0,0,0,0,0,0,0,0,0,0,0,0,0,0
ccd993edc7cb38fb9f02797aa5227a99,0,0,0,0,2,0,0,0,0,0,0,36,10,0,0,14,0,0,0,10,0,0,4,9,0,6,8,0,16,20,0,5,0,0,0,0,0
c219be90a6a7ba21c314a28fe7777e81,0,0,0,0,0,0,4,3,0,0,0,0,0,0,0,0,0,0,0,0,0,0,0,0,0,0,0,0,3,0,0,0,0,0,0,0,0
5aaa1a86630df2d9ffdc1263f956f802,0,0,0,5,0,0,0,0,0,0,0,0,0,0,0,0,0,0,0,0,0,0,0,0,0,0,0,0,0,0,0,0,0,0,0,0,0
9ae8a21371143d2bb01daaee60aeba18,0,0,8,0,0,6,0,0,0,7,0,117,42,0,14,0,2,0,15,0,9,0,22,10,24,0,20,30,47,35,17,27,19,3,17,8,19
875db15c32d8cad4a90430fa41f7e385,0,9,0,0,0,0,0,0,0,0,0,28,20,0,0,0,0,0,0,0,0,0,0,0,0,0,8,0,17,0,0,0,0,0,0,0,0
34747838bd1f1d772942dba5d5bb9b3d,0,0,0,0,0,0,0,0,0,0,0,4,0,0,0,0,0,0,0,0,0,0,0,0,0,0,0,0,0,0,0,0,0,0,0,0,0
b135508a881f16b66eb404a912b468da,0,0,0,0,0,0,2,0,0,0,0,0,0,0,0,0,0,0,0,0,0,0,0,0,0,0,0,0,0,0,0,0,0,0,0,0,0
b60e11446de84631badc36ce229628ec,5,0,0,0,0,0,0,0,0,0,0,0,0,0,0,0,0,0,0,0,0,0,0,0,0,0,0,0,0,0,0,0,0,0,0,0,0
ce51785545e8c630f3d802a85be59489,0,0,0,0,0,0,0,0,0,0,0,0,0,0,0,0,0,0,0,0,0,0,0,0,1,0,0,0,0,0,0,0,0,0,0,0,0
5e4bc4d6f65da57a758f5aefb4914f86,0,3,0,0,0,0,0,0,0,0,0,0,0,0,0,0,0,0,0,0,0,0,0,0,0,0,0,0,0,0,0,0,0,0,0,0,0
a7ac24b1325ca632cd8e31cc540b000d,0,6,0,0,0,0,0,0,0,0,0,0,0,0,0,0,0,0,0,0,0,0,0,0,4,0,0,0,0,0,0,0,0,0,0,0,0
c445b451fdb8cf019c285c2566aed6df,0,0,0,0,0,0,0,0,0,6,0,0,0,0,0,0,0,0,0,0,0,0,0,0,0,0,0,0,0,0,0,0,0,0,0,0,0
15c414e5e0f90d7a26166c55edce834d,0,0,0,0,0,0,0,0,0,0,0,0,0,0,0,0,0,0,0,0,0,0,0,0,0,0,0,0,36,0,0,0,0,0,0,0,0
c6f87af32279f16789e3ea0a600eb8de,4,0,0,0,0,0,0,0,0,0,0,0,0,0,0,0,0,0,0,0,0,0,0,0,0,0,0,0,0,0,0,0,0,0,0,0,0
152e3b018bff35811b262971c2b8592b,0,0,0,0,0,0,0,0,0,0,0,0,0,0,0,0,0,0,0,0,0,0,0,0,0,0,0,0,0,0,0,5,0,0,0,0,0
2320bfeb094270efca15b67a562e0000,0,0,0,0,0,6,0,0,0,0,0,0,0,0,0,0,0,0,0,0,0,0,0,0,0,0,0,0,0,0,0,0,0,0,0,0,0
390d542718f2eda58a9f86be4b176d90,0,0,0,0,0,0,0,0,0,0,0,0,0,0,0,0,0,0,0,0,0,0,1,0,0,0,0,0,0,0,0,0,0,0,0,0,0
dd937e5e3e4d9085d4daf00a0ea682c6,5,0,0,0,0,0,0,0,0,0,0,0,0,0,0,0,0,0,0,0,0,0,0,0,0,0,0,0,0,0,0,0,0,0,0,0,0
ddb6bbdc73c480f351608fa3798064a8,0,0,0,0,0,0,0,0,0,0,0,0,0,4,0,0,0,0,0,0,0,0,0,0,0,0,0,0,0,0,0,0,0,0,0,0,0
d154cd69774c8ea1fa094bcdedc235ad,0,0,0,0,0,0,0,0,0,2,0,0,0,0,0,0,0,0,0,0,0,0,0,0,0,0,0,0,0,0,0,0,0,0,0,0,0
410a3b1fc97cf17f73365455b60ae4cd,0,0,0,0,0,0,0,0,9,0,0,0,0,0,0,0,0,0,0,0,0,0,0,0,0,0,0,0,0,0,0,0,0,0,0,0,0
0e122764446971ddcfcfa108ef93562d,0,0,0,0,0,0,0,0,0,0,0,6,0,0,0,0,0,0,0,0,0,0,0,0,0,0,0,0,0,0,0,0,0,0,0,0,0
d71677dcca08e681eeefe937ed90cf89,0,0,0,0,0,0,0,0,0,0,0,0,0,0,0,0,0,0,0,0,0,0,0,0,0,0,0,0,0,1,0,0,0,0,0,0,0
687d8c7a2a6ffbbdb875093c64c1ccb0,0,0,0,0,0,0,0,0,0,0,0,0,0,0,0,0,0,0,0,0,0,0,0,0,0,0,0,0,3,0,0,0,0,0,0,0,0
8d09e1f1b3d00caa9b868d2b0e7361df,0,0,0,0,0,4,0,0,0,0,0,0,0,0,0,0,0,0,0,0,0,0,0,0,0,0,0,0,0,0,0,0,0,0,0,0,0
999ade454d252e0b34cd09d9a7192b45,6,0,0,0,0,0,0,0,0,0,0,0,0,0,0,0,0,0,0,0,0,0,0,0,0,0,0,0,0,0,0,0,0,0,0,0,0
f94df8df2de64f69b39c1b35d2a4480e,0,0,0,0,0,0,0,0,0,0,0,5,0,0,0,0,0,0,0,0,0,0,0,0,0,0,0,0,0,0,0,0,0,0,0,0,0
cc52f763b64d042015df54fb6d347057,0,0,0,0,0,0,0,0,0,0,0,0,0,0,0,0,0,0,0,0,0,0,1,0,0,0,0,0,0,0,0,0,0,0,0,0,0
3a517e62298f4eda5cec84f4e9483a33,4,7,0,0,0,0,0,0,0,0,0,0,0,0,0,0,4,0,0,0,0,0,0,0,0,0,0,0,0,0,0,0,0,0,0,0,0
3005d250e6a7ff66cbbb1bf685438acb,0,0,0,0,0,0,0,0,0,0,0,0,0,0,0,0,0,0,0,0,0,0,0,0,0,0,0,0,0,0,0,0,2,0,0,0,0
4c1fe9bd717a6aeb2a0f591388d92107,0,0,0,0,0,0,0,0,0,0,0,0,0,0,0,0,0,0,0,0,0,0,0,0,0,0,0,0,0,1,0,0,0,0,0,0,0
db637df05454c447cf2c37dad09e122a,0,0,1,0,0,0,0,0,0,0,0,0,0,0,0,0,0,0,0,0,0,0,0,0,0,0,0,0,0,0,0,0,0,0,0,0,0
eb544a30f5f328bb2b15278245e69bcb,0,0,0,0,0,0,0,0,1,0,0,0,0,0,0,0,0,0,0,0,0,0,0,0,0,0,0,0,0,0,0,0,0,0,0,0,0
9b47ec4c0a7939f30838838a4147964c,0,0,0,0,0,0,0,0,0,0,0,0,0,0,0,0,0,0,0,0,0,0,0,0,0,0,0,0,0,0,0,0,0,7,0,0,0
b372e0fcb501db14158bf54d9796b706,6,0,0,0,0,0,0,0,0,0,0,0,0,0,0,0,0,0,0,0,0,0,0,0,0,0,0,0,0,0,0,0,0,3,0,0,0
9828cf7d49fa36061c0ad101e66b1eac,1,0,7,0,0,0,0,0,8,0,1,0,5,0,4,0,1,0,0,2,0,0,2,0,0,1,3,0,0,17,0,0,0,0,0,0,0
ac1baf03311248c42945967069e7b139,3,0,6,0,0,0,0,0,0,0,0,0,0,0,0,0,0,0,3,0,0,0,0,0,0,0,0,0,0,4,0,0,0,0,1,0,7
a66d609c4d3c01350a178a752ad9dfe4,0,0,0,0,0,0,0,0,0,0,0,0,0,0,0,0,0,0,0,0,0,0,1,0,0,0,0,0,0,0,0,0,0,0,0,0,0
e459563c3e040b2316f6a37e15dac08f,0,0,7,0,0,0,0,0,0,0,0,0,0,0,0,0,0,0,0,0,0,0,0,0,0,0,0,0,0,0,2,0,0,0,0,0,0
552ad3d3d10885d8ed5ff797acc5e08f,0,0,0,8,4,0,0,0,0,0,0,0,0,0,0,0,0,0,0,0,0,0,0,0,0,0,0,0,0,0,0,0,0,0,0,0,0
0dc37974a5018bf8fad509b266d396e8,0,0,1,5,0,0,0,0,0,0,0,0,0,0,0,0,0,0,0,0,0,0,0,0,0,0,0,0,0,0,0,0,0,0,0,0,0
f5eab2bedbc7820a8bc9b55f99d9ba5c,0,0,0,0,0,0,0,0,0,0,0,0,0,0,0,0,0,0,0,0,0,0,7,0,0,0,0,0,0,0,0,1,0,0,0,0,0
ce07b630e7dc82a5ff18d8fdd5f7e71f,0,0,0,0,0,0,0,0,0,0,0,0,0,0,0,0,0,0,0,0,0,0,75,0,1,11,0,0,4,13,0,0,0,0,0,0,0
5ab64132254465e08f626cfe932f7117,0,0,0,0,0,0,0,0,0,0,0,0,0,0,0,0,0,0,0,0,0,0,0,0,0,0,0,0,0,0,19,0,0,0,0,0,0
88dd4f14acd2cee43c8ce4694ee5b5bf,0,7,0,0,0,0,0,0,0,0,0,0,5,2,0,0,0,0,0,0,0,0,0,13,4,0,9,0,0,0,0,100,0,0,37,0,0
605a14b6726fe7b93a65433fb160e7c4,0,6,0,0,0,0,0,0,0,0,0,0,4,0,0,0,0,0,0,0,0,0,0,3,0,0,0,0,0,0,0,46,0,1,23,0,0
6b209b685c2029edc21e4e3b3c9a47f8,0,0,0,22,0,0,0,0,0,0,0,0,0,0,0,0,0,0,0,0,0,0,0,0,0,0,0,0,0,0,0,0,0,0,0,0,0
24b652fb46481e41fa3a1f97b6c1f5ae,5,0,39,20,0,17,0,0,0,7,0,0,0,0,0,0,0,0,0,0,0,0,171,0,0,7,0,3,6,0,53,54,56,15,12,28,0
3d7ea906e8a6a81dded1b5812f9411eb,4,0,0,0,0,0,0,0,0,0,0,20,58,0,0,0,0,0,0,0,0,1,10,0,0,0,0,2,0,0,4,0,0,0,0,3,0
b67c0937380f90099cf9b7ed7c2df4a2,2,0,0,0,0,0,0,0,0,0,0,0,0,0,0,0,0,0,0,0,0,0,0,0,0,0,0,0,0,0,0,0,0,0,0,0,0
311876408674368e1a954a3300f482ab,0,0,0,0,0,0,0,0,1,0,0,0,0,0,0,0,0,0,0,0,0,0,0,0,0,0,0,0,0,0,0,0,0,0,0,0,0
58ea549e7ad42a59b71295136041fad4,0,0,0,0,0,0,0,0,0,0,1,0,0,0,0,0,0,0,0,0,0,0,0,0,0,0,0,0,0,0,0,0,0,0,0,0,0
94312c4ddae291ae000456554565501c,0,0,0,0,0,0,0,0,0,0,0,0,0,0,0,0,0,0,0,0,0,0,0,0,0,0,0,1,0,0,0,0,0,0,0,0,0
7a6d65f0137c47a8cb812e42e9185705,0,0,0,0,0,0,0,0,0,0,0,0,0,0,0,0,0,0,0,0,0,0,0,0,0,0,0,0,0,0,0,1,0,0,0,0,0
